Site ID,Latitude,Longitude,Location method,Zone,RWC,CMA,Total depth (m),Suburb
WRK017733,-37.2369779,145.7117874,GLOBAL POSIT,55,Goulburn-Murray Water,Goulburn Broken CMA,30,Acheron
WRK016265,-37.40357568,143.6686438,GLOBAL POSIT,54,Goulburn-Murray Water,North Central CMA,108,Addington
WRK016266,-37.403624,143.668637,GLOBAL POSIT,54,Goulburn-Murray Water,North Central CMA,27,Addington
WRK985188,-37.72412361,144.6536654,GLOBAL POSIT,55,Southern Rural Water,Melbourne Water CMA,31.4,Aintree
WRK985191,-37.72414983,144.6536546,GLOBAL POSIT,55,Southern Rural Water,Melbourne Water CMA,65,Aintree
116460,-38.41139078,144.0929492,TRANSLATION,55,Southern Rural Water,Corangamite CMA,304,Aireys Inlet
86669,-38.00777835,147.0954264,GLOBAL POSIT,55,Southern Rural Water,West Gippsland CMA,191.85,Airly
86747,-38.02563868,147.1146615,TRANSLATION,55,,(Not set),17.4,Airly
115218,-38.02114278,147.1037166,TRANSLATION,55,,(Not set),14.3,Airly
126437,-38.05896617,147.0855316,TRANSLATION,55,,(Not set),16.5,Airly
131259,-38.03628283,147.1056749,TRANSLATION,55,Southern Rural Water,(Not set),14,Airly
135289,-38.03423315,147.0757033,TRANSLATION,55,Southern Rural Water,(Not set),10,Airly
143748,-38.02185669,147.1119205,TRANSLATION,55,Southern Rural Water,(Not set),10,Airly
143749,-38.0079008,147.0953825,TRANSLATION,55,Southern Rural Water,(Not set),9,Airly
WRK955744,-35.80188288,141.9879924,NOT KNOWN,54,,Wimmera CMA,10,Albacutya
119136,-38.60163239,146.6677601,Not known,55,,(Not set),11,Alberton
WRK957525,-38.60007779,146.6697987,NOT KNOWN,55,,West Gippsland CMA,10.5,Alberton
WRK957607,-38.62637431,146.6391884,NOT KNOWN,55,,West Gippsland CMA,5.76,Alberton
WRK957608,-38.62637431,146.6391884,NOT KNOWN,55,,West Gippsland CMA,9.47,Alberton
WRK957609,-38.62674276,146.6388534,NOT KNOWN,55,,West Gippsland CMA,23.2,Alberton
WRK957601,-38.60767335,146.6079848,NOT KNOWN,55,,West Gippsland CMA,5.28,Alberton West
WRK957602,-38.60767335,146.6079848,NOT KNOWN,55,,West Gippsland CMA,9.83,Alberton West
WRK957603,-38.60767335,146.6079848,NOT KNOWN,55,,West Gippsland CMA,19.37,Alberton West
77225,-37.78208902,144.81465,GPS - SKM VA,55,Southern Rural Water,Melbourne Water CMA,20,Albion
109588,-37.77062582,144.8174639,GPS - SKM VA,55,Southern Rural Water,Melbourne Water CMA,54.86,Albion
109605,-37.76921765,144.8064313,GPS - SKM VA,55,Southern Rural Water,Melbourne Water CMA,47,Albion
109606,-37.76921765,144.8064313,GPS - SKM VA,55,Southern Rural Water,Melbourne Water CMA,47,Albion
109607,-37.77034983,144.8056361,GPS - SKM VA,55,Southern Rural Water,Melbourne Water CMA,33,Albion
109608,-37.77034983,144.8056361,GPS - SKM VA,55,Southern Rural Water,Melbourne Water CMA,33,Albion
126149,-37.78209716,144.8146661,GPS - SKM VA,55,Southern Rural Water,Melbourne Water CMA,32,Albion
WRK017723,-37.19475573,145.7340816,GLOBAL POSIT,55,Goulburn-Murray Water,Goulburn Broken CMA,43,Alexandra
78550,-38.38939244,142.6313027,GLOBAL POSIT,54,Southern Rural Water,Glenelg Hopkins CMA,48.8,Allansford
141230,-38.42967558,142.6046558,GLOBAL POSIT,54,Southern Rural Water,Glenelg Hopkins CMA,20,Allansford
141911,-38.40837676,142.5663609,GLOBAL POSIT,54,Southern Rural Water,Glenelg Hopkins CMA,14,Allansford
141912,-38.408378,142.5663428,GLOBAL POSIT,54,Southern Rural Water,Glenelg Hopkins CMA,52,Allansford
91875,-37.35733298,143.924955,GLOBAL POSIT,54,Goulburn-Murray Water,North Central CMA,81,Allendale
96883,-37.85409607,144.8127623,GPS - SKM VA,55,Southern Rural Water,Melbourne Water CMA,41.15,Altona
109737,-37.8556465,144.802917,GPS - SKM VA,55,Southern Rural Water,Melbourne Water CMA,41.15,Altona
109738,-37.85564821,144.8029168,GPS - SKM VA,55,Southern Rural Water,Melbourne Water CMA,41.15,Altona
110870,-37.85551867,144.8387024,GPS - SKM VA,55,Southern Rural Water,Melbourne Water CMA,14.9,Altona
142670,-38.2418175,143.4950671,GPS - SKM VA,54,Southern Rural Water,Corangamite CMA,19,Alvie
142671,-38.21588223,143.4759077,GPS - SKM VA,54,Southern Rural Water,Corangamite CMA,19,Alvie
116788,-37.25064798,143.4638663,TRANSLATION,54,Grampians Wimmera Mallee Water,(Not set),53,Amphitheatre
116789,-37.23423673,143.4649841,TRANSLATION,54,Grampians Wimmera Mallee Water,(Not set),53,Amphitheatre
117792,-37.20707404,143.3463981,TRANSLATION,54,,(Not set),17.3,Amphitheatre
117793,-37.20707404,143.3463981,TRANSLATION,54,,(Not set),5.4,Amphitheatre
WRK956206,-37.20858554,143.3568835,NOT KNOWN,54,,North Central CMA,4,Amphitheatre
WRK956207,-37.20858554,143.3568835,NOT KNOWN,54,,North Central CMA,13,Amphitheatre
WRK956208,-37.20815763,143.3557435,NOT KNOWN,54,,North Central CMA,19,Amphitheatre
WRK956319,-37.18818503,143.3855472,NOT KNOWN,54,,North Central CMA,7,Amphitheatre
WRK956320,-37.18337479,143.4006014,NOT KNOWN,54,,North Central CMA,10,Amphitheatre
WRK956322,-37.18419525,143.4045809,NOT KNOWN,54,,North Central CMA,10,Amphitheatre
WRK956323,-37.19699811,143.3954003,NOT KNOWN,54,,North Central CMA,17.5,Amphitheatre
WRK957943,-37.18790236,143.4688019,NOT KNOWN,54,,North Central CMA,16,Amphitheatre
WRK957967,-37.20951586,143.3882583,NOT KNOWN,54,,North Central CMA,5.2,Amphitheatre
WRK957969,-37.20627914,143.3932376,NOT KNOWN,54,,North Central CMA,11.5,Amphitheatre
118948,-36.95250988,145.7657797,TRANSLATION,55,,(Not set),15,Ancona
118951,-36.96430786,145.7734528,TRANSLATION,55,,(Not set),12,Ancona
118952,-36.98605285,145.78434,TRANSLATION,55,,(Not set),12,Ancona
118953,-36.98605285,145.78434,TRANSLATION,55,,(Not set),4.5,Ancona
118957,-36.95471447,145.8050552,TRANSLATION,55,,(Not set),9.5,Ancona
118960,-36.99979968,145.8065979,TRANSLATION,55,,(Not set),7,Ancona
WRK957066,-36.96204282,145.7923338,NOT KNOWN,55,,Goulburn Broken CMA,14,Ancona
115867,-38.39300456,144.1490936,GLOBAL POSIT,55,Southern Rural Water,Corangamite CMA,495.7,Anglesea
115868,-38.4089887,144.1364053,GLOBAL POSIT,55,Southern Rural Water,Corangamite CMA,245.4,Anglesea
115873,-38.34462134,144.1672609,GLOBAL POSIT,55,Southern Rural Water,Corangamite CMA,360,Anglesea
116458,-38.34461996,144.1672037,GLOBAL POSIT,55,Southern Rural Water,Corangamite CMA,116,Anglesea
116459,-38.3938142,144.1486726,GLOBAL POSIT,55,Southern Rural Water,Corangamite CMA,253,Anglesea
119347,-38.34965662,144.1333524,GLOBAL POSIT,55,Southern Rural Water,Corangamite CMA,226,Anglesea
119349,-38.40506921,144.1980259,GLOBAL POSIT,55,Southern Rural Water,Corangamite CMA,343,Anglesea
122149,-38.39381,144.14854,Not known,55,Southern Rural Water,Corangamite CMA,400,Anglesea
26278,-34.7882755,142.7865325,TRANSLATION,54,,(Not set),24.5,Annuello
116984,-36.29474765,142.0192525,TRANSLATION,54,,(Not set),12.9,Antwerp
116985,-36.29474765,142.0192525,TRANSLATION,54,,(Not set),7,Antwerp
WRK955739,-36.24949587,141.9755444,NOT KNOWN,54,,Wimmera CMA,15.5,Antwerp
WRK955740,-36.24949587,141.9755444,NOT KNOWN,54,,Wimmera CMA,5,Antwerp
WRK955741,-36.24984182,141.9784425,NOT KNOWN,54,,Wimmera CMA,17,Antwerp
36180,-35.87008208,143.8622202,TRANSLATION,54,,(Not set),10,Appin
77853,-35.88224013,143.8502453,GPS - SKM VA,54,Goulburn-Murray Water,North Central CMA,178.5,Appin
77854,-35.88225435,143.8501988,GPS - SKM VA,54,Goulburn-Murray Water,North Central CMA,24,Appin
WRK957837,-35.87969862,143.863048,NOT KNOWN,54,,North Central CMA,7,Appin
WRK957838,-35.87883026,143.8609127,NOT KNOWN,54,,North Central CMA,7,Appin
WRK957839,-35.88267807,143.8571529,NOT KNOWN,54,,North Central CMA,8.5,Appin
WRK957842,-35.90091936,143.8865319,NOT KNOWN,54,,North Central CMA,8.5,Appin South
49426,-36.89310563,141.0376654,GLOBAL POSIT,54,Grampians Wimmera Mallee Water,Wimmera CMA,35.96,Apsley
51846,-36.90627674,141.1946776,GPS - SKM VA,54,Grampians Wimmera Mallee Water,Wimmera CMA,68.58,Apsley
82778,-36.97952241,141.0721349,GPS - SKM VA,54,Grampians Wimmera Mallee Water,Wimmera CMA,108,Apsley
82796,-36.97988323,141.0720386,GPS - SKM VA,54,Grampians Wimmera Mallee Water,Wimmera CMA,105,Apsley
140490,-36.96791293,141.005278,GLOBAL POSIT,54,Grampians Wimmera Mallee Water,Wimmera CMA,39,Apsley
8003114,-36.97784965,141.2039653,GLOBAL POSIT,54,Grampians Wimmera Mallee Water,Wimmera CMA,51,Apsley
WRK064738,-36.971297,141.0831167,TRANSLATION,54,Grampians Wimmera Mallee Water,(Not set),38.1,Apsley
WRK950425,-36.9227891,141.0958265,NOT KNOWN,54,Grampians Wimmera Mallee Water,Wimmera CMA,32,Apsley
WRK950426,-36.9228115,141.0957811,NOT KNOWN,54,Grampians Wimmera Mallee Water,Wimmera CMA,63,Apsley
117773,-37.25024211,143.0083936,TRANSLATION,54,,(Not set),17.6,Ararat
117774,-37.25024211,143.0083936,TRANSLATION,54,,(Not set),3.9,Ararat
117775,-37.25024211,143.0083936,TRANSLATION,54,,(Not set),25,Ararat
117776,-37.25024211,143.0083936,TRANSLATION,54,,(Not set),7.6,Ararat
117777,-37.25024211,143.0083936,TRANSLATION,54,,(Not set),17.6,Ararat
117778,-37.25696642,142.9837671,TRANSLATION,54,,(Not set),7.6,Ararat
117779,-37.25696642,142.9837671,TRANSLATION,54,,(Not set),4.8,Ararat
2913,-36.5557924,145.3723145,GPS - SKM VA,55,Goulburn-Murray Water,Goulburn Broken CMA,60,Arcadia
42723,-36.55583121,145.3723181,GPS - SKM VA,55,Goulburn-Murray Water,Goulburn Broken CMA,19,Arcadia
46189,-36.55555482,145.3723229,GPS - SKM VA,55,Goulburn-Murray Water,Goulburn Broken CMA,32,Arcadia
46190,-36.55592781,145.3723155,GPS - SKM VA,55,Goulburn-Murray Water,Goulburn Broken CMA,108.25,Arcadia
46193,-36.49918326,145.396491,GPS - SKM VA,55,Goulburn-Murray Water,Goulburn Broken CMA,128.5,Arcadia
46194,-36.49919095,145.3965197,GPS - SKM VA,55,Goulburn-Murray Water,Goulburn Broken CMA,16,Arcadia
46196,-36.49918188,145.3965359,GPS - SKM VA,55,Goulburn-Murray Water,Goulburn Broken CMA,94,Arcadia
46198,-36.49917742,145.397002,GPS - SKM VA,55,Goulburn-Murray Water,Goulburn Broken CMA,55,Arcadia
46199,-36.49917352,145.3970138,GPS - SKM VA,55,Goulburn-Murray Water,Goulburn Broken CMA,24,Arcadia
46211,-36.55512544,145.4283695,GPS - SKM VA,55,Goulburn-Murray Water,Goulburn Broken CMA,56,Arcadia
145274,-36.60603533,145.318485,GPS - SKM VA,55,Goulburn-Murray Water,Goulburn Broken CMA,20.5,Arcadia
145275,-36.60611289,145.3184751,GPS - SKM VA,55,Goulburn-Murray Water,Goulburn Broken CMA,78.5,Arcadia
WRK008294,-36.58977164,145.3107814,G-MW <30M VA,55,Goulburn-Murray Water,(Not set),50.2,Arcadia
79907,-36.61223805,145.3291253,GPS - SKM VA,55,Goulburn-Murray Water,Goulburn Broken CMA,22,Arcadia South
WRK017771,-36.61131642,145.3599213,GLOBAL POSIT,55,Goulburn-Murray Water,Goulburn Broken CMA,96,Arcadia South
WRK017772,-36.61130756,145.3599327,GLOBAL POSIT,55,Goulburn-Murray Water,Goulburn Broken CMA,90,Arcadia South
WRK053354,-36.61059693,145.387777,GLOBAL POSIT,55,Goulburn-Murray Water,Goulburn Broken CMA,76,Arcadia South
WRK053355,-36.61059693,145.387777,GLOBAL POSIT,55,Goulburn-Murray Water,Goulburn Broken CMA,50,Arcadia South
58112,-36.82842093,143.4946943,GPS - SKM VA,54,Grampians Wimmera Mallee Water,North Central CMA,62,Archdale
8003932,-36.82850394,143.4947239,GLOBAL POSIT,54,Grampians Wimmera Mallee Water,North Central CMA,18,Archdale
8003933,-36.82851788,143.4947468,GLOBAL POSIT,54,Grampians Wimmera Mallee Water,North Central CMA,62,Archdale
WRK957780,-36.83042151,143.5014658,NOT KNOWN,54,,North Central CMA,8.5,Archdale
WRK957781,-36.82830702,143.4961615,NOT KNOWN,54,,North Central CMA,7,Archdale
116540,-36.8834054,143.5069813,TRANSLATION,54,Grampians Wimmera Mallee Water,(Not set),78,Archdale Junction
WRK956366,-36.87825086,143.4621469,NOT KNOWN,54,,North Central CMA,10,Archdale Junction
81069,-36.34312653,145.2960933,GPS - SKM VA,55,Goulburn-Murray Water,Goulburn Broken CMA,130,Ardmona
81072,-36.34312963,145.2966964,GPS - SKM VA,55,Goulburn-Murray Water,Goulburn Broken CMA,51.35,Ardmona
81109,-36.34312637,145.2961078,GPS - SKM VA,55,Goulburn-Murray Water,Goulburn Broken CMA,16,Ardmona
95819,-36.41092717,145.2956778,GLOBAL POSIT,55,Goulburn-Murray Water,Goulburn Broken CMA,92,Ardmona
95820,-36.4109273,145.2956489,GPS - SKM VA,55,Goulburn-Murray Water,Goulburn Broken CMA,80,Ardmona
109618,-36.34312201,145.2957959,GPS - SKM VA,55,Goulburn-Murray Water,Goulburn Broken CMA,32,Ardmona
109619,-36.34312201,145.2957959,GPS - SKM VA,55,Goulburn-Murray Water,Goulburn Broken CMA,32,Ardmona
46488,-37.39966251,143.7913584,GLOBAL POSIT,54,Goulburn-Murray Water,North Central CMA,130.5,Ascot
119342,-37.39966277,143.7913471,GLOBAL POSIT,54,Goulburn-Murray Water,North Central CMA,87,Ascot
36413,-36.49964818,144.0445826,GLOBAL POSIT,55,Goulburn-Murray Water,North Central CMA,25,Auchmore
36414,-36.49962089,144.0445725,GLOBAL POSIT,55,Goulburn-Murray Water,North Central CMA,10.09,Auchmore
36447,-36.45516114,144.0831642,GLOBAL POSIT,55,Goulburn-Murray Water,North Central CMA,25,Auchmore
36448,-36.45516987,144.0831527,GLOBAL POSIT,55,Goulburn-Murray Water,North Central CMA,10.18,Auchmore
36449,-36.45535651,144.1018983,GLOBAL POSIT,55,Goulburn-Murray Water,North Central CMA,25,Auchmore
36450,-36.45529403,144.101923,GLOBAL POSIT,55,Goulburn-Murray Water,North Central CMA,8.26,Auchmore
36451,-36.45519578,144.1086423,GLOBAL POSIT,55,Goulburn-Murray Water,North Central CMA,25,Auchmore
36452,-36.45519497,144.1086089,GPS - SKM VA,55,Goulburn-Murray Water,North Central CMA,6.04,Auchmore
36453,-36.45832734,144.1196263,GLOBAL POSIT,55,Goulburn-Murray Water,North Central CMA,24,Auchmore
36454,-36.45834669,144.1196814,GLOBAL POSIT,55,Goulburn-Murray Water,North Central CMA,8.75,Auchmore
36455,-36.45834068,144.1373976,GLOBAL POSIT,55,Goulburn-Murray Water,North Central CMA,25,Auchmore
108319,-36.51848887,144.0466787,GLOBAL POSIT,55,Goulburn-Murray Water,North Central CMA,43,Auchmore
108320,-36.51848042,144.0467013,GLOBAL POSIT,55,Goulburn-Murray Water,North Central CMA,80,Auchmore
108321,-36.5184897,144.0467121,GLOBAL POSIT,55,Goulburn-Murray Water,North Central CMA,20,Auchmore
109930,-36.51870744,144.046749,GLOBAL POSIT,55,Goulburn-Murray Water,North Central CMA,103,Auchmore
118088,-36.48147226,144.0444058,TRANSLATION,55,,(Not set),11,Auchmore
118089,-36.48147226,144.0444058,TRANSLATION,55,,(Not set),5,Auchmore
WRK006221,-36.43423213,144.0723495,G-MW DESKTOP,55,Goulburn-Murray Water,(Not set),87.7,Auchmore
WRK007779,-36.43443483,144.0861488,G-MW DESKTOP,55,Goulburn-Murray Water,(Not set),126,Auchmore
WRK117038,-36.5186379,144.0467489,Not known,55,Goulburn-Murray Water,North Central CMA,,Auchmore
WRK952863,-36.5010347,144.0860402,GLOBAL POSIT,55,Goulburn-Murray Water,North Central CMA,77,Auchmore
121451,-38.05837666,144.448919,GPS - SKM VA,55,Southern Rural Water,Corangamite CMA,10,Avalon
28047,-36.86898534,145.1695297,GPS - SKM VA,55,Goulburn-Murray Water,Goulburn Broken CMA,43,Avenel
45744,-36.86897369,145.1695163,GPS - SKM VA,55,Goulburn-Murray Water,Goulburn Broken CMA,13,Avenel
46702,-36.89020362,145.1914043,GPS - SKM VA,55,Goulburn-Murray Water,Goulburn Broken CMA,47,Avenel
46703,-36.89021153,145.1914209,GPS - SKM VA,55,Goulburn-Murray Water,Goulburn Broken CMA,18,Avenel
110147,-36.87533421,145.221032,GPS - SKM VA,55,Goulburn-Murray Water,Goulburn Broken CMA,28,Avenel
110148,-36.87533858,145.2209987,GPS - SKM VA,55,Goulburn-Murray Water,Goulburn Broken CMA,6.5,Avenel
110462,-36.89398181,145.2012987,GPS - SKM VA,55,Goulburn-Murray Water,Goulburn Broken CMA,30,Avenel
WRK006443,-36.86785466,145.1737511,G-MW <30M VA,55,Goulburn-Murray Water,(Not set),35,Avenel
WRK007789,-36.89006994,145.2271289,G-MW <100M V,55,Goulburn-Murray Water,(Not set),140.2,Avenel
8003930,-37.0734687,143.4379742,GLOBAL POSIT,54,Grampians Wimmera Mallee Water,North Central CMA,44,Avoca
8003931,-37.07349108,143.4379816,GLOBAL POSIT,54,Grampians Wimmera Mallee Water,North Central CMA,50,Avoca
WRK956324,-37.12859093,143.4354709,NOT KNOWN,54,,North Central CMA,9999,Avoca
117917,-36.56555197,142.9357657,TRANSLATION,54,,(Not set),19.7,Avon Plains
117938,-36.50217242,142.9531664,TRANSLATION,54,,(Not set),20,Avon Plains
117939,-36.50217242,142.9531664,TRANSLATION,54,,(Not set),9,Avon Plains
WRK956422,-36.53890624,142.9397207,NOT KNOWN,54,,North Central CMA,20,Avon Plains
WRK956423,-36.53890624,142.9397207,NOT KNOWN,54,,North Central CMA,5,Avon Plains
WRK956424,-36.53697785,142.9402422,NOT KNOWN,54,,North Central CMA,18,Avon Plains
WRK956425,-36.53697785,142.9402422,NOT KNOWN,54,,North Central CMA,5.5,Avon Plains
WRK956426,-36.53471628,142.9407442,NOT KNOWN,54,,North Central CMA,18,Avon Plains
WRK956427,-36.53471628,142.9407442,NOT KNOWN,54,,North Central CMA,5.5,Avon Plains
WRK956429,-36.53065126,142.9412904,NOT KNOWN,54,,North Central CMA,5,Avon Plains
WRK956430,-36.56205858,142.9282771,NOT KNOWN,54,,North Central CMA,15,Avon Plains
WRK956432,-36.56516157,142.9292481,NOT KNOWN,54,,North Central CMA,15.6,Avon Plains
WRK957954,-36.54341856,142.9310534,NOT KNOWN,54,,North Central CMA,20,Avon Plains
WRK957956,-36.54742066,142.9221266,NOT KNOWN,54,,North Central CMA,18,Avon Plains
WRK957957,-36.54841694,142.927413,NOT KNOWN,54,,North Central CMA,20,Avon Plains
WRK957958,-36.55136273,142.9219338,NOT KNOWN,54,,North Central CMA,19,Avon Plains
WRK957960,-36.56108277,142.9317612,NOT KNOWN,54,,North Central CMA,19,Avon Plains
WRK957961,-36.56618007,142.9386931,NOT KNOWN,54,,North Central CMA,20,Avon Plains
62590,-36.51646119,144.5600886,GPS - SKM VA,55,Goulburn-Murray Water,North Central CMA,123,Avonmore
62595,-36.55967926,144.5864059,GPS - SKM VA,55,Goulburn-Murray Water,North Central CMA,85,Avonmore
62597,-36.51651044,144.5782878,GPS - SKM VA,55,Goulburn-Murray Water,North Central CMA,20,Avonmore
62599,-36.55959931,144.5864171,GLOBAL POSIT,55,Goulburn-Murray Water,North Central CMA,17,Avonmore
111204,-36.51651805,144.5782699,GPS - SKM VA,55,Goulburn-Murray Water,North Central CMA,124,Avonmore
WRK007138,-36.53566074,144.5651151,G-MW <30M VA,55,Goulburn-Murray Water,(Not set),50.6,Avonmore
WRK009321,-36.54805912,144.5707022,NOT KNOWN,55,Goulburn-Murray Water,(Not set),51.5,Avonmore
WRK009608,-36.55733294,144.5844321,NOT KNOWN,55,Goulburn-Murray Water,(Not set),88,Avonmore
WRK015506,-36.56307169,144.5473217,G-MW FIELD V,55,Goulburn-Murray Water,(Not set),68,Avonmore
WRK016789,-36.55463372,144.568262,G-MW DESKTOP,55,Goulburn-Murray Water,(Not set),73,Avonmore
116548,-36.84258904,144.4207386,TRANSLATION,55,,(Not set),30,Axe Creek
116549,-36.84436607,144.4195576,TRANSLATION,55,,(Not set),30,Axe Creek
116550,-36.83800106,144.4169685,TRANSLATION,55,,(Not set),30,Axe Creek
116551,-36.85977134,144.4027771,TRANSLATION,55,,(Not set),30,Axe Creek
116552,-36.86020934,144.4022011,TRANSLATION,55,,(Not set),30,Axe Creek
116553,-36.85743336,144.3989311,TRANSLATION,55,,(Not set),30,Axe Creek
116554,-36.81133419,144.3926464,TRANSLATION,55,,(Not set),49,Axe Creek
116555,-36.88472084,144.369397,TRANSLATION,55,,(Not set),50,Axe Creek
116556,-36.88609583,144.370472,TRANSLATION,55,,(Not set),50,Axe Creek
116561,-36.89660304,144.3566464,TRANSLATION,55,,(Not set),100,Axe Creek
116567,-36.84356201,144.4240695,TRANSLATION,55,,(Not set),10,Axe Creek
116568,-36.87678971,144.3775218,TRANSLATION,55,,(Not set),50,Axe Creek
118430,-36.87677671,144.3769608,TRANSLATION,55,,(Not set),11.6,Axe Creek
118431,-36.87677671,144.3769608,TRANSLATION,55,,(Not set),4.9,Axe Creek
82999,-36.72539976,144.5343026,GPS - SKM VA,55,Goulburn-Murray Water,North Central CMA,54,Axedale
144966,-37.67402813,144.4460443,GLOBAL POSIT,55,Southern Rural Water,Melbourne Water CMA,25.4,Bacchus Marsh
144967,-37.67404012,144.4460402,GLOBAL POSIT,55,Southern Rural Water,Melbourne Water CMA,13.4,Bacchus Marsh
144968,-37.66344315,144.4466069,GLOBAL POSIT,55,Southern Rural Water,Melbourne Water CMA,30,Bacchus Marsh
144969,-37.66344907,144.4466473,GLOBAL POSIT,55,Southern Rural Water,Melbourne Water CMA,12.7,Bacchus Marsh
144970,-37.65180765,144.4408198,GLOBAL POSIT,55,Southern Rural Water,Melbourne Water CMA,25,Bacchus Marsh
144971,-37.65177675,144.440841,GLOBAL POSIT,55,Southern Rural Water,Melbourne Water CMA,6,Bacchus Marsh
144972,-37.68600587,144.4624847,GLOBAL POSIT,55,Southern Rural Water,Melbourne Water CMA,12.5,Bacchus Marsh
144973,-37.6860149,144.4624898,GLOBAL POSIT,55,Southern Rural Water,Melbourne Water CMA,25,Bacchus Marsh
101437,-36.62852722,145.9029006,GPS - SKM VA,55,Goulburn-Murray Water,Goulburn Broken CMA,36,Baddaginnie
116696,-36.64858955,145.8411265,TRANSLATION,55,Goulburn-Murray Water,(Not set),50,Baddaginnie
118673,-36.63361958,145.8312844,TRANSLATION,55,,(Not set),9,Baddaginnie
118858,-36.64080913,145.8759188,TRANSLATION,55,,(Not set),10,Baddaginnie
WRK956928,-36.6418473,145.8465479,NOT KNOWN,55,,Goulburn Broken CMA,19,Baddaginnie
WRK957002,-36.63219125,145.8679987,NOT KNOWN,55,,Goulburn Broken CMA,21.27,Baddaginnie
WRK957003,-36.65005613,145.8850104,NOT KNOWN,55,,Goulburn Broken CMA,10.2,Baddaginnie
WRK957006,-36.6417159,145.8964286,NOT KNOWN,55,,Goulburn Broken CMA,17.84,Baddaginnie
WRK957007,-36.63589234,145.9200119,NOT KNOWN,55,,Goulburn Broken CMA,21.64,Baddaginnie
WRK957035,-36.64893035,145.8425939,NOT KNOWN,55,,Goulburn Broken CMA,21.6,Baddaginnie
WRK957036,-36.6488425,145.8428301,NOT KNOWN,55,,Goulburn Broken CMA,49.19,Baddaginnie
WRK957037,-36.65022791,145.8434695,NOT KNOWN,55,,Goulburn Broken CMA,24.59,Baddaginnie
WRK957038,-36.64875693,145.8433013,NOT KNOWN,55,,Goulburn Broken CMA,19.97,Baddaginnie
26875,-35.66500207,143.7676242,TRANSLATION,54,,(Not set),12.12,Bael Bael
26879,-35.65807617,143.7552373,TRANSLATION,54,,(Not set),10.42,Bael Bael
26883,-35.68209336,143.7494347,TRANSLATION,54,,(Not set),10.99,Bael Bael
26884,-35.68186625,143.7593696,TRANSLATION,54,,(Not set),24,Bael Bael
26886,-35.64200359,143.7088617,TRANSLATION,54,,(Not set),9.43,Bael Bael
WRK957816,-35.73514055,143.7334993,NOT KNOWN,54,,North Central CMA,14,Bael Bael
46956,-36.73860757,145.1074856,GPS - SKM VA,55,Goulburn-Murray Water,Goulburn Broken CMA,32,Bailieston
46957,-36.73861837,145.1074473,GPS - SKM VA,55,Goulburn-Murray Water,Goulburn Broken CMA,15,Bailieston
140280,-37.81244004,147.5966099,GPS - SKM VA,55,Southern Rural Water,East Gippsland CMA,14,Bairnsdale
117876,-37.44172442,143.832166,TRANSLATION,54,Goulburn-Murray Water,North Central CMA,10.7,Bald Hills
142712,-38.27928507,143.5831435,GPS - SKM VA,54,Southern Rural Water,Corangamite CMA,23,Balintore
WRK051532,-37.601081,144.246776,GLOBAL POSIT,55,Southern Rural Water,Melbourne Water CMA,,Ballan
WRK052100,-37.601074,144.2468,GLOBAL POSIT,55,Southern Rural Water,Melbourne Water CMA,,Ballan
WRK992387,-37.601085,144.246759,GLOBAL POSIT,55,Southern Rural Water,Melbourne Water CMA,150,Ballan
110109,-38.1645187,142.5534935,GPS - SKM VA,54,Southern Rural Water,Glenelg Hopkins CMA,44,Ballangeich
8002841,-35.9655091,142.6990054,GLOBAL POSIT,54,Grampians Wimmera Mallee Water,Mallee CMA,37,Ballapur
89576,-36.31545563,144.6449575,GPS - SKM VA,55,Goulburn-Murray Water,North Central CMA,126.5,Ballendella
89585,-36.29947092,144.6883345,GPS - SKM VA,55,Goulburn-Murray Water,North Central CMA,127.65,Ballendella
89597,-36.29945907,144.6883138,GPS - SKM VA,55,Goulburn-Murray Water,North Central CMA,8.5,Ballendella
WRK006585,-36.27814002,144.65198,G-MW <30M VA,55,Goulburn-Murray Water,(Not set),130,Ballendella
WRK010169,-36.27815002,144.65191,G-MW DESKTOP,55,Goulburn-Murray Water,(Not set),,Ballendella
WRK016400,-36.2965975,144.6485619,NOT KNOWN,55,Goulburn-Murray Water,(Not set),6.3,Ballendella
WRK956807,-37.88528069,144.3828514,NOT KNOWN,55,,Melbourne Water CMA,20,Balliang
WRK956808,-37.88528069,144.3828514,NOT KNOWN,55,,Melbourne Water CMA,5,Balliang
WRK956809,-37.87353802,144.3815621,NOT KNOWN,55,,Melbourne Water CMA,10,Balliang
WRK956810,-37.86551049,144.3852562,NOT KNOWN,55,,Melbourne Water CMA,10,Balliang
WRK956812,-37.87462636,144.349683,NOT KNOWN,55,,Melbourne Water CMA,20,Balliang
WRK956820,-37.85579579,144.3537672,NOT KNOWN,55,,Melbourne Water CMA,10,Balliang
47356,-37.47873866,143.094548,GLOBAL POSIT,54,Southern Rural Water,Glenelg Hopkins CMA,61.8,Ballyrogan
47357,-37.47876663,143.0945714,GLOBAL POSIT,54,Southern Rural Water,Glenelg Hopkins CMA,45,Ballyrogan
WRK956977,-36.75312015,145.680818,NOT KNOWN,55,,Goulburn Broken CMA,11.15,Balmattum
WRK956983,-36.72798853,145.637597,NOT KNOWN,55,,Goulburn Broken CMA,19.67,Balmattum
WRK956987,-36.72057173,145.6599881,NOT KNOWN,55,,Goulburn Broken CMA,20.5,Balmattum
WRK955851,-37.14796977,141.8887405,NOT KNOWN,54,,Glenelg Hopkins CMA,14.43,Balmoral
WRK955852,-37.1467616,141.8875778,NOT KNOWN,54,,Glenelg Hopkins CMA,7.79,Balmoral
WRK955853,-37.15298962,141.8706461,NOT KNOWN,54,,Glenelg Hopkins CMA,8.24,Balmoral
WRK955854,-37.15212824,141.870107,NOT KNOWN,54,,Glenelg Hopkins CMA,6.48,Balmoral
WRK955855,-37.16448512,141.8739429,NOT KNOWN,54,,Glenelg Hopkins CMA,3.52,Balmoral
WRK955856,-37.15204528,141.8837545,NOT KNOWN,54,,Glenelg Hopkins CMA,6.89,Balmoral
47247,-36.25630421,144.7114417,GPS - SKM VA,55,Goulburn-Murray Water,North Central CMA,128.01,Bamawm
47248,-36.25629468,144.711491,GPS - SKM VA,55,Goulburn-Murray Water,North Central CMA,26.51,Bamawm
47249,-36.25630092,144.7113461,GPS - SKM VA,55,Goulburn-Murray Water,North Central CMA,14.02,Bamawm
47250,-36.25589819,144.6697386,GPS - SKM VA,55,Goulburn-Murray Water,North Central CMA,128.01,Bamawm
47251,-36.2558959,144.6698478,GPS - SKM VA,55,Goulburn-Murray Water,North Central CMA,27.43,Bamawm
47253,-36.25634579,144.6358693,GPS - SKM VA,55,Goulburn-Murray Water,North Central CMA,177.5,Bamawm
47254,-36.25634578,144.6358625,GPS - SKM VA,55,Goulburn-Murray Water,North Central CMA,30,Bamawm
47255,-36.25595103,144.669723,GPS - SKM VA,55,Goulburn-Murray Water,North Central CMA,118,Bamawm
60137,-36.29917523,144.5760226,GLOBAL POSIT,55,Goulburn-Murray Water,North Central CMA,70,Bamawm
60139,-36.30050883,144.6026529,GPS - SKM VA,55,Goulburn-Murray Water,North Central CMA,127,Bamawm
60183,-36.29917367,144.5760389,GLOBAL POSIT,55,Goulburn-Murray Water,North Central CMA,6,Bamawm
60184,-36.300525,144.602635,GPS - SKM VA,55,Goulburn-Murray Water,North Central CMA,10,Bamawm
WRK005721,-36.30874771,144.6280629,G-MW DESKTOP,55,,(Not set),14.6,Bamawm
WRK005896,-36.29423741,144.6349691,Water Regist,55,Goulburn-Murray Water,(Not set),133,Bamawm
WRK006102,-36.30741666,144.6254863,NOT KNOWN,55,Goulburn-Murray Water,(Not set),10.97,Bamawm
WRK006535,-36.2710025,144.6200006,G-MW <30M VA,55,Goulburn-Murray Water,(Not set),120,Bamawm
WRK006587,-36.27741002,144.63038,G-MW <30M VA,55,Goulburn-Murray Water,(Not set),135,Bamawm
WRK007172,-36.24523095,144.6209304,G-MW <30M VA,55,Goulburn-Murray Water,(Not set),135,Bamawm
WRK007948,-36.28520335,144.6393017,G-MW FIELD V,55,Goulburn-Murray Water,(Not set),138,Bamawm
WRK008293,-36.30966002,144.61976,G-MW DESKTOP,55,Goulburn-Murray Water,(Not set),122.5,Bamawm
WRK008306,-36.28390493,144.6343036,G-MW <30M VA,55,Goulburn-Murray Water,(Not set),144,Bamawm
WRK010266,-36.29340002,144.6242,G-MW <30M VA,55,Goulburn-Murray Water,(Not set),10.1,Bamawm
WRK010357,-36.29265002,144.57639,G-MW <30M VA,55,Goulburn-Murray Water,(Not set),11.5,Bamawm
WRK010435,-36.26619002,144.61978,G-MW <30M VA,55,Goulburn-Murray Water,North Central CMA,116,Bamawm
WRK010817,-36.24542115,144.5852928,G-MW <30M VA,55,Goulburn-Murray Water,North Central CMA,60,Bamawm
WRK011045,-36.23227383,144.6096609,NOT KNOWN,55,Goulburn-Murray Water,North Central CMA,143,Bamawm
WRK011060,-36.26042431,144.6174504,G-MW <30M VA,55,Goulburn-Murray Water,(Not set),108,Bamawm
WRK012066,-36.29845002,144.61006,G-MW <30M VA,55,Goulburn-Murray Water,North Central CMA,40,Bamawm
WRK013004,-36.27636248,144.6207617,G-MW <30M VA,55,Goulburn-Murray Water,(Not set),16.5,Bamawm
WRK014407,-36.27094226,144.6196907,GLOBAL POSIT,55,Goulburn-Murray Water,(Not set),,Bamawm
WRK006488,-36.16037002,144.60091,G-MW DESKTOP,55,Goulburn-Murray Water,(Not set),150,Bamawm Extension
WRK007297,-36.22216002,144.61383,G-MW <30M VA,55,Goulburn-Murray Water,(Not set),7.5,Bamawm Extension
WRK007771,-36.15153002,144.62012,G-MW <30M VA,55,Goulburn-Murray Water,(Not set),125,Bamawm Extension
WRK007774,-36.22492235,144.5732565,Water Regist,55,Goulburn-Murray Water,(Not set),125,Bamawm Extension
WRK008630,-36.21091763,144.6150521,G-MW DESKTOP,55,Goulburn-Murray Water,North Central CMA,6,Bamawm Extension
WRK092680,-36.15147007,144.6200273,NOT KNOWN,55,Goulburn-Murray Water,(Not set),121.8,Bamawm Extension
107716,-38.36145666,143.9377192,GLOBAL POSIT,54,Southern Rural Water,Corangamite CMA,254,Bambra
107717,-38.36148118,143.9377476,GLOBAL POSIT,54,Southern Rural Water,Corangamite CMA,193.5,Bambra
26211,-34.71774682,142.8315345,TRANSLATION,54,,(Not set),53.1,Bannerton
26237,-34.69653963,142.7572719,TRANSLATION,54,,(Not set),29.4,Bannerton
26239,-34.69709174,142.797333,TRANSLATION,54,,(Not set),25.5,Bannerton
26246,-34.80113196,142.7353567,TRANSLATION,54,,(Not set),25.5,Bannerton
26274,-34.69597981,142.8703409,TRANSLATION,54,,(Not set),25.7,Bannerton
110127,-34.69740267,142.7970788,TRANSLATION,54,,(Not set),26,Bannerton
116573,-36.57043322,142.8263753,TRANSLATION,54,Grampians Wimmera Mallee Water,(Not set),51,Banyena
116629,-36.61265303,142.8648275,TRANSLATION,54,Grampians Wimmera Mallee Water,(Not set),64,Banyena
117147,-36.61020219,142.8485567,TRANSLATION,54,,(Not set),8.6,Banyena
117934,-36.56953221,142.8263543,TRANSLATION,54,,(Not set),19.7,Banyena
WRK017612,-37.11229272,144.5118262,GLOBAL POSIT,55,Goulburn-Murray Water,North Central CMA,55,Barfold
WRK068061,-36.9346499,143.9603677,GLOBAL POSIT,54,Goulburn-Murray Water,(Not set),72,Baringhup
WRK088137,-36.95048284,143.9644803,NOT KNOWN,55,Goulburn-Murray Water,(Not set),78,Baringhup
138651,-36.97742279,143.9072938,GLOBAL POSIT,54,Goulburn-Murray Water,North Central CMA,66,Baringhup West
138652,-36.97741021,143.9074394,GLOBAL POSIT,54,Goulburn-Murray Water,North Central CMA,29,Baringhup West
WRK061572,-36.95012837,143.9467194,NOT KNOWN,54,Goulburn-Murray Water,(Not set),50,Baringhup West
116702,-36.99622616,143.2275411,TRANSLATION,54,Grampians Wimmera Mallee Water,(Not set),78,Barkly
65875,-36.64614603,144.5400105,GPS - SKM VA,55,Goulburn-Murray Water,North Central CMA,64,Barnadown
WRK005808,-36.65486802,144.5098403,G-MW DESKTOP,55,,(Not set),15.2,Barnadown
WRK005812,-36.65854002,144.50766,G-MW <30M VA,55,Goulburn-Murray Water,(Not set),20,Barnadown
WRK059889,-36.6498658,144.5143557,NOT KNOWN,55,Goulburn-Murray Water,North Central CMA,66,Barnadown
WRK053313,-36.0977491,146.6724014,GLOBAL POSIT,55,Goulburn-Murray Water,North East CMA,102,Barnawartha
WRK053314,-36.0977819,146.6723966,GLOBAL POSIT,55,Goulburn-Murray Water,North East CMA,14,Barnawartha
WRK957199,-36.08988547,146.7335306,NOT KNOWN,55,,North East CMA,35.7,Barnawartha North
WRK957200,-36.08433304,146.7341158,NOT KNOWN,55,,North East CMA,11.75,Barnawartha North
WRK957210,-36.07099177,146.7310179,NOT KNOWN,55,,North East CMA,18.64,Barnawartha North
WRK957211,-36.0602419,146.7377945,NOT KNOWN,55,,North East CMA,12.69,Barnawartha North
47987,-38.42956163,143.6085641,GLOBAL POSIT,54,Southern Rural Water,Corangamite CMA,110,Barongarook
47992,-38.4084043,143.5968794,GPS - SKM VA,54,Southern Rural Water,Corangamite CMA,73.3,Barongarook
47994,-38.41782997,143.5828478,GPS - SKM VA,54,Southern Rural Water,Corangamite CMA,56,Barongarook
47996,-38.43847765,143.6080585,GLOBAL POSIT,54,Southern Rural Water,Corangamite CMA,94,Barongarook
47999,-38.42361464,143.5967721,GPS - SKM VA,54,Southern Rural Water,Corangamite CMA,130,Barongarook
48000,-38.40609115,143.6128371,GPS - SKM VA,54,Southern Rural Water,Corangamite CMA,63,Barongarook
48001,-38.44156731,143.6287165,GLOBAL POSIT,54,Southern Rural Water,Corangamite CMA,43,Barongarook
48002,-38.41829294,143.6481978,TRANSLATION,54,Southern Rural Water,Corangamite CMA,23.3,Barongarook
64243,-38.41944884,143.6568297,TRANSLATION,54,Southern Rural Water,Corangamite CMA,91.9,Barongarook
113705,-38.43296657,143.5923658,GPS - SKM VA,54,Southern Rural Water,Corangamite CMA,174,Barongarook
113706,-38.43299231,143.5923385,GLOBAL POSIT,54,Southern Rural Water,Corangamite CMA,90,Barongarook
113707,-38.44529998,143.612604,GPS - SKM VA,54,Southern Rural Water,Corangamite CMA,61.5,Barongarook
114166,-38.43322313,143.6430619,GPS - SKM VA,54,Southern Rural Water,Corangamite CMA,60.5,Barongarook
114167,-38.41309672,143.6017022,GPS - SKM VA,54,Southern Rural Water,Corangamite CMA,41,Barongarook
77304,-36.04410305,143.561258,GPS - SKM VA,54,Goulburn-Murray Water,North Central CMA,123,Barraport West
48249,-38.47720918,143.7529069,GLOBAL POSIT,54,Southern Rural Water,Corangamite CMA,135.33,Barwon Downs
82843,-38.43754473,143.7929821,GLOBAL POSIT,54,Southern Rural Water,Corangamite CMA,462,Barwon Downs
82847,-38.45824046,143.7944529,GLOBAL POSIT,54,Southern Rural Water,Corangamite CMA,117,Barwon Downs
WRK957452,-38.5096878,145.4566443,NOT KNOWN,55,,Melbourne Water CMA,11.45,Bass
WRK957454,-38.50964275,145.4566453,NOT KNOWN,55,,Melbourne Water CMA,3.99,Bass
WRK957486,-38.50648143,145.4711972,NOT KNOWN,55,,Melbourne Water CMA,20,Bass
WRK957510,-38.51453065,145.4679072,NOT KNOWN,55,,Melbourne Water CMA,19,Bass
113695,-36.02726545,146.0671682,GPS - SKM VA,55,Goulburn-Murray Water,Goulburn Broken CMA,54,Bathumi
114129,-36.02725232,146.0671616,GPS - SKM VA,55,Goulburn-Murray Water,Goulburn Broken CMA,8.5,Bathumi
WRK956575,-36.77067848,143.4786859,NOT KNOWN,54,,North Central CMA,8,Bealiba
WRK007693,-35.90438947,145.3417711,G-MW <30M VA,55,,(Not set),135,Bearii
WRK007713,-35.90525588,145.3450994,Water Regist,55,Goulburn-Murray Water,(Not set),40,Bearii
WRK007729,-35.90293902,145.3496906,G-MW <30M VA,55,Goulburn-Murray Water,(Not set),42,Bearii
WRK008371,-35.89957001,145.34552,G-MW <30M VA,55,Goulburn-Murray Water,(Not set),18.29,Bearii
WRK009580,-35.90346265,145.3453843,G-MW DESKTOP,55,Goulburn-Murray Water,(Not set),32,Bearii
WRK953007,-35.8692873,145.3529039,GPS - SKM VA,55,Goulburn-Murray Water,Goulburn Broken CMA,90,Bearii
WRK953008,-35.8692862,145.3528816,GPS - SKM VA,55,Goulburn-Murray Water,Goulburn Broken CMA,39,Bearii
WRK953009,-35.8692849,145.3528615,GPS - SKM VA,55,Goulburn-Murray Water,Goulburn Broken CMA,31,Bearii
WRK953010,-35.8692851,145.3528453,GPS - SKM VA,55,Goulburn-Murray Water,Goulburn Broken CMA,19,Bearii
WRK953011,-35.8692838,145.3528282,GPS - SKM VA,55,Goulburn-Murray Water,Goulburn Broken CMA,13,Bearii
26988,-36.31308498,143.9891378,TRANSLATION,54,,(Not set),9,Bears Lagoon
26989,-36.29981261,143.9246145,TRANSLATION,54,,(Not set),10.5,Bears Lagoon
67906,-36.34288042,143.9757509,GPS - SKM VA,54,Goulburn-Murray Water,North Central CMA,50,Bears Lagoon
67907,-36.34283314,143.9757431,GPS - SKM VA,54,Goulburn-Murray Water,North Central CMA,25.5,Bears Lagoon
67908,-36.34240287,143.9395737,GPS - SKM VA,54,Goulburn-Murray Water,North Central CMA,120,Bears Lagoon
67909,-36.34167333,143.9395612,GPS - SKM VA,54,Goulburn-Murray Water,North Central CMA,24,Bears Lagoon
67910,-36.34164333,143.9395657,GPS - SKM VA,54,Goulburn-Murray Water,North Central CMA,40,Bears Lagoon
67911,-36.34156792,143.9395651,GPS - SKM VA,54,Goulburn-Murray Water,North Central CMA,75,Bears Lagoon
67912,-36.34357581,143.9523628,GPS - SKM VA,54,Goulburn-Murray Water,North Central CMA,60,Bears Lagoon
116812,-36.34325842,144.0051595,TRANSLATION,55,,(Not set),42,Bears Lagoon
118030,-36.34396965,143.9429759,TRANSLATION,54,,(Not set),10,Bears Lagoon
118031,-36.34396965,143.9429759,TRANSLATION,54,,(Not set),5,Bears Lagoon
118034,-36.34344741,143.9641206,TRANSLATION,54,,(Not set),10,Bears Lagoon
118035,-36.34344741,143.9641206,TRANSLATION,54,,(Not set),5,Bears Lagoon
118038,-36.34322531,143.9730245,TRANSLATION,54,,(Not set),10,Bears Lagoon
118039,-36.34322531,143.9730245,TRANSLATION,54,,(Not set),5,Bears Lagoon
118046,-36.34404328,143.9763965,TRANSLATION,54,,(Not set),10,Bears Lagoon
118047,-36.34404328,143.9763965,TRANSLATION,54,,(Not set),5,Bears Lagoon
118054,-36.34266893,144.007335,TRANSLATION,55,,(Not set),10,Bears Lagoon
118055,-36.34266893,144.007335,TRANSLATION,55,,(Not set),5,Bears Lagoon
118092,-36.33574515,143.9838782,TRANSLATION,54,,(Not set),11,Bears Lagoon
118093,-36.33574515,143.9838782,TRANSLATION,54,,(Not set),5,Bears Lagoon
WRK008968,-36.35839109,143.9969134,G-MW <30M VA,54,Goulburn-Murray Water,(Not set),,Bears Lagoon
6830,-35.55729701,143.6307814,TRANSLATION,54,,(Not set),20.16,Beauchamp
6831,-35.55729701,143.6307814,TRANSLATION,54,,(Not set),8.31,Beauchamp
6834,-35.55792815,143.6183376,TRANSLATION,54,,(Not set),26,Beauchamp
6836,-35.55877816,143.6178026,TRANSLATION,54,,(Not set),8.59,Beauchamp
6838,-35.55795021,143.6131536,TRANSLATION,54,,(Not set),26,Beauchamp
6839,-35.55797026,143.6080807,TRANSLATION,54,,(Not set),26,Beauchamp
6840,-35.55797026,143.6080807,TRANSLATION,54,,(Not set),22.37,Beauchamp
6841,-35.55797026,143.6080807,TRANSLATION,54,,(Not set),8.37,Beauchamp
6842,-35.58788363,143.5877545,TRANSLATION,54,,(Not set),26,Beauchamp
6844,-35.57279178,143.6598612,TRANSLATION,54,,(Not set),26,Beauchamp
6919,-35.55834247,143.6814447,TRANSLATION,54,,(Not set),8.55,Beauchamp
26058,-35.54347071,143.6529368,TRANSLATION,54,,(Not set),8.88,Beauchamp
73347,-35.67578078,143.6414121,GPS - SKM VA,54,Grampians Wimmera Mallee Water,North Central CMA,199,Beauchamp
73348,-35.67581584,143.6413957,GPS - SKM VA,54,Grampians Wimmera Mallee Water,North Central CMA,55,Beauchamp
WRK957810,-35.67571447,143.6428556,NOT KNOWN,54,,North Central CMA,8.5,Beauchamp
WRK957811,-35.68068001,143.6568064,NOT KNOWN,54,,North Central CMA,10,Beauchamp
80245,-37.98678738,145.0429549,GPS - SKM VA,55,Southern Rural Water,Melbourne Water CMA,60.96,Beaumaris
26691,-38.19779876,143.6785469,GLOBAL POSIT,54,Southern Rural Water,Corangamite CMA,8.5,Beeac
57694,-38.1875627,143.5925363,GPS - SKM VA,54,Southern Rural Water,Corangamite CMA,35.35,Beeac
119348,-38.34314189,144.2202755,GLOBAL POSIT,55,Southern Rural Water,Corangamite CMA,322,Bellbrae
121768,-38.37031524,144.2054678,TRANSLATION,55,Southern Rural Water,Corangamite CMA,133.5,Bellbrae
115869,-38.36864265,144.2443738,GLOBAL POSIT,55,Southern Rural Water,Corangamite CMA,167.2,Bells Beach
48935,-36.52828678,145.9769886,GPS - SKM VA,55,Goulburn-Murray Water,Goulburn Broken CMA,55,Benalla
48936,-36.52827236,145.9769572,GPS - SKM VA,55,Goulburn-Murray Water,Goulburn Broken CMA,12,Benalla
69936,-36.61316575,146.0254015,GPS - SKM VA,55,Goulburn-Murray Water,Goulburn Broken CMA,30,Benalla
111053,-36.5632149,145.9616032,GPS - SKM VA,55,Goulburn-Murray Water,Goulburn Broken CMA,29.5,Benalla
111054,-36.5632149,145.9616032,GPS - SKM VA,55,Goulburn-Murray Water,Goulburn Broken CMA,29.5,Benalla
111055,-36.5632149,145.9616032,GPS - SKM VA,55,Goulburn-Murray Water,Goulburn Broken CMA,29.5,Benalla
118736,-36.65035579,146.0972917,TRANSLATION,55,,(Not set),13,Benalla
118737,-36.65035579,146.0972917,TRANSLATION,55,,(Not set),9,Benalla
118738,-36.64810578,146.0978776,TRANSLATION,55,,(Not set),20,Benalla
118739,-36.64810578,146.0978776,TRANSLATION,55,,(Not set),11,Benalla
118740,-36.64629079,146.0962206,TRANSLATION,55,,(Not set),20,Benalla
118756,-36.61390853,146.105545,TRANSLATION,55,,(Not set),7,Benalla
118757,-36.62383157,146.1065481,TRANSLATION,55,,(Not set),13,Benalla
118758,-36.6247126,146.1037422,TRANSLATION,55,,(Not set),11,Benalla
118775,-36.63550369,146.1002614,TRANSLATION,55,,(Not set),4,Benalla
118812,-36.61216444,146.1133918,TRANSLATION,55,,(Not set),15,Benalla
118813,-36.61486845,146.1133609,TRANSLATION,55,,(Not set),9.5,Benalla
118861,-36.66104821,145.9707308,TRANSLATION,55,,(Not set),11,Benalla
118862,-36.66006431,145.9612339,TRANSLATION,55,,(Not set),10,Benalla
WRK956929,-36.63620087,145.9680376,NOT KNOWN,55,,Goulburn Broken CMA,15,Benalla
WRK956930,-36.63620087,145.9680376,NOT KNOWN,55,,Goulburn Broken CMA,6,Benalla
WRK956931,-36.66554227,146.0202261,NOT KNOWN,55,,Goulburn Broken CMA,19.98,Benalla
WRK956932,-36.64278253,146.0237697,NOT KNOWN,55,,Goulburn Broken CMA,18,Benalla
WRK956933,-36.61019434,146.081554,NOT KNOWN,55,,Goulburn Broken CMA,12,Benalla
WRK956950,-36.5828106,146.0076918,NOT KNOWN,55,,Goulburn Broken CMA,14,Benalla
WRK956951,-36.60546738,146.0660572,NOT KNOWN,55,,Goulburn Broken CMA,18.72,Benalla
WRK956952,-36.60547631,146.0660459,NOT KNOWN,55,,Goulburn Broken CMA,10.33,Benalla
WRK956953,-36.58089733,146.0449484,NOT KNOWN,55,,Goulburn Broken CMA,19.43,Benalla
WRK956954,-36.58090626,146.0449371,NOT KNOWN,55,,Goulburn Broken CMA,9.46,Benalla
WRK957009,-36.65303086,145.9342384,NOT KNOWN,55,,Goulburn Broken CMA,16.86,Benalla
WRK957010,-36.65226862,145.9499117,NOT KNOWN,55,,Goulburn Broken CMA,10.45,Benalla
WRK957025,-36.6602058,145.9392192,NOT KNOWN,55,,Goulburn Broken CMA,7.4,Benalla
WRK957026,-36.65999311,145.9386179,NOT KNOWN,55,,Goulburn Broken CMA,17.45,Benalla
WRK957027,-36.65960653,145.9387351,NOT KNOWN,55,,Goulburn Broken CMA,31.35,Benalla
WRK957028,-36.65957949,145.9387355,NOT KNOWN,55,,Goulburn Broken CMA,50.2,Benalla
92808,-36.79984656,141.0792178,GPS - SKM VA,54,Grampians Wimmera Mallee Water,Wimmera CMA,102,Benayeo
141272,-36.8047586,141.0109249,GLOBAL POSIT,54,Grampians Wimmera Mallee Water,Wimmera CMA,45,Benayeo
8003111,-36.86705501,140.997105,GLOBAL POSIT,54,Grampians Wimmera Mallee Water,(Not set),58,Benayeo
8003112,-36.86614006,141.1122551,GLOBAL POSIT,54,Grampians Wimmera Mallee Water,Wimmera CMA,56,Benayeo
CENTRAL_DEBORAH,-36.7648417,144.2702844,Not known,55,Goulburn-Murray Water,(Not set),,Bendigo
LONDONDERRY,-36.76397733,144.270695,Not known,55,Goulburn-Murray Water,(Not set),,Bendigo
WRK134640,-36.76866246,144.2732028,GLOBAL POSIT,55,Goulburn-Murray Water,(Not set),,Bendigo
WRK134642,-36.7620571,144.2755761,GLOBAL POSIT,55,Goulburn-Murray Water,(Not set),12.9,Bendigo
121805,-37.97579198,147.4291817,TRANSLATION,55,,(Not set),25,Bengworden
121807,-37.98470975,147.4542865,TRANSLATION,55,,(Not set),19.5,Bengworden
122461,-37.9790142,147.4100711,TRANSLATION,55,,(Not set),16.79,Bengworden
122463,-37.9790142,147.4100711,TRANSLATION,55,,(Not set),20.99,Bengworden
122464,-37.97676119,147.410058,TRANSLATION,55,,(Not set),20,Bengworden
122465,-37.97858928,147.4026672,TRANSLATION,55,,(Not set),20,Bengworden
127612,-37.98180822,147.4100861,TRANSLATION,55,Southern Rural Water,(Not set),5,Bengworden
140691,-37.96919236,147.3817043,GPS - SKM VA,55,Southern Rural Water,East Gippsland CMA,80,Bengworden
140692,-37.97064454,147.4733186,GPS - SKM VA,55,Southern Rural Water,East Gippsland CMA,84,Bengworden
49563,-35.46112656,143.8118256,GPS - SKM VA,54,Goulburn-Murray Water,North Central CMA,316.5,Benjeroop
49564,-35.46084907,143.8114467,GPS - SKM VA,54,Goulburn-Murray Water,North Central CMA,83,Benjeroop
49565,-35.46081566,143.811434,GPS - SKM VA,54,Goulburn-Murray Water,North Central CMA,25,Benjeroop
WRK053552,-36.212091,147.6779118,NOT KNOWN,55,Goulburn-Murray Water,North East CMA,15,Berringama
50349,-35.63595934,142.9884711,GPS - SKM VA,54,Grampians Wimmera Mallee Water,Mallee CMA,114.5,Berriwillock
8002828,-35.61673991,143.0329207,GLOBAL POSIT,54,Grampians Wimmera Mallee Water,Mallee CMA,25,Berriwillock
92658,-38.01751546,143.4528306,GLOBAL POSIT,54,Southern Rural Water,Corangamite CMA,23,Berrybank
WRK988737,-38.16013219,141.9525833,GLOBAL POSIT,54,Southern Rural Water,Glenelg Hopkins CMA,25.5,Bessiebelle
SP068250,-36.9324493,143.7498567,GLOBAL POSIT,54,Goulburn-Murray Water,North Central CMA,36,Bet Bet
SP068251,-36.9324885,143.7498298,GLOBAL POSIT,54,Goulburn-Murray Water,North Central CMA,42,Bet Bet
144467,-37.71271585,148.3989125,GLOBAL POSIT,55,Southern Rural Water,East Gippsland CMA,38,Bete Bolong
144468,-37.69724643,148.3773094,GLOBAL POSIT,55,Southern Rural Water,East Gippsland CMA,21,Bete Bolong
144469,-37.68088493,148.3811339,GPS - SKM VA,55,Southern Rural Water,East Gippsland CMA,37,Bete Bolong
116575,-36.91419528,143.8025936,TRANSLATION,54,,(Not set),90,Betley
63994,-35.968966,142.4424069,GPS - SKM VA,54,Grampians Wimmera Mallee Water,Mallee CMA,214,Beulah
63995,-35.9689138,142.4424,GPS - SKM VA,54,Grampians Wimmera Mallee Water,Mallee CMA,43,Beulah
116754,-35.93313319,142.441775,TRANSLATION,54,Grampians Wimmera Mallee Water,(Not set),48,Beulah
8002840,-35.96524709,142.2434663,SURVEYED-GRO,54,Grampians Wimmera Mallee Water,Mallee CMA,43,Beulah
8002855,-35.83302961,142.5693267,GLOBAL POSIT,54,Grampians Wimmera Mallee Water,Mallee CMA,49,Beulah
8002882,-35.85176305,142.316237,Not Known,54,Grampians Wimmera Mallee Water,Mallee CMA,31,Beulah
49950,-35.51580455,141.3191137,GLOBAL POSIT,54,Grampians Wimmera Mallee Water,Mallee CMA,220,Big Desert
49951,-35.73951732,141.373915,GPS - SKM VA,54,Grampians Wimmera Mallee Water,Mallee CMA,218,Big Desert
103354,-35.90421075,141.3358601,GPS - SKM VA,54,Grampians Wimmera Mallee Water,Wimmera CMA,200,Big Desert
8003346,-35.73956747,141.3738914,GLOBAL POSIT,54,Grampians Wimmera Mallee Water,Mallee CMA,65,Big Desert
8003347,-35.5159054,141.3191401,NOT KNOWN,54,Grampians Wimmera Mallee Water,Mallee CMA,48,Big Desert
8003349,-35.60338423,141.997311,GLOBAL POSIT,54,Grampians Wimmera Mallee Water,Mallee CMA,60,Big Desert
8003350,-35.6033676,141.997312,GLOBAL POSIT,54,Grampians Wimmera Mallee Water,Mallee CMA,39,Big Desert
40609,-35.36607224,142.7643347,GPS - SKM VA,54,Grampians Wimmera Mallee Water,Mallee CMA,16.5,Bimbourie
40610,-35.36734353,142.764693,GPS - SKM VA,54,Grampians Wimmera Mallee Water,Mallee CMA,19,Bimbourie
49987,-35.36702804,142.7645892,GPS - SKM VA,54,Grampians Wimmera Mallee Water,Mallee CMA,65,Bimbourie
49988,-35.36694329,142.7645602,GPS - SKM VA,54,Grampians Wimmera Mallee Water,Mallee CMA,85.75,Bimbourie
49989,-35.30941087,142.7671796,GPS - SKM VA,54,Grampians Wimmera Mallee Water,Mallee CMA,68.5,Bimbourie
49990,-35.3094272,142.7671849,GPS - SKM VA,54,Grampians Wimmera Mallee Water,Mallee CMA,29.5,Bimbourie
49991,-35.30898675,142.767055,GPS - SKM VA,54,Grampians Wimmera Mallee Water,Mallee CMA,33.5,Bimbourie
103893,-35.97332457,142.8253794,GPS - SKM VA,54,Grampians Wimmera Mallee Water,Mallee CMA,166,Birchip West
102868,-38.34709468,143.812058,GLOBAL POSIT,54,Southern Rural Water,Corangamite CMA,577,Birregurra
102869,-38.39385794,143.8199372,GLOBAL POSIT,54,Southern Rural Water,Corangamite CMA,431,Birregurra
107720,-38.34419125,143.9071751,GLOBAL POSIT,54,Southern Rural Water,Corangamite CMA,259,Birregurra
109135,-38.35929515,143.7516879,GLOBAL POSIT,54,Southern Rural Water,Corangamite CMA,237,Birregurra
117534,-38.36314816,143.7729239,TRANSLATION,54,Southern Rural Water,(Not set),5,Birregurra
117535,-38.34393901,143.7756226,TRANSLATION,54,Southern Rural Water,(Not set),18,Birregurra
WRK956136,-37.15547782,142.7905028,NOT KNOWN,54,,Wimmera CMA,10,Black Range
WRK956137,-37.15657121,142.7915083,NOT KNOWN,54,,Wimmera CMA,16,Black Range
WRK956138,-37.1598878,142.7927127,NOT KNOWN,54,,Wimmera CMA,11,Black Range
84884,-38.36892802,144.7716022,GPS - SKM VA,55,Southern Rural Water,Melbourne Water CMA,64,Blairgowrie
84894,-38.35746249,144.768431,GPS - SKM VA,55,Southern Rural Water,Melbourne Water CMA,50,Blairgowrie
116802,-37.33521397,144.0108918,TRANSLATION,55,Goulburn-Murray Water,North Central CMA,56,Blampied
116803,-37.33516868,144.0109013,TRANSLATION,55,Goulburn-Murray Water,North Central CMA,90,Blampied
138657,-37.3670622,144.0374767,GLOBAL POSIT,55,Goulburn-Murray Water,North Central CMA,60,Blampied
SP068232,-37.34869323,144.0193476,GLOBAL POSIT,55,Goulburn-Murray Water,North Central CMA,72,Blampied
91026,-38.2141657,145.3433003,GLOBAL POSIT,55,Southern Rural Water,Melbourne Water CMA,93.57,Blind Bight
46489,-37.44529616,143.7912685,GLOBAL POSIT,54,Southern Rural Water,Glenelg Hopkins CMA,150,Blowhard
SP068239,-37.461154,143.80609,GLOBAL POSIT,54,Southern Rural Water,Glenelg Hopkins CMA,85,Blowhard
SP068240,-37.461141,143.80599,GLOBAL POSIT,54,Southern Rural Water,Glenelg Hopkins CMA,107,Blowhard
WRK957242,-36.52477832,146.5083385,NOT KNOWN,55,,North East CMA,13,Bobinawarrah
WRK957243,-36.52477832,146.5083385,NOT KNOWN,55,,North East CMA,2,Bobinawarrah
WRK957244,-36.52575479,146.5112253,NOT KNOWN,55,,North East CMA,11,Bobinawarrah
WRK957245,-36.52575479,146.5112253,NOT KNOWN,55,,North East CMA,1,Bobinawarrah
WRK957246,-36.52381249,146.5146443,NOT KNOWN,55,,North East CMA,12,Bobinawarrah
WRK957247,-36.52606196,146.5091905,NOT KNOWN,55,,North East CMA,7.8,Bobinawarrah
WRK957248,-36.54349262,146.4804789,NOT KNOWN,55,,North East CMA,13,Bobinawarrah
WRK957249,-36.54534633,146.4838519,NOT KNOWN,55,,North East CMA,19,Bobinawarrah
WRK957251,-36.54727411,146.477314,NOT KNOWN,55,,North East CMA,6.04,Bobinawarrah
WRK957283,-36.50387633,146.451353,NOT KNOWN,55,,North East CMA,14.94,Bobinawarrah
WRK957301,-36.52864331,146.5210258,NOT KNOWN,55,,North East CMA,12.2,Bobinawarrah
WRK957381,-36.51581824,146.5151633,NOT KNOWN,55,,North East CMA,18.1,Bobinawarrah
WRK957382,-36.51951586,146.5177426,NOT KNOWN,55,,North East CMA,17.6,Bobinawarrah
WRK957383,-36.51951586,146.5177426,NOT KNOWN,55,,North East CMA,6.95,Bobinawarrah
WRK957384,-36.52065761,146.5125307,NOT KNOWN,55,,North East CMA,18,Bobinawarrah
WRK957385,-36.51875776,146.513101,NOT KNOWN,55,,North East CMA,6.35,Bobinawarrah
WRK957386,-36.51875776,146.513101,NOT KNOWN,55,,North East CMA,6.35,Bobinawarrah
WRK957387,-36.51942328,146.5083166,NOT KNOWN,55,,North East CMA,7.22,Bobinawarrah
WRK957395,-36.55182596,146.4432933,NOT KNOWN,55,,North East CMA,25.1,Bobinawarrah
WRK053498,-36.7823997,147.1606974,NOT KNOWN,55,Goulburn-Murray Water,North East CMA,72,Bogong
118652,-36.67824229,145.7864038,TRANSLATION,55,,(Not set),14,Boho
118653,-36.67824229,145.7864038,TRANSLATION,55,,(Not set),5,Boho
118654,-36.67690726,145.7881028,TRANSLATION,55,,(Not set),15,Boho
118655,-36.67690726,145.7881028,TRANSLATION,55,,(Not set),4,Boho
118661,-36.67782025,145.7892078,TRANSLATION,55,,(Not set),9,Boho
118667,-36.68233227,145.7896968,TRANSLATION,55,,(Not set),8,Boho
118671,-36.62761671,145.8168355,TRANSLATION,55,,(Not set),7,Boho
118672,-36.62941972,145.8168075,TRANSLATION,55,,(Not set),9999,Boho
118674,-36.63194992,145.7994328,TRANSLATION,55,,(Not set),17,Boho
WRK956937,-36.68934276,145.7724806,NOT KNOWN,55,,Goulburn Broken CMA,6,Boho
WRK956938,-36.70738959,145.7751268,NOT KNOWN,55,,Goulburn Broken CMA,25,Boho
WRK957013,-36.6231072,145.8172249,NOT KNOWN,55,,Goulburn Broken CMA,16.1,Boho
WRK957015,-36.64795867,145.7743012,NOT KNOWN,55,,Goulburn Broken CMA,9.49,Boho
WRK957016,-36.65922578,145.7803657,NOT KNOWN,55,,Goulburn Broken CMA,12.45,Boho
WRK957017,-36.62276575,145.7877399,NOT KNOWN,55,,Goulburn Broken CMA,17.96,Boho
8002870,-35.28273456,141.55718,GLOBAL POSIT,54,Grampians Wimmera Mallee Water,Mallee CMA,42,Boinka
98028,-37.84834232,146.9728615,GLOBAL POSIT,55,Southern Rural Water,West Gippsland CMA,106,Boisdale
98114,-37.88049532,146.987189,TRANSLATION,55,,(Not set),26,Boisdale
98124,-37.91133837,146.9967394,TRANSLATION,55,,(Not set),5.31,Boisdale
98127,-37.88058532,146.987075,TRANSLATION,55,,(Not set),3.81,Boisdale
131255,-37.85030117,146.9861715,TRANSLATION,55,Southern Rural Water,(Not set),6.5,Boisdale
26179,-34.96650631,143.0331931,TRANSLATION,54,,(Not set),46,Bolton
8002854,-34.95993677,142.9019177,GLOBAL POSIT,54,Grampians Wimmera Mallee Water,Mallee CMA,51,Bolton
WRK053492,-36.1331425,146.9832022,NOT KNOWN,55,Goulburn-Murray Water,North East CMA,20,Bonegilla
63267,-38.42808297,144.9061761,GPS - SKM VA,55,Southern Rural Water,Melbourne Water CMA,94.49,Boneo
63273,-38.41408103,144.8876322,GLOBAL POSIT,55,Southern Rural Water,Melbourne Water CMA,40,Boneo
63280,-38.43360158,144.897047,GPS - SKM VA,55,Southern Rural Water,Melbourne Water CMA,116,Boneo
100017,-38.39571075,144.8884083,GPS - SKM VA,55,Southern Rural Water,Melbourne Water CMA,122,Boneo
100018,-38.39951301,144.8882907,GLOBAL POSIT,55,Southern Rural Water,Melbourne Water CMA,88,Boneo
100019,-38.39858359,144.9121001,GPS - SKM VA,55,Southern Rural Water,Melbourne Water CMA,61,Boneo
100020,-38.39839657,144.8653678,GLOBAL POSIT,55,Southern Rural Water,Melbourne Water CMA,51,Boneo
100023,-38.40835218,144.8833714,GPS - SKM VA,55,Southern Rural Water,Melbourne Water CMA,30,Boneo
109771,-38.39847275,144.9013349,GPS - SKM VA,55,Southern Rural Water,Melbourne Water CMA,108,Boneo
109772,-38.39846368,144.9013317,GPS - SKM VA,55,Southern Rural Water,Melbourne Water CMA,108,Boneo
WRK059878,-36.40696947,144.6960166,GLOBAL POSIT,55,Goulburn-Murray Water,North Central CMA,73,Bonn
WRK059879,-36.40698749,144.696016,GLOBAL POSIT,55,Goulburn-Murray Water,North Central CMA,16,Bonn
112242,-38.09609065,143.1223946,GLOBAL POSIT,54,Southern Rural Water,Glenelg Hopkins CMA,226.3,Bookaar
62863,-36.2282185,146.2766146,GPS - SKM VA,55,Goulburn-Murray Water,North East CMA,124,Boorhaman
62864,-36.22790603,146.2763467,GLOBAL POSIT,55,Goulburn-Murray Water,North East CMA,140,Boorhaman
302296,-36.20628719,146.3094574,GLOBAL POSIT,55,Goulburn-Murray Water,North East CMA,94.5,Boorhaman
WRK054467,-36.2193219,146.2744175,NOT KNOWN,55,Goulburn-Murray Water,North East CMA,78,Boorhaman
WRK054546,-36.2193103,146.274441,NOT KNOWN,55,Goulburn-Murray Water,North East CMA,15,Boorhaman
WRK060757,-36.2193504,146.2743616,GLOBAL POSIT,55,Goulburn-Murray Water,North East CMA,133,Boorhaman
WRK957275,-36.20619856,146.3098468,NOT KNOWN,55,,North East CMA,18.4,Boorhaman
WRK957276,-36.22817401,146.2770842,NOT KNOWN,55,,North East CMA,14.45,Boorhaman
50788,-36.15127466,146.3560371,GPS - SKM VA,55,Goulburn-Murray Water,North East CMA,72,Boorhaman East
50789,-36.15124814,146.3560185,GPS - SKM VA,55,Goulburn-Murray Water,North East CMA,30,Boorhaman East
50893,-36.11720256,146.2346446,GPS - SKM VA,55,Goulburn-Murray Water,North East CMA,70,Boorhaman North
WRK957272,-36.07661241,146.2417247,NOT KNOWN,55,,North East CMA,18.5,Boorhaman North
6598,-36.17590305,143.7338051,TRANSLATION,54,,(Not set),14.5,Boort
6599,-36.18472422,143.7224384,TRANSLATION,54,,(Not set),9.2,Boort
6601,-36.16567885,143.7473437,TRANSLATION,54,,(Not set),9,Boort
6603,-36.16951098,143.7374739,TRANSLATION,54,,(Not set),14.5,Boort
26065,-36.15941127,143.7060032,TRANSLATION,54,,(Not set),10.24,Boort
36244,-36.15255955,143.7691112,TRANSLATION,54,,(Not set),5.5,Boort
36245,-36.15255955,143.7691112,TRANSLATION,54,,(Not set),4.2,Boort
36246,-36.15255955,143.7691112,TRANSLATION,54,,(Not set),5.75,Boort
36249,-36.1286046,143.752716,TRANSLATION,54,,(Not set),10.09,Boort
36265,-36.14014173,143.837563,TRANSLATION,54,,(Not set),4.88,Boort
50976,-36.09489082,143.6940203,GPS - SKM VA,54,Goulburn-Murray Water,North Central CMA,76,Boort
50977,-36.09489983,143.6940206,GPS - SKM VA,54,Goulburn-Murray Water,North Central CMA,18,Boort
WRK957832,-36.15789339,143.7280609,NOT KNOWN,54,,North Central CMA,10,Boort
WRK957833,-36.16883635,143.7323308,NOT KNOWN,54,,North Central CMA,9,Boort
51001,-36.00390982,145.7959371,GPS - SKM VA,55,Goulburn-Murray Water,Goulburn Broken CMA,123.55,Boosey
51003,-36.003911,145.7959186,GPS - SKM VA,55,Goulburn-Murray Water,Goulburn Broken CMA,15.5,Boosey
51004,-36.09902745,145.8008075,GPS - SKM VA,55,Goulburn-Murray Water,Goulburn Broken CMA,31,Boosey
WRK059813,-36.0241368,145.7778211,GLOBAL POSIT,55,Goulburn-Murray Water,Goulburn Broken CMA,80,Boosey
WRK059814,-36.0241567,145.7778208,GLOBAL POSIT,55,Goulburn-Murray Water,Goulburn Broken CMA,126,Boosey
WRK059815,-36.0241792,145.7778227,GLOBAL POSIT,55,Goulburn-Murray Water,Goulburn Broken CMA,100,Boosey
WRK957103,-36.21484628,146.4188333,NOT KNOWN,55,,North East CMA,15.95,Boralma
WRK957104,-36.21311887,146.4232962,NOT KNOWN,55,,North East CMA,4.15,Boralma
WRK957105,-36.21311887,146.4232962,NOT KNOWN,55,,North East CMA,3.1,Boralma
WRK957106,-36.21311887,146.4232962,NOT KNOWN,55,,North East CMA,3.2,Boralma
WRK957108,-36.21315629,146.4254542,NOT KNOWN,55,,North East CMA,15.4,Boralma
WRK957109,-36.21315629,146.4254542,NOT KNOWN,55,,North East CMA,3.25,Boralma
WRK957110,-36.21315629,146.4254542,NOT KNOWN,55,,North East CMA,2.95,Boralma
WRK957277,-36.2116099,146.36222,NOT KNOWN,55,,North East CMA,24,Boralma
53514,-37.55812409,142.5466737,GPS - SKM VA,54,Southern Rural Water,Glenelg Hopkins CMA,20,Bornes Hill
53515,-37.54637511,142.5673852,GPS - SKM VA,54,Southern Rural Water,Glenelg Hopkins CMA,20,Bornes Hill
53517,-37.56884018,142.5854509,GPS - SKM VA,54,Southern Rural Water,Glenelg Hopkins CMA,13.1,Bornes Hill
53518,-37.55033241,142.4532215,GPS - SKM VA,54,Southern Rural Water,Glenelg Hopkins CMA,72,Bornes Hill
53519,-37.55038223,142.4532986,TRANSLATION,54,Southern Rural Water,Glenelg Hopkins CMA,56,Bornes Hill
87750,-37.50834282,142.4257987,GPS - SKM VA,54,Southern Rural Water,Glenelg Hopkins CMA,54.86,Bornes Hill
87752,-37.53695219,142.5690868,GPS - SKM VA,54,Southern Rural Water,Glenelg Hopkins CMA,11.5,Bornes Hill
87753,-37.53535196,142.5570719,TRANSLATION,54,Southern Rural Water,Glenelg Hopkins CMA,10,Bornes Hill
87754,-37.53412336,142.5483885,TRANSLATION,54,Southern Rural Water,Glenelg Hopkins CMA,16,Bornes Hill
87755,-37.53358321,142.5442124,TRANSLATION,54,Southern Rural Water,Glenelg Hopkins CMA,18,Bornes Hill
87756,-37.50930995,142.5754451,GPS - SKM VA,54,Southern Rural Water,Glenelg Hopkins CMA,25,Bornes Hill
6565,-36.27056972,143.8100036,TRANSLATION,54,,(Not set),11,Borung
36283,-36.30682617,143.8769983,TRANSLATION,54,,(Not set),7.29,Borung
70911,-36.29827526,143.80523,GPS - SKM VA,54,Goulburn-Murray Water,North Central CMA,93,Borung
70912,-36.29828525,143.8053007,GPS - SKM VA,54,Goulburn-Murray Water,North Central CMA,53,Borung
WRK059858,-36.32436235,143.8636042,GLOBAL POSIT,54,Goulburn-Murray Water,North Central CMA,34,Borung
6961,-34.74350947,143.0322776,TRANSLATION,54,,(Not set),25.25,Boundary Bend
6962,-34.72226056,143.0282192,TRANSLATION,54,,(Not set),25,Boundary Bend
6966,-34.70988735,143.0286051,TRANSLATION,54,,(Not set),25.52,Boundary Bend
6974,-34.7529182,143.1421661,TRANSLATION,54,,(Not set),23.48,Boundary Bend
6975,-34.72089528,143.1493797,TRANSLATION,54,,(Not set),12,Boundary Bend
6976,-34.71499176,143.146511,TRANSLATION,54,,(Not set),35,Boundary Bend
6977,-34.73762826,143.1792012,TRANSLATION,54,,(Not set),30,Boundary Bend
6978,-34.73160988,143.1765388,TRANSLATION,54,,(Not set),12,Boundary Bend
6979,-34.72911943,143.1756099,TRANSLATION,54,,(Not set),11.99,Boundary Bend
6980,-34.72862571,143.1755379,TRANSLATION,54,,(Not set),12,Boundary Bend
6984,-34.72577884,143.1749171,TRANSLATION,54,,(Not set),14.8,Boundary Bend
6985,-34.72537904,143.1747303,TRANSLATION,54,,(Not set),13.85,Boundary Bend
6987,-34.7245854,143.174339,TRANSLATION,54,,(Not set),12,Boundary Bend
6988,-34.72418825,143.1741527,TRANSLATION,54,,(Not set),15.08,Boundary Bend
6991,-34.72054461,143.1717191,TRANSLATION,54,,(Not set),12.25,Boundary Bend
6998,-34.73762863,143.1791954,TRANSLATION,54,,(Not set),17.57,Boundary Bend
6999,-34.71498612,143.1465169,TRANSLATION,54,,(Not set),28.47,Boundary Bend
26002,-34.69444327,143.0285879,TRANSLATION,54,,(Not set),28.58,Boundary Bend
26203,-34.72089615,143.149374,TRANSLATION,54,,(Not set),32.29,Boundary Bend
26204,-34.72529706,143.1482702,TRANSLATION,54,,(Not set),37.15,Boundary Bend
26205,-34.73379973,143.1464073,TRANSLATION,54,,(Not set),39.72,Boundary Bend
26230,-34.72529559,143.1482605,TRANSLATION,54,,(Not set),13.9,Boundary Bend
26265,-34.69348476,143.0304138,TRANSLATION,54,,(Not set),8.96,Boundary Bend
26688,-34.70989741,143.0285968,TRANSLATION,54,,(Not set),36.7,Boundary Bend
26690,-34.77888365,143.0325707,TRANSLATION,54,,(Not set),40,Boundary Bend
WRK957309,-36.46468033,146.663233,NOT KNOWN,55,,North East CMA,16.65,Bowmans Forest
WRK957317,-36.45272926,146.5893534,NOT KNOWN,55,,North East CMA,17.7,Bowmans Forest
WRK957318,-36.47132082,146.595294,NOT KNOWN,55,,North East CMA,9.25,Bowmans Forest
WRK957319,-36.46593903,146.6200555,NOT KNOWN,55,,North East CMA,17.75,Bowmans Forest
WRK957320,-36.45806699,146.6223371,NOT KNOWN,55,,North East CMA,17.15,Bowmans Forest
WRK957323,-36.46057217,146.6394899,NOT KNOWN,55,,North East CMA,17.7,Bowmans Forest
WRK957325,-36.47033647,146.6367993,NOT KNOWN,55,,North East CMA,16.3,Bowmans Forest
WRK957328,-36.4296809,146.6147546,NOT KNOWN,55,,North East CMA,18.05,Bowmans Forest
64008,-37.78544951,143.333276,GLOBAL POSIT,54,Southern Rural Water,Corangamite CMA,127,Bradvale
64009,-37.78545656,143.3333884,GLOBAL POSIT,54,Southern Rural Water,Corangamite CMA,90,Bradvale
122676,-37.90142533,141.6854318,GPS - SKM VA,54,Southern Rural Water,Glenelg Hopkins CMA,112,Branxholme
122677,-37.88634766,141.6632816,GPS - SKM VA,54,Southern Rural Water,Glenelg Hopkins CMA,74,Branxholme
146028,-37.83945889,141.8284965,GPS - SKM VA,54,Southern Rural Water,Glenelg Hopkins CMA,90,Branxholme
146032,-37.87257635,141.7295018,GPS - SKM VA,54,Southern Rural Water,Glenelg Hopkins CMA,98,Branxholme
WRK956406,-36.51476145,143.6495165,NOT KNOWN,54,,North Central CMA,19.47,Brenanah
WRK956507,-36.51251008,143.6494397,NOT KNOWN,54,,North Central CMA,18.75,Brenanah
92175,-37.86931964,147.0652549,GLOBAL POSIT,55,Southern Rural Water,West Gippsland CMA,200,Briagolong
110166,-37.82281789,147.074538,GLOBAL POSIT,55,Southern Rural Water,West Gippsland CMA,16.5,Briagolong
110167,-37.82373979,147.0768651,GLOBAL POSIT,55,Southern Rural Water,West Gippsland CMA,14,Briagolong
110168,-37.82495342,147.0793052,GLOBAL POSIT,55,Southern Rural Water,West Gippsland CMA,14,Briagolong
110171,-37.84060623,147.0448959,GLOBAL POSIT,55,Southern Rural Water,West Gippsland CMA,12,Briagolong
110172,-37.84018274,147.0418748,GLOBAL POSIT,55,Southern Rural Water,West Gippsland CMA,44,Briagolong
WRK123250,-37.84571721,147.0823357,Not known,55,Southern Rural Water,(Not set),108,Briagolong
WRK141137,-37.84575705,147.0819011,Not known,55,Southern Rural Water,(Not set),104,Briagolong
51640,-36.60332253,144.0101276,GLOBAL POSIT,55,Goulburn-Murray Water,North Central CMA,124.97,Bridgewater
51710,-36.61707395,143.9562094,TRANSLATION,54,Goulburn-Murray Water,(Not set),24,Bridgewater
51718,-36.60331465,144.0101726,GLOBAL POSIT,55,Goulburn-Murray Water,North Central CMA,54,Bridgewater
51719,-36.60331465,144.0101726,GLOBAL POSIT,55,Goulburn-Murray Water,North Central CMA,25,Bridgewater
109928,-36.64737581,143.9582935,GLOBAL POSIT,54,Goulburn-Murray Water,North Central CMA,115.5,Bridgewater
109929,-36.64737403,143.9582347,GLOBAL POSIT,54,Goulburn-Murray Water,North Central CMA,18.5,Bridgewater
WRK006238,-36.64555603,143.9571739,G-MW DESKTOP,54,Goulburn-Murray Water,(Not set),79.24,Bridgewater
WRK007376,-36.61809008,143.99588,G-MW DESKTOP,54,Goulburn-Murray Water,(Not set),122,Bridgewater
WRK008048,-36.61484225,144.0138409,G-MW DESKTOP,55,Goulburn-Murray Water,(Not set),88,Bridgewater
WRK008981,-36.60832734,143.9692085,G-MW <30M VA,54,Goulburn-Murray Water,(Not set),,Bridgewater
WRK010394,-36.60374579,143.9197984,G-MW DESKTOP,54,,,60,Bridgewater
WRK952856,-36.64751829,143.9409091,TRANSLATION,54,Goulburn-Murray Water,North Central CMA,58,Bridgewater
WRK952857,-36.64751829,143.9409311,TRANSLATION,54,Goulburn-Murray Water,North Central CMA,12,Bridgewater
WRK952858,-36.6769207,143.9784187,TRANSLATION,54,Goulburn-Murray Water,North Central CMA,101,Bridgewater
WRK952859,-36.6769205,143.9782872,TRANSLATION,54,Goulburn-Murray Water,North Central CMA,18,Bridgewater
WRK952860,-36.6769194,143.978455,TRANSLATION,54,Goulburn-Murray Water,North Central CMA,44,Bridgewater
WRK952865,-36.5959184,143.9550777,TRANSLATION,54,Goulburn-Murray Water,North Central CMA,32,Bridgewater
51726,-36.54591527,143.9602578,GPS - SKM VA,54,Goulburn-Murray Water,North Central CMA,30.7,Bridgewater North
51727,-36.54582626,143.996102,GPS - SKM VA,54,Goulburn-Murray Water,North Central CMA,36,Bridgewater North
51728,-36.54574991,144.0311001,GLOBAL POSIT,55,Goulburn-Murray Water,North Central CMA,40,Bridgewater North
51729,-36.54564167,143.9750226,GPS - SKM VA,54,Goulburn-Murray Water,North Central CMA,33,Bridgewater North
51730,-36.54574007,144.031067,GLOBAL POSIT,55,Goulburn-Murray Water,North Central CMA,14,Bridgewater North
51732,-36.54600018,144.0140698,GLOBAL POSIT,55,Goulburn-Murray Water,North Central CMA,30,Bridgewater North
WRK005888,-36.55646608,144.026099,G-MW DESKTOP,55,,(Not set),81.1,Bridgewater North
51735,-36.72788344,146.9819857,GLOBAL POSIT,55,Goulburn-Murray Water,North East CMA,44,Bright
51736,-36.72801802,146.9818815,GLOBAL POSIT,55,Goulburn-Murray Water,North East CMA,29,Bright
51737,-36.72477981,146.9825837,GLOBAL POSIT,55,Goulburn-Murray Water,North East CMA,52,Bright
51738,-36.72692689,146.982043,GLOBAL POSIT,55,Goulburn-Murray Water,North East CMA,71,Bright
51740,-36.73257971,146.967489,GPS - SKM VA,55,Goulburn-Murray Water,North East CMA,58,Bright
51741,-36.73257567,146.9672028,GPS - SKM VA,55,Goulburn-Murray Water,North East CMA,58,Bright
51743,-36.72612854,146.9920609,GPS - SKM VA,55,Goulburn-Murray Water,North East CMA,12,Bright
51744,-36.73151746,146.9880545,GPS - SKM VA,55,Goulburn-Murray Water,North East CMA,13,Bright
51745,-36.72732775,146.9903606,GPS - SKM VA,55,Goulburn-Murray Water,North East CMA,12,Bright
51747,-36.72697703,146.9909315,GPS - SKM VA,55,Goulburn-Murray Water,North East CMA,20,Bright
109461,-36.7283059,146.9755624,GLOBAL POSIT,55,Goulburn-Murray Water,North East CMA,51,Bright
109462,-36.7283059,146.9755624,GLOBAL POSIT,55,Goulburn-Murray Water,North East CMA,51,Bright
WRK054468,-36.0529959,146.2639865,GLOBAL POSIT,55,Goulburn-Murray Water,North East CMA,126,Brimin
WRK054547,-36.0529815,146.2639889,GLOBAL POSIT,55,Goulburn-Murray Water,North East CMA,40,Brimin
112462,-37.03358418,142.1953096,GLOBAL POSIT,54,Grampians Wimmera Mallee Water,Wimmera CMA,32,Brimpaen
112463,-37.00388748,142.284259,GLOBAL POSIT,54,Grampians Wimmera Mallee Water,Wimmera CMA,25,Brimpaen
112919,-37.00387929,142.2842333,GLOBAL POSIT,54,Grampians Wimmera Mallee Water,Wimmera CMA,14,Brimpaen
65845,-36.43028241,145.8974041,GPS - SKM VA,55,Goulburn-Murray Water,Goulburn Broken CMA,50,Broken Creek
65846,-36.43027962,145.8974246,GPS - SKM VA,55,Goulburn-Murray Water,Goulburn Broken CMA,12,Broken Creek
109511,-37.81656617,144.8338971,GPS - SKM VA,55,Southern Rural Water,Melbourne Water CMA,60,Brooklyn
109512,-37.8165624,144.8338636,GPS - SKM VA,55,Southern Rural Water,Melbourne Water CMA,60,Brooklyn
WRK956785,-38.25214187,144.0841018,NOT KNOWN,55,,Corangamite CMA,20,Buckley
117290,-37.558224,141.9933781,Not known,54,,(Not set),16.6,Bulart
117744,-37.10905248,142.9900284,TRANSLATION,54,,(Not set),6,Bulgana
117745,-37.15227571,142.9922871,TRANSLATION,54,,(Not set),14,Bulgana
WRK956139,-37.10396428,143.033268,NOT KNOWN,54,,Wimmera CMA,52,Bulgana
93323,-38.34302505,143.1438732,GPS - SKM VA,54,Southern Rural Water,Corangamite CMA,454,Bullaharre
119332,-37.48768034,144.0107472,GPS - SKM VA,55,Goulburn-Murray Water,North Central CMA,69,Bullarook
119341,-37.52502558,143.9919989,GLOBAL POSIT,54,Southern Rural Water,Corangamite CMA,80,Bullarook
40594,-35.43950362,142.8194026,GPS - SKM VA,54,Grampians Wimmera Mallee Water,Mallee CMA,8.3,Buloke Shire
40599,-35.23258916,142.8193271,GPS - SKM VA,54,Grampians Wimmera Mallee Water,Mallee CMA,6.1,Buloke Shire
40635,-35.30888469,142.7796031,GPS - SKM VA,54,Grampians Wimmera Mallee Water,Mallee CMA,37,Buloke Shire
40636,-35.30889114,142.779573,GPS - SKM VA,54,Grampians Wimmera Mallee Water,Mallee CMA,3.4,Buloke Shire
40637,-35.40113806,142.7847442,GPS - SKM VA,54,Grampians Wimmera Mallee Water,Mallee CMA,25,Buloke Shire
40638,-35.40116969,142.7847578,GPS - SKM VA,54,Grampians Wimmera Mallee Water,Mallee CMA,3.1,Buloke Shire
40642,-35.23926259,142.8565682,GPS - SKM VA,54,Grampians Wimmera Mallee Water,Mallee CMA,3.73,Buloke Shire
40644,-35.31056717,142.8487912,GPS - SKM VA,54,Grampians Wimmera Mallee Water,Mallee CMA,5.5,Buloke Shire
40645,-35.31059715,142.8487586,GPS - SKM VA,54,Grampians Wimmera Mallee Water,Mallee CMA,2,Buloke Shire
40646,-35.31058841,142.8487757,GPS - SKM VA,54,Grampians Wimmera Mallee Water,Mallee CMA,20.5,Buloke Shire
40647,-35.44124778,142.8208808,GPS - SKM VA,54,Grampians Wimmera Mallee Water,Mallee CMA,25,Buloke Shire
51346,-35.44267081,142.8220837,GPS - SKM VA,54,Grampians Wimmera Mallee Water,Mallee CMA,295,Buloke Shire
51347,-35.43708318,142.8239,GPS - SKM VA,54,Grampians Wimmera Mallee Water,Mallee CMA,72,Buloke Shire
51348,-35.43690822,142.8239883,GPS - SKM VA,54,Grampians Wimmera Mallee Water,Mallee CMA,24,Buloke Shire
51350,-35.44263174,142.8218651,GPS - SKM VA,54,Grampians Wimmera Mallee Water,Mallee CMA,21,Buloke Shire
93224,-36.27955668,145.3598254,GPS - SKM VA,55,Goulburn-Murray Water,Goulburn Broken CMA,112,Bunbartha
WRK006507,-36.22947093,145.3419979,Water Regist,55,Goulburn-Murray Water,(Not set),91.4,Bunbartha
52873,-38.02839668,147.024799,TRANSLATION,55,,(Not set),20,Bundalaguah
52875,-38.04957057,147.0446031,TRANSLATION,55,,(Not set),17.5,Bundalaguah
52893,-38.04957057,147.0446031,TRANSLATION,55,,(Not set),10.18,Bundalaguah
52894,-38.04957057,147.0446031,TRANSLATION,55,,(Not set),5.42,Bundalaguah
126436,-38.05632548,147.056006,TRANSLATION,55,,(Not set),35,Bundalaguah
127896,-38.05767238,147.0660379,TRANSLATION,55,Southern Rural Water,(Not set),16,Bundalaguah
127897,-38.05677446,147.058856,TRANSLATION,55,Southern Rural Water,(Not set),16,Bundalaguah
127898,-38.05569654,147.0505341,TRANSLATION,55,Southern Rural Water,(Not set),17.5,Bundalaguah
130368,-38.02578413,146.9829486,TRANSLATION,55,Southern Rural Water,(Not set),10,Bundalaguah
131246,-38.03425699,146.9991275,TRANSLATION,55,Southern Rural Water,(Not set),10.5,Bundalaguah
136519,-38.0338016,147.0346799,TRANSLATION,55,Southern Rural Water,(Not set),18,Bundalaguah
136533,-38.04759273,147.0294443,TRANSLATION,55,Southern Rural Water,(Not set),19,Bundalaguah
137476,-38.02992557,147.0354759,TRANSLATION,55,Southern Rural Water,(Not set),7.5,Bundalaguah
137539,-38.03001557,147.0354759,TRANSLATION,55,Southern Rural Water,(Not set),18,Bundalaguah
52896,-36.01955898,146.119201,GPS - SKM VA,55,Goulburn-Murray Water,Goulburn Broken CMA,65,Bundalong
52897,-36.01953788,146.1192002,GPS - SKM VA,55,Goulburn-Murray Water,Goulburn Broken CMA,17,Bundalong
52898,-36.01957294,146.1191984,GPS - SKM VA,55,Goulburn-Murray Water,Goulburn Broken CMA,27,Bundalong
WRK957261,-36.09918712,146.1787644,NOT KNOWN,55,,North East CMA,11.6,Bundalong South
WRK957262,-36.09218281,146.1894676,NOT KNOWN,55,,North East CMA,15.7,Bundalong South
WRK957263,-36.09181303,146.1921151,NOT KNOWN,55,,North East CMA,11.31,Bundalong South
WRK051533,-37.55162,144.193038,GLOBAL POSIT,55,Southern Rural Water,Melbourne Water CMA,,Bunding
WRK992389,-37.551621,144.19307,GLOBAL POSIT,55,Southern Rural Water,Melbourne Water CMA,150,Bunding
SP068252,-37.0611,143.56246,GLOBAL POSIT,54,Goulburn-Murray Water,North Central CMA,84,Bung Bong
SP069730,-37.06112,143.56261,GLOBAL POSIT,54,Goulburn-Murray Water,North Central CMA,105.5,Bung Bong
WRK062289,-37.10327343,143.5600214,GLOBAL POSIT,54,Goulburn-Murray Water,(Not set),18,Bung Bong
117636,-38.45168582,143.3297959,TRANSLATION,54,,(Not set),20,Bungador
117637,-38.45168582,143.3297959,TRANSLATION,54,,(Not set),10,Bungador
117638,-38.45168582,143.3297959,TRANSLATION,54,,(Not set),5,Bungador
117642,-38.44119378,143.3272808,TRANSLATION,54,,(Not set),20,Bungador
117643,-38.44119378,143.3272808,TRANSLATION,54,,(Not set),10,Bungador
117644,-38.44119378,143.3272808,TRANSLATION,54,,(Not set),5,Bungador
117648,-38.41915761,143.3297803,TRANSLATION,54,,(Not set),20,Bungador
117649,-38.41915761,143.3297803,TRANSLATION,54,,(Not set),10,Bungador
117650,-38.41915761,143.3297803,TRANSLATION,54,,(Not set),5,Bungador
119329,-37.55945549,143.9858408,GPS - SKM VA,54,Southern Rural Water,Corangamite CMA,20,Bungaree
119337,-37.56447389,144.0223414,GPS - SKM VA,55,Southern Rural Water,Corangamite CMA,66,Bungaree
119338,-37.56444822,144.0223501,GPS - SKM VA,55,Southern Rural Water,Corangamite CMA,8,Bungaree
119367,-37.56770834,143.9849257,GPS - SKM VA,54,Southern Rural Water,Corangamite CMA,19,Bungaree
WRK039950,-37.55051039,143.9877902,NOT KNOWN,54,Southern Rural Water,(Not set),,Bungaree
118873,-36.26201529,146.0650468,TRANSLATION,55,,(Not set),15.5,Bungeet
118884,-36.26380032,146.0627989,TRANSLATION,55,,(Not set),10,Bungeet
118885,-36.26198034,146.0605939,TRANSLATION,55,,(Not set),8,Bungeet
118889,-36.27029799,146.0529458,Not known,55,,(Not set),18,Bungeet
118867,-36.33333067,145.9672604,TRANSLATION,55,,(Not set),13,Bungeet West
118870,-36.31996241,145.9852599,TRANSLATION,55,,(Not set),15.5,Bungeet West
118872,-36.31822632,145.9930808,TRANSLATION,55,,(Not set),17.5,Bungeet West
118886,-36.32809443,145.987383,TRANSLATION,55,,(Not set),13,Bungeet West
118887,-36.32541838,145.9907599,TRANSLATION,55,,(Not set),14,Bungeet West
119380,-36.07644951,143.3733772,GPS - SKM VA,54,Grampians Wimmera Mallee Water,North Central CMA,12.5,Bunguluke
119381,-36.07689233,143.3833104,GPS - SKM VA,54,Grampians Wimmera Mallee Water,North Central CMA,8,Bunguluke
54574,-37.56569502,143.7100365,GLOBAL POSIT,54,Southern Rural Water,Corangamite CMA,65,Bunkers Hill
71848,-38.10111412,145.7391526,GPS - SKM VA,55,Southern Rural Water,Melbourne Water CMA,67.06,Bunyip
WRK957473,-38.07514822,145.6981454,NOT KNOWN,55,,Melbourne Water CMA,20,Bunyip
36161,-35.80774072,144.3296076,TRANSLATION,55,,(Not set),22,Burkes Bridge
36162,-35.80774072,144.3296076,TRANSLATION,55,,(Not set),13.27,Burkes Bridge
36163,-35.81635296,144.311614,TRANSLATION,55,,(Not set),25,Burkes Bridge
36164,-35.81635296,144.311614,TRANSLATION,55,,(Not set),7.07,Burkes Bridge
110518,-35.80681573,144.3285326,TRANSLATION,55,,(Not set),267.3,Burkes Bridge
110519,-35.80681573,144.3285326,TRANSLATION,55,,(Not set),78,Burkes Bridge
118178,-36.67803363,143.5387823,TRANSLATION,54,,(Not set),19,Burkes Flat
118179,-36.67946489,143.5406243,TRANSLATION,54,,(Not set),14,Burkes Flat
118182,-36.66419279,143.5445919,TRANSLATION,54,,(Not set),19,Burkes Flat
118183,-36.66431911,143.5445849,TRANSLATION,54,,(Not set),14,Burkes Flat
118185,-36.65529084,143.533118,TRANSLATION,54,,(Not set),12,Burkes Flat
118191,-36.67408487,143.5393282,TRANSLATION,54,,(Not set),21.3,Burkes Flat
WRK952872,-37.231737,143.579899,TRANSLATION,54,Goulburn-Murray Water,North Central CMA,80,Burnbank
WRK952873,-37.231809,143.579938,TRANSLATION,54,Goulburn-Murray Water,North Central CMA,54,Burnbank
53661,-36.45925861,144.6689808,GPS - SKM VA,55,Goulburn-Murray Water,North Central CMA,18,Burnewang
WRK007444,-36.48779002,144.62685,G-MW <30M VA,55,Goulburn-Murray Water,(Not set),55,Burnewang
53671,-36.52806262,144.8586569,GPS - SKM VA,55,Goulburn-Murray Water,Goulburn Broken CMA,61,Burramboot
53672,-36.52805451,144.858742,GPS - SKM VA,55,Goulburn-Murray Water,Goulburn Broken CMA,12,Burramboot
116715,-36.53050656,144.8633439,TRANSLATION,55,Goulburn-Murray Water,(Not set),38,Burramboot
116716,-36.52996661,144.858333,TRANSLATION,55,Goulburn-Murray Water,(Not set),38,Burramboot
116717,-36.54538171,144.7651936,TRANSLATION,55,Goulburn-Murray Water,(Not set),69,Burramboot
116722,-36.51860768,144.7553553,TRANSLATION,55,Goulburn-Murray Water,(Not set),46,Burramboot
116723,-36.51619775,144.7470503,TRANSLATION,55,Goulburn-Murray Water,(Not set),49,Burramboot
116724,-36.51475354,144.766075,TRANSLATION,55,Goulburn-Murray Water,(Not set),35,Burramboot
116726,-36.54566381,144.7562487,TRANSLATION,55,Goulburn-Murray Water,(Not set),91,Burramboot
53673,-35.98107564,145.8776655,GPS - SKM VA,55,Goulburn-Murray Water,Goulburn Broken CMA,120,Burramine
53674,-36.02624623,145.8773459,GPS - SKM VA,55,Goulburn-Murray Water,Goulburn Broken CMA,115,Burramine
53675,-35.98105275,145.8777499,GPS - SKM VA,55,Goulburn-Murray Water,Goulburn Broken CMA,16,Burramine
53676,-36.02623772,145.877369,GPS - SKM VA,55,Goulburn-Murray Water,Goulburn Broken CMA,19.5,Burramine
53677,-35.98112607,145.8776877,GPS - SKM VA,55,Goulburn-Murray Water,Goulburn Broken CMA,60,Burramine
53678,-36.02622584,145.8773732,GPS - SKM VA,55,Goulburn-Murray Water,Goulburn Broken CMA,20.5,Burramine
53679,-36.0698917,145.8854582,GPS - SKM VA,55,Goulburn-Murray Water,Goulburn Broken CMA,34,Burramine
114136,-36.04070821,145.8510286,GPS - SKM VA,55,Goulburn-Murray Water,Goulburn Broken CMA,94,Burramine
114137,-36.04070572,145.8509942,GPS - SKM VA,55,Goulburn-Murray Water,Goulburn Broken CMA,10,Burramine
114953,-36.01171759,145.8777571,GPS - SKM VA,55,Goulburn-Murray Water,Goulburn Broken CMA,42,Burramine
114954,-36.01170704,145.8778067,GPS - SKM VA,55,Goulburn-Murray Water,Goulburn Broken CMA,25,Burramine
WRK008340,-36.00138,145.8182,G-MW <30M VA,55,,(Not set),12,Burramine
WRK017725,-37.424818,145.700308,GLOBAL POSIT,55,Goulburn-Murray Water,Goulburn Broken CMA,12,Buxton
146024,-37.96138555,141.9029833,GPS - SKM VA,54,Southern Rural Water,Glenelg Hopkins CMA,152.5,Byaduk
WRK957407,-36.28355923,146.4566183,NOT KNOWN,55,,North East CMA,5.64,Byawatha
WRK957408,-36.28165962,146.4552173,NOT KNOWN,55,,North East CMA,3.59,Byawatha
WRK957409,-36.28029479,146.4544474,NOT KNOWN,55,,North East CMA,6.85,Byawatha
WRK957410,-36.27906235,146.4570169,NOT KNOWN,55,,North East CMA,12.82,Byawatha
WRK957411,-36.28140421,146.4565442,NOT KNOWN,55,,North East CMA,11.49,Byawatha
WRK957414,-36.28142204,146.4564995,NOT KNOWN,55,,North East CMA,5.59,Byawatha
WRK957415,-36.28295976,146.4576246,NOT KNOWN,55,,North East CMA,12.91,Byawatha
WRK957416,-36.27866011,146.4597699,NOT KNOWN,55,,North East CMA,18.78,Byawatha
WRK957417,-36.27787449,146.4594859,NOT KNOWN,55,,North East CMA,7.9,Byawatha
WRK956872,-37.35913664,144.8840509,NOT KNOWN,55,,Melbourne Water CMA,14,Bylands
WRK956873,-37.36003741,144.8840256,NOT KNOWN,55,,Melbourne Water CMA,7,Bylands
WRK956876,-37.35727446,144.8807163,NOT KNOWN,55,,Melbourne Water CMA,10,Bylands
WRK008279,-36.38205419,145.1964869,G-MW DESKTOP,55,Goulburn-Murray Water,(Not set),12,Byrneside
WRK009502,-36.38942383,145.1819681,G-MW DESKTOP,55,Goulburn-Murray Water,(Not set),12.3,Byrneside
106102,-38.25901142,145.5064284,GPS - SKM VA,55,Southern Rural Water,Melbourne Water CMA,183.18,Caldermeade
109782,-38.25919968,145.5064897,GLOBAL POSIT,55,Southern Rural Water,Melbourne Water CMA,225.25,Caldermeade
36353,-36.2992046,144.1086399,TRANSLATION,55,,(Not set),3.4,Calivil
36356,-36.29887935,144.0401828,TRANSLATION,55,,(Not set),5.3,Calivil
54342,-36.23716283,144.0839038,GLOBAL POSIT,55,Goulburn-Murray Water,North Central CMA,151.79,Calivil
54343,-36.23716798,144.084115,GLOBAL POSIT,55,Goulburn-Murray Water,North Central CMA,100.28,Calivil
54346,-36.237156,144.083993,GLOBAL POSIT,55,Goulburn-Murray Water,North Central CMA,69,Calivil
54348,-36.24869342,144.0774336,GLOBAL POSIT,55,Goulburn-Murray Water,North Central CMA,125.5,Calivil
54349,-36.24865631,144.0773905,GLOBAL POSIT,55,Goulburn-Murray Water,North Central CMA,110,Calivil
54350,-36.24857446,144.0773602,GLOBAL POSIT,55,Goulburn-Murray Water,North Central CMA,46,Calivil
54352,-36.23716039,144.0838038,GLOBAL POSIT,55,Goulburn-Murray Water,North Central CMA,36,Calivil
WRK005829,-36.29832205,144.0774187,G-MW <30M VA,55,,(Not set),70,Calivil
WRK007806,-36.30884174,144.0838233,G-MW FIELD V,55,,(Not set),91,Calivil
WRK059856,-36.3113242,144.0642894,GLOBAL POSIT,55,Goulburn-Murray Water,North Central CMA,88,Calivil
WRK059857,-36.31129234,144.0642739,GLOBAL POSIT,55,Goulburn-Murray Water,North Central CMA,52.1,Calivil
WRK060334,-36.31127406,144.0642634,GLOBAL POSIT,55,Goulburn-Murray Water,North Central CMA,28,Calivil
WRK061344,-36.28518383,144.1306381,NOT KNOWN,55,Goulburn-Murray Water,(Not set),73,Calivil
WRK088679,-36.27482529,144.1162475,NOT KNOWN,55,Goulburn-Murray Water,(Not set),108,Calivil
WRK117036,-36.23710195,144.0841149,Not known,55,Goulburn-Murray Water,North Central CMA,,Calivil
116750,-36.78031932,142.745065,TRANSLATION,54,Grampians Wimmera Mallee Water,(Not set),36,Callawadda
107928,-36.61766823,144.0861036,GLOBAL POSIT,55,Goulburn-Murray Water,North Central CMA,82.5,Campbells Forest
107929,-36.61762376,144.0861276,GLOBAL POSIT,55,Goulburn-Murray Water,North Central CMA,30.7,Campbells Forest
75851,-35.99176319,143.8428723,GPS - SKM VA,54,Goulburn-Murray Water,North Central CMA,42,Canary Island
54408,-36.45653796,145.5954511,GPS - SKM VA,55,Goulburn-Murray Water,Goulburn Broken CMA,51,Caniambo
54409,-36.45654307,145.5954486,GPS - SKM VA,55,Goulburn-Murray Water,Goulburn Broken CMA,15,Caniambo
116654,-36.48321373,145.6560545,TRANSLATION,55,,(Not set),100,Caniambo
116660,-36.47735996,145.6327147,TRANSLATION,55,Goulburn-Murray Water,(Not set),76,Caniambo
116661,-36.49025076,145.6564906,TRANSLATION,55,Goulburn-Murray Water,(Not set),68,Caniambo
116662,-36.4930357,145.6636996,TRANSLATION,55,Goulburn-Murray Water,(Not set),110,Caniambo
116663,-36.48360962,145.6672103,TRANSLATION,55,Goulburn-Murray Water,(Not set),68,Caniambo
116669,-36.49184397,145.6380419,TRANSLATION,55,Goulburn-Murray Water,(Not set),91,Caniambo
116670,-36.49224644,145.5950526,TRANSLATION,55,Goulburn-Murray Water,(Not set),83,Caniambo
116682,-36.46451368,145.6524712,TRANSLATION,55,Goulburn-Murray Water,(Not set),61,Caniambo
118695,-36.48729641,145.5957005,TRANSLATION,55,,(Not set),16.6,Caniambo
118696,-36.48729641,145.5957005,TRANSLATION,55,,(Not set),6.8,Caniambo
118716,-36.48702681,145.6504066,TRANSLATION,55,,(Not set),20,Caniambo
118717,-36.48476081,145.6493296,TRANSLATION,55,,(Not set),18,Caniambo
118718,-36.48476081,145.6493296,TRANSLATION,55,,(Not set),11,Caniambo
118719,-36.48370695,145.6359518,TRANSLATION,55,,(Not set),20,Caniambo
118720,-36.48370695,145.6359518,TRANSLATION,55,,(Not set),5,Caniambo
118723,-36.48775598,145.6353229,TRANSLATION,55,,(Not set),11,Caniambo
118726,-36.4873889,145.6425858,TRANSLATION,55,,(Not set),19,Caniambo
91030,-38.21002492,145.2797957,GLOBAL POSIT,55,Southern Rural Water,Melbourne Water CMA,50.29,Cannons Creek
WRK966215,-38.2139,145.31571,NOT KNOWN,55,Southern Rural Water,Melbourne Water CMA,90,Cannons Creek
WRK966216,-38.21388934,145.3157237,GLOBAL POSIT,55,Southern Rural Water,Melbourne Water CMA,86,Cannons Creek
93794,-38.35818432,141.4550602,GLOBAL POSIT,54,Southern Rural Water,Glenelg Hopkins CMA,1728.5,Cape Bridgewater
WRK962013,-38.46755723,144.8927011,TRANSLATION,55,Southern Rural Water,Melbourne Water CMA,100,Cape Schanck
100024,-38.38132461,144.8641779,GLOBAL POSIT,55,Southern Rural Water,Melbourne Water CMA,50,Capel Sound
100025,-38.38124906,144.8642843,GLOBAL POSIT,55,Southern Rural Water,Melbourne Water CMA,19,Capel Sound
WRK962010,-38.36669895,144.8788982,TRANSLATION,55,Southern Rural Water,Melbourne Water CMA,80,Capel Sound
WRK962011,-38.36668372,144.8789082,TRANSLATION,55,Southern Rural Water,Melbourne Water CMA,80,Capel Sound
82757,-35.60806237,143.9379729,GPS - SKM VA,54,Goulburn-Murray Water,North Central CMA,214,Capels Crossing
82758,-35.60807891,143.9380039,GPS - SKM VA,54,Goulburn-Murray Water,North Central CMA,90,Capels Crossing
82759,-35.60809855,143.9380191,GPS - SKM VA,54,Goulburn-Murray Water,North Central CMA,18,Capels Crossing
54456,-36.48441077,144.9050026,GPS - SKM VA,55,Goulburn-Murray Water,Goulburn Broken CMA,58,Carag Carag
54458,-36.43228215,144.8861538,GPS - SKM VA,55,Goulburn-Murray Water,Goulburn Broken CMA,27,Carag Carag
54459,-36.48440686,144.9048668,GPS - SKM VA,55,Goulburn-Murray Water,Goulburn Broken CMA,15,Carag Carag
110104,-37.91123216,142.5843936,GPS - SKM VA,54,Southern Rural Water,Glenelg Hopkins CMA,101,Caramut
110105,-37.94871252,142.5396109,GPS - SKM VA,54,Southern Rural Water,Glenelg Hopkins CMA,80,Caramut
110106,-37.94875344,142.5395773,GPS - SKM VA,54,Southern Rural Water,Glenelg Hopkins CMA,23,Caramut
WRK956583,-36.7138105,143.3121545,NOT KNOWN,54,,North Central CMA,20.5,Carapooee
WRK956594,-36.72750955,143.3135618,NOT KNOWN,54,,North Central CMA,20.5,Carapooee
WRK957926,-36.68682436,143.3154977,NOT KNOWN,54,,North Central CMA,8.5,Carapooee
WRK957927,-36.67073595,143.3376603,NOT KNOWN,54,,North Central CMA,11.5,Carapooee
WRK957925,-36.70381953,143.2740558,NOT KNOWN,54,,North Central CMA,16,Carapooee West
WRK957932,-36.70386414,143.2740795,NOT KNOWN,54,,North Central CMA,4,Carapooee West
54598,-37.53674275,143.7401765,GPS - SKM VA,54,Southern Rural Water,Corangamite CMA,84,Cardigan
WRK057103,-38.17564701,145.4230581,NOT KNOWN,55,Southern Rural Water,Melbourne Water CMA,76.45,Cardinia
WRK057105,-38.17559944,145.4229986,NOT KNOWN,55,Southern Rural Water,Melbourne Water CMA,45,Cardinia
7743,-34.30267187,142.1273099,TRANSLATION,54,,(Not set),30.1,Cardross
7744,-34.30025379,142.1572002,TRANSLATION,54,,(Not set),30.1,Cardross
137197,-35.18038808,141.0690881,GPS - SKM VA,54,Grampians Wimmera Mallee Water,Mallee CMA,45,Carina
8003582,-35.18038897,141.0691042,NOT KNOWN,54,Grampians Wimmera Mallee Water,Mallee CMA,100,Carina
SP068234,-37.040124,143.840236,GLOBAL POSIT,54,Goulburn-Murray Water,North Central CMA,91,Carisbrook
SP068235,-37.040127,143.840296,GLOBAL POSIT,54,Goulburn-Murray Water,North Central CMA,114,Carisbrook
WRK006120,-37.01984876,143.8765794,G-MW <100M V,54,Goulburn-Murray Water,(Not set),104,Carisbrook
WRK006233,-37.02006567,143.8886081,G-MW DESKTOP,54,Goulburn-Murray Water,(Not set),89.9,Carisbrook
WRK007488,-37.04511012,143.8085,G-MW FIELD V,54,Goulburn-Murray Water,(Not set),12,Carisbrook
WRK013826,-37.02730873,143.8591256,Water Regist,54,Goulburn-Murray Water,(Not set),,Carisbrook
WRK060825,-37.06159594,143.8105445,GLOBAL POSIT,54,Goulburn-Murray Water,(Not set),23,Carisbrook
80229,-38.58386334,143.3969918,GPS - SKM VA,54,Southern Rural Water,Corangamite CMA,161,Carlisle River
80730,-38.54554786,143.4578491,GLOBAL POSIT,54,Southern Rural Water,Corangamite CMA,217,Carlisle River
80734,-38.54444424,143.4774828,GPS - SKM VA,54,Southern Rural Water,Corangamite CMA,168,Carlisle River
80735,-38.53607098,143.5232928,GLOBAL POSIT,54,Southern Rural Water,Corangamite CMA,166.7,Carlisle River
80737,-38.55349828,143.47724,GPS - SKM VA,54,Southern Rural Water,Corangamite CMA,135,Carlisle River
80739,-38.56061957,143.4588292,GPS - SKM VA,54,Southern Rural Water,Corangamite CMA,136.5,Carlisle River
84749,-38.51374031,143.4102028,GLOBAL POSIT,54,Southern Rural Water,Corangamite CMA,45.5,Carlisle River
84751,-38.52355492,143.450939,GPS - SKM VA,54,Southern Rural Water,Corangamite CMA,49,Carlisle River
85785,-38.55597319,143.3700336,GPS - SKM VA,54,Southern Rural Water,Corangamite CMA,98.61,Carlisle River
85786,-38.5521534,143.4095807,GPS - SKM VA,54,Southern Rural Water,Corangamite CMA,227,Carlisle River
85788,-38.5433482,143.4221845,GPS - SKM VA,54,Southern Rural Water,Corangamite CMA,53.95,Carlisle River
85789,-38.56857903,143.4225535,GPS - SKM VA,54,Southern Rural Water,Corangamite CMA,165.5,Carlisle River
85790,-38.5363935,143.3948395,GPS - SKM VA,54,Southern Rural Water,Corangamite CMA,117.5,Carlisle River
85791,-38.56130283,143.4401259,GPS - SKM VA,54,Southern Rural Water,Corangamite CMA,192.5,Carlisle River
85793,-38.5632142,143.3923301,GPS - SKM VA,54,Southern Rural Water,Corangamite CMA,173.5,Carlisle River
85794,-38.54137858,143.4421027,GPS - SKM VA,54,Southern Rural Water,Corangamite CMA,168,Carlisle River
108905,-38.53072631,143.5062105,GLOBAL POSIT,54,Southern Rural Water,Corangamite CMA,135.5,Carlisle River
WRK017614,-37.32486618,144.4590046,GLOBAL POSIT,55,Goulburn-Murray Water,North Central CMA,44,Carlsruhe
WRK054555,-36.0006416,146.5173711,GLOBAL POSIT,55,Goulburn-Murray Water,North East CMA,120,Carlyle
WRK054556,-36.0006426,146.5173889,GLOBAL POSIT,55,Goulburn-Murray Water,North East CMA,60,Carlyle
WRK054826,-36.0006435,146.5174011,GLOBAL POSIT,55,Goulburn-Murray Water,North East CMA,30,Carlyle
87529,-37.97941253,140.9668488,GLOBAL POSIT,54,Southern Rural Water,Glenelg Hopkins CMA,25,Caroline
54927,-38.38029636,143.2792941,GPS - SKM VA,54,Southern Rural Water,Corangamite CMA,5.7,Carpendeit
46853,-37.70067727,143.2014206,GLOBAL POSIT,54,Southern Rural Water,Glenelg Hopkins CMA,85,Carranballac
46854,-37.70066422,143.2014549,GPS - SKM VA,54,Southern Rural Water,Glenelg Hopkins CMA,36,Carranballac
7003,-34.37295733,142.2202226,TRANSLATION,54,,(Not set),20.1,Carwarp
7007,-34.45826016,142.2282821,TRANSLATION,54,,(Not set),30,Carwarp
7011,-34.50169803,142.2276346,TRANSLATION,54,,(Not set),9.26,Carwarp
7012,-34.50405491,142.2665806,TRANSLATION,54,,(Not set),14.83,Carwarp
7026,-34.45826156,142.2282977,TRANSLATION,54,,(Not set),8.5,Carwarp
7489,-34.43257582,142.1916649,TRANSLATION,54,,(Not set),30,Carwarp
7494,-34.43377881,142.2304666,TRANSLATION,54,,(Not set),30,Carwarp
7526,-34.38110135,142.2303658,TRANSLATION,54,,(Not set),20,Carwarp
7564,-34.43380884,142.2304658,TRANSLATION,54,,(Not set),28.5,Carwarp
7587,-34.50213803,142.1467059,TRANSLATION,54,,(Not set),30,Carwarp
7632,-34.42411147,142.2304763,TRANSLATION,54,,(Not set),30.2,Carwarp
7657,-34.40503509,142.1881536,TRANSLATION,54,,(Not set),30,Carwarp
7659,-34.38196119,142.2075345,TRANSLATION,54,,(Not set),29,Carwarp
7877,-34.46299927,142.0792129,TRANSLATION,54,,(Not set),60,Carwarp
7882,-34.46214826,142.0797547,TRANSLATION,54,,(Not set),16.2,Carwarp
WRK017745,-37.51557945,145.4195804,GLOBAL POSIT,55,Goulburn-Murray Water,Goulburn Broken CMA,79,Castella
WRK017746,-37.51558846,145.4195802,GLOBAL POSIT,55,Goulburn-Murray Water,Goulburn Broken CMA,40,Castella
50978,-36.05459669,143.6611481,GPS - SKM VA,54,Goulburn-Murray Water,North Central CMA,62,Catumnal
50979,-36.05459826,143.6611019,GPS - SKM VA,54,Goulburn-Murray Water,North Central CMA,55,Catumnal
50980,-36.05459119,143.6610834,GPS - SKM VA,54,Goulburn-Murray Water,North Central CMA,29,Catumnal
80230,-38.61379907,143.3065065,GLOBAL POSIT,54,Southern Rural Water,Corangamite CMA,213,Chapple Vale
103886,-38.56234899,143.2904503,GLOBAL POSIT,54,Southern Rural Water,Corangamite CMA,281,Chapple Vale
103887,-38.5623084,143.2904524,GLOBAL POSIT,54,Southern Rural Water,Corangamite CMA,49,Chapple Vale
8004258,-36.99205691,141.4912928,NOT KNOWN,54,Grampians Wimmera Mallee Water,Wimmera CMA,55,Charam
119378,-36.26844605,143.36904,GPS - SKM VA,54,Grampians Wimmera Mallee Water,North Central CMA,11.5,Charlton
116778,-37.87692143,142.7012672,TRANSLATION,54,Southern Rural Water,(Not set),68,Chatsworth
116779,-37.79153007,142.6856788,TRANSLATION,54,Southern Rural Water,(Not set),60,Chatsworth
117442,-37.83944525,142.685894,Not known,54,,(Not set),16,Chatsworth
117448,-37.86121118,142.6578581,Not known,54,,(Not set),18,Chatsworth
117452,-37.8618259,142.6577241,Not known,54,,(Not set),6,Chatsworth
117453,-37.86181705,142.6577125,Not known,54,,(Not set),1,Chatsworth
117454,-37.86236709,142.6576907,Not known,54,,(Not set),18,Chatsworth
117455,-37.86238479,142.6577139,Not known,54,,(Not set),5,Chatsworth
117458,-37.86358815,142.6573771,Not known,54,,(Not set),7,Chatsworth
117460,-37.86512453,142.6570704,Not known,54,,(Not set),18,Chatsworth
117461,-37.86512437,142.6570818,Not known,54,,(Not set),7,Chatsworth
127479,-37.9645161,145.0899659,GPS - SKM VA,55,Southern Rural Water,Melbourne Water CMA,17,Cheltenham
127480,-37.96451224,145.0899445,GPS - SKM VA,55,Southern Rural Water,Melbourne Water CMA,30,Cheltenham
WRK957403,-36.20785609,146.665438,NOT KNOWN,55,,North East CMA,16.93,Chiltern
WRK957404,-36.19699464,146.6535826,NOT KNOWN,55,,North East CMA,12.44,Chiltern
WRK957405,-36.22077258,146.6278426,NOT KNOWN,55,,North East CMA,18.43,Chiltern
WRK957406,-36.21340048,146.5979948,NOT KNOWN,55,,North East CMA,29.8,Chiltern
WRK957425,-36.18853667,146.6120019,NOT KNOWN,55,,North East CMA,30.9,Chiltern
WRK957426,-36.1885186,146.6119909,NOT KNOWN,55,,North East CMA,16.59,Chiltern
WRK957427,-36.20161941,146.6207918,NOT KNOWN,55,,North East CMA,12.45,Chiltern
WRK957428,-36.19325965,146.6315987,NOT KNOWN,55,,North East CMA,18.3,Chiltern
WRK957429,-36.18781136,146.6306678,NOT KNOWN,55,,North East CMA,27.95,Chiltern
WRK957430,-36.18782027,146.6306344,NOT KNOWN,55,,North East CMA,18.42,Chiltern
WRK957431,-36.18444163,146.6313509,NOT KNOWN,55,,North East CMA,12.01,Chiltern
WRK957432,-36.18294766,146.6564803,NOT KNOWN,55,,North East CMA,31,Chiltern
WRK957433,-36.1829748,146.6565136,NOT KNOWN,55,,North East CMA,18.75,Chiltern
WRK957434,-36.19698572,146.653616,NOT KNOWN,55,,North East CMA,4.27,Chiltern
55220,-36.1563674,146.5796027,GPS - SKM VA,55,Goulburn-Murray Water,North East CMA,64,Chiltern Valley
6093,-35.18750709,142.9964992,GPS - SKM VA,54,Grampians Wimmera Mallee Water,Mallee CMA,30,Chinkapook
6095,-35.19859968,142.9098037,GPS - SKM VA,54,Grampians Wimmera Mallee Water,Mallee CMA,25,Chinkapook
40600,-35.24710368,142.9717759,GPS - SKM VA,54,Grampians Wimmera Mallee Water,Mallee CMA,6.6,Chinkapook
40620,-35.20986439,142.8566666,GPS - SKM VA,54,Grampians Wimmera Mallee Water,Mallee CMA,15,Chinkapook
40630,-35.24250299,142.9088344,GPS - SKM VA,54,Grampians Wimmera Mallee Water,Mallee CMA,21,Chinkapook
40641,-35.23924126,142.8565366,GPS - SKM VA,54,Grampians Wimmera Mallee Water,Mallee CMA,11,Chinkapook
40643,-35.23920158,142.8565666,GPS - SKM VA,54,Grampians Wimmera Mallee Water,Mallee CMA,25,Chinkapook
116787,-37.28695233,143.4515161,TRANSLATION,54,Southern Rural Water,(Not set),91.5,Chute
117871,-37.32078479,143.42779,TRANSLATION,54,,(Not set),17.3,Chute
117872,-37.32078479,143.42779,TRANSLATION,54,,(Not set),3.3,Chute
119331,-37.51461242,144.0308497,GPS - SKM VA,55,Southern Rural Water,Corangamite CMA,42,Claretown
144994,-37.53324236,144.0274614,GLOBAL POSIT,55,Southern Rural Water,Corangamite CMA,46,Claretown
144995,-37.53328659,144.0274393,GLOBAL POSIT,55,Southern Rural Water,Corangamite CMA,30,Claretown
81425,-37.93390964,145.1016205,GPS - SKM VA,55,Southern Rural Water,Melbourne Water CMA,13.72,Clarinda
81426,-37.93390966,145.1015937,GPS - SKM VA,55,Southern Rural Water,Melbourne Water CMA,29.87,Clarinda
81427,-37.93377265,145.1006648,GPS - SKM VA,55,Southern Rural Water,Melbourne Water CMA,31.39,Clarinda
81430,-37.93503814,145.1030366,GPS - SKM VA,55,Southern Rural Water,Melbourne Water CMA,34.29,Clarinda
81431,-37.93505164,145.1030352,GPS - SKM VA,55,Southern Rural Water,Melbourne Water CMA,15.24,Clarinda
81436,-37.93095436,145.1036566,GPS - SKM VA,55,Southern Rural Water,Melbourne Water CMA,19.5,Clarinda
144996,-37.48316076,143.97426,GLOBAL POSIT,54,Goulburn-Murray Water,North Central CMA,40,Clarkes Hill
144997,-37.48312447,143.9742698,GLOBAL POSIT,54,Goulburn-Murray Water,North Central CMA,25,Clarkes Hill
112202,-36.92164586,141.8240535,GLOBAL POSIT,54,Grampians Wimmera Mallee Water,Wimmera CMA,73.3,Clear Lake
112203,-36.92164003,141.8240231,GLOBAL POSIT,54,Grampians Wimmera Mallee Water,Wimmera CMA,15,Clear Lake
WRK990063,-38.2177891,145.9999448,GLOBAL POSIT,55,Southern Rural Water,West Gippsland CMA,164.5,Cloverlea
SP068256,-37.28862,143.808458,GLOBAL POSIT,54,Goulburn-Murray Water,North Central CMA,90,Clunes
SP068257,-37.288598,143.808491,GLOBAL POSIT,54,Goulburn-Murray Water,North Central CMA,90,Clunes
WRK952876,-37.31297,143.804783,TRANSLATION,54,Goulburn-Murray Water,North Central CMA,80,Clunes
126975,-38.11908519,145.329257,GLOBAL POSIT,55,Southern Rural Water,Melbourne Water CMA,49,Clyde
86465,-38.05637042,147.2168631,GLOBAL POSIT,55,Southern Rural Water,West Gippsland CMA,171.8,Clydebank
86466,-38.05638814,147.2168814,GLOBAL POSIT,55,Southern Rural Water,West Gippsland CMA,121.5,Clydebank
86653,-38.03722822,147.2535916,TRANSLATION,55,Southern Rural Water,(Not set),19.37,Clydebank
86654,-38.06198367,147.2241525,TRANSLATION,55,Southern Rural Water,(Not set),20,Clydebank
86662,-38.06042463,147.1358038,TRANSLATION,55,Southern Rural Water,(Not set),20.5,Clydebank
86664,-38.06000697,147.1955119,TRANSLATION,55,Southern Rural Water,(Not set),10.25,Clydebank
86666,-38.02232746,147.2240318,TRANSLATION,55,Southern Rural Water,(Not set),19.74,Clydebank
86667,-38.02232746,147.2240318,TRANSLATION,55,Southern Rural Water,(Not set),5.65,Clydebank
86737,-38.03722822,147.2535916,TRANSLATION,55,Southern Rural Water,(Not set),4.53,Clydebank
86744,-38.04168622,147.164545,TRANSLATION,55,,(Not set),25.25,Clydebank
86746,-38.04168622,147.164545,TRANSLATION,55,,(Not set),5.23,Clydebank
110201,-38.05327045,147.1490125,TRANSLATION,55,,(Not set),8.3,Clydebank
120796,-38.06471787,147.2071758,TRANSLATION,55,,(Not set),14.5,Clydebank
120799,-38.07102287,147.2095868,TRANSLATION,55,,(Not set),20.5,Clydebank
120997,-38.0193047,147.2007811,TRANSLATION,55,,(Not set),18.1,Clydebank
127613,-38.03374591,147.1884005,TRANSLATION,55,Southern Rural Water,(Not set),5,Clydebank
127614,-38.03082969,147.2076492,TRANSLATION,55,Southern Rural Water,(Not set),5,Clydebank
127615,-38.03082969,147.2076492,TRANSLATION,55,Southern Rural Water,(Not set),15,Clydebank
127620,-38.03374591,147.1884005,TRANSLATION,55,Southern Rural Water,(Not set),14,Clydebank
127996,-38.06718409,147.1880301,TRANSLATION,55,Southern Rural Water,(Not set),13,Clydebank
127997,-38.0576381,147.182876,TRANSLATION,55,Southern Rural Water,(Not set),11.5,Clydebank
136540,-38.0555588,147.118127,TRANSLATION,55,Southern Rural Water,(Not set),14.5,Clydebank
143747,-38.03022155,147.1283414,TRANSLATION,55,Southern Rural Water,(Not set),15,Clydebank
86464,-38.07272108,147.1146538,GLOBAL POSIT,55,Southern Rural Water,West Gippsland CMA,239.1,Cobains
86656,-38.07308913,147.1871332,TRANSLATION,55,Southern Rural Water,(Not set),21,Cobains
86657,-38.07308913,147.1871332,TRANSLATION,55,Southern Rural Water,(Not set),4.77,Cobains
86658,-38.06567223,147.1745743,TRANSLATION,55,Southern Rural Water,(Not set),20,Cobains
86659,-38.06567223,147.1745743,TRANSLATION,55,Southern Rural Water,(Not set),5.4,Cobains
86660,-38.06291652,147.1470717,TRANSLATION,55,Southern Rural Water,(Not set),17.26,Cobains
86661,-38.06291652,147.1470717,TRANSLATION,55,Southern Rural Water,(Not set),4.77,Cobains
86670,-38.07279146,147.1146712,GLOBAL POSIT,55,Southern Rural Water,West Gippsland CMA,79.86,Cobains
86726,-38.07250592,147.1147344,TRANSLATION,55,,(Not set),17,Cobains
86740,-38.06915224,147.0839478,TRANSLATION,55,,(Not set),5.66,Cobains
110199,-38.07831751,147.1549928,TRANSLATION,55,,(Not set),9,Cobains
110206,-38.07030857,147.1457408,TRANSLATION,55,,(Not set),13.4,Cobains
110208,-38.07490661,147.1446099,TRANSLATION,55,,(Not set),10.95,Cobains
115220,-38.07608569,147.1377711,TRANSLATION,55,,(Not set),15.7,Cobains
115221,-38.07134606,147.1018495,TRANSLATION,55,,(Not set),14.1,Cobains
115223,-38.09304391,147.1258285,TRANSLATION,55,,(Not set),14.6,Cobains
115225,-38.09304391,147.1258285,TRANSLATION,55,,(Not set),20.6,Cobains
115226,-38.09393784,147.1324445,TRANSLATION,55,,(Not set),16.7,Cobains
115245,-38.09393784,147.1324445,TRANSLATION,55,,(Not set),8.9,Cobains
119892,-38.06375538,147.1598635,TRANSLATION,55,,(Not set),12.2,Cobains
120800,-38.07490191,147.2078879,TRANSLATION,55,,(Not set),20.5,Cobains
120801,-38.07420608,147.1928362,TRANSLATION,55,,(Not set),13,Cobains
120802,-38.06771402,147.194529,TRANSLATION,55,,(Not set),12,Cobains
127135,-38.09044628,147.1818176,TRANSLATION,55,Southern Rural Water,(Not set),17.4,Cobains
127144,-38.08278322,147.1833945,TRANSLATION,55,Southern Rural Water,(Not set),14,Cobains
135416,-38.08198415,147.0983298,TRANSLATION,55,,(Not set),17.5,Cobains
WRK959553,-38.07738922,147.0852289,GLOBAL POSIT,55,Southern Rural Water,(Not set),15.5,Cobains
WRK956896,-37.27344256,144.6281153,NOT KNOWN,55,,Melbourne Water CMA,21,Cobaw
WRK956897,-37.27344256,144.6281153,NOT KNOWN,55,,Melbourne Water CMA,5,Cobaw
108379,-35.89920115,145.6318121,GPS - SKM VA,55,Goulburn-Murray Water,Goulburn Broken CMA,74.5,Cobram
108380,-35.89920101,145.6317999,GPS - SKM VA,55,Goulburn-Murray Water,Goulburn Broken CMA,30,Cobram
109466,-35.9699968,145.6358679,GPS - SKM VA,55,Goulburn-Murray Water,Goulburn Broken CMA,100,Cobram
109467,-35.97000616,145.6358625,GPS - SKM VA,55,Goulburn-Murray Water,Goulburn Broken CMA,100,Cobram
WRK006082,-35.90345,145.60753,G-MW <30M VA,55,Goulburn-Murray Water,(Not set),12,Cobram
WRK006083,-35.90533418,145.5977268,Water Regist,55,Goulburn-Murray Water,(Not set),10,Cobram
WRK006271,-35.97444831,145.6502401,Water Regist,55,Goulburn-Murray Water,(Not set),11,Cobram
WRK006318,-35.98266,145.67812,G-MW <30M VA,55,Goulburn-Murray Water,(Not set),15,Cobram
WRK006381,-35.96457,145.66621,G-MW <30M VA,55,Goulburn-Murray Water,(Not set),10.05,Cobram
WRK006465,-35.92424,145.5912,G-MW <30M VA,55,Goulburn-Murray Water,(Not set),12.5,Cobram
WRK006777,-35.92206,145.60137,G-MW <30M VA,55,Goulburn-Murray Water,(Not set),13.4,Cobram
WRK006834,-35.96260107,145.6937873,Water Regist,55,Goulburn-Murray Water,(Not set),70,Cobram
WRK006941,-35.91288285,145.6514243,G-MW <30M VA,55,Goulburn-Murray Water,(Not set),15,Cobram
WRK006942,-35.91884004,145.6496496,G-MW <100M V,55,Goulburn-Murray Water,(Not set),32,Cobram
WRK007135,-35.92149026,145.6520318,G-MW DESKTOP,55,Goulburn-Murray Water,(Not set),10,Cobram
WRK007146,-35.91769,145.64601,G-MW <30M VA,55,Goulburn-Murray Water,(Not set),9,Cobram
WRK007148,-35.91115426,145.6444276,G-MW <30M VA,55,Goulburn-Murray Water,(Not set),30.2,Cobram
WRK007306,-35.92424667,145.6509517,G-MW FIELD V,55,Goulburn-Murray Water,(Not set),41,Cobram
WRK007684,-35.94869121,145.6814167,G-MW <30M VA,55,Goulburn-Murray Water,(Not set),42,Cobram
WRK007694,-35.96075814,145.6886719,G-MW DESKTOP,55,Goulburn-Murray Water,(Not set),82.5,Cobram
WRK007778,-35.92216254,145.6573183,G-MW <30M VA,55,Goulburn-Murray Water,(Not set),44.5,Cobram
WRK007878,-35.91257453,145.6427229,G-MW <30M VA,55,Goulburn-Murray Water,(Not set),13,Cobram
WRK008053,-35.96323297,145.6594621,G-MW DESKTOP,55,,(Not set),43.9,Cobram
WRK008207,-35.98306226,145.6900959,G-MW <30M VA,55,Goulburn-Murray Water,(Not set),14.5,Cobram
WRK011194,-35.91703942,145.6522736,G-MW <30M VA,55,Goulburn-Murray Water,(Not set),13,Cobram
WRK058805,-35.93823618,145.6301413,NOT KNOWN,55,Goulburn-Murray Water,(Not set),12.8,Cobram
WRK079545,-35.92398872,145.6296938,NOT KNOWN,55,Goulburn-Murray Water,(Not set),58,Cobram
WRK086841,-35.96442641,145.6175179,NOT KNOWN,55,Goulburn-Murray Water,(Not set),97,Cobram
WRK087925,-35.9242094,145.6612344,NOT KNOWN,55,Goulburn-Murray Water,(Not set),24,Cobram
WRK006128,-35.97352,145.70242,G-MW DESKTOP,55,,(Not set),14.6,Cobram East
WRK006290,-35.97078,145.70655,G-MW <30M VA,55,Goulburn-Murray Water,(Not set),9.74,Cobram East
WRK006627,-35.96811665,145.711059,G-MW DESKTOP,55,Goulburn-Murray Water,(Not set),19.2,Cobram East
WRK006960,-35.97576133,145.7330393,G-MW <30M VA,55,Goulburn-Murray Water,(Not set),15.24,Cobram East
WRK007775,-35.99068272,145.6972177,G-MW DESKTOP,55,Goulburn-Murray Water,(Not set),64,Cobram East
WRK008205,-35.9673,145.70838,G-MW <30M VA,55,Goulburn-Murray Water,(Not set),14,Cobram East
WRK008776,-35.99159666,145.7813307,G-MW <30M VA,55,Goulburn-Murray Water,Goulburn Broken CMA,10.2,Cobram East
WRK010371,-35.975935,145.74479,G-MW FIELD V,55,,,9.5,Cobram East
WRK013606,-35.96206,145.70083,G-MW <30M VA,55,Goulburn-Murray Water,(Not set),70,Cobram East
WRK053545,-37.103009,147.427208,NOT KNOWN,55,Goulburn-Murray Water,North East CMA,41,Cobungra
118173,-36.69221603,143.5343296,TRANSLATION,54,,(Not set),19,Cochranes Creek
118187,-36.68493995,143.5374474,TRANSLATION,54,,(Not set),19.5,Cochranes Creek
WRK956513,-36.70956257,143.5331578,NOT KNOWN,54,,North Central CMA,19,Cochranes Creek
WRK956514,-36.7055939,143.5209524,NOT KNOWN,54,,North Central CMA,7,Cochranes Creek
WRK988724,-38.27687658,141.9650233,GLOBAL POSIT,54,Southern Rural Water,Glenelg Hopkins CMA,47.8,Codrington
64879,-37.37248911,143.7674414,GLOBAL POSIT,54,Goulburn-Murray Water,North Central CMA,86.75,Coghills Creek
64880,-37.38927498,143.7637928,GLOBAL POSIT,54,Goulburn-Murray Water,North Central CMA,81,Coghills Creek
6271,-35.77940005,144.1934051,TRANSLATION,55,,(Not set),37.5,Cohuna
36077,-35.77704671,144.2240136,TRANSLATION,55,,(Not set),25,Cohuna
36078,-35.77704671,144.2240136,TRANSLATION,55,,(Not set),8.29,Cohuna
36079,-35.74147298,144.1825776,TRANSLATION,55,,(Not set),25,Cohuna
36080,-35.74147298,144.1825776,TRANSLATION,55,,(Not set),7.21,Cohuna
36081,-35.72925782,144.1920713,TRANSLATION,55,,(Not set),25,Cohuna
36082,-35.72083367,144.201873,TRANSLATION,55,,(Not set),25,Cohuna
36083,-35.7709295,144.2401523,TRANSLATION,55,,(Not set),25,Cohuna
36084,-35.7709295,144.2401523,TRANSLATION,55,,(Not set),12.06,Cohuna
36154,-35.70882041,144.2201946,TRANSLATION,55,,(Not set),25,Cohuna
36155,-35.70882041,144.2201946,TRANSLATION,55,,(Not set),9.75,Cohuna
36156,-35.75360934,144.2473849,TRANSLATION,55,,(Not set),25,Cohuna
36157,-35.75360934,144.2473849,TRANSLATION,55,,(Not set),10.54,Cohuna
36158,-35.75218715,144.2640187,TRANSLATION,55,,(Not set),25,Cohuna
36159,-35.77611039,144.3461509,TRANSLATION,55,,(Not set),25,Cohuna
36160,-35.78986256,144.3362913,TRANSLATION,55,,(Not set),25,Cohuna
56029,-35.77664371,144.2237186,TRANSLATION,55,,(Not set),190,Cohuna
56030,-35.77656871,144.2236216,TRANSLATION,55,,(Not set),63,Cohuna
56055,-38.3408032,143.5951913,GLOBAL POSIT,54,Southern Rural Water,Corangamite CMA,386.5,Colac
98369,-36.59692697,144.8315383,GPS - SKM VA,55,Goulburn-Murray Water,Goulburn Broken CMA,47,Colbinabbin
98370,-36.59690443,144.8315327,GPS - SKM VA,55,Goulburn-Murray Water,Goulburn Broken CMA,18,Colbinabbin
116714,-36.57500986,144.8570897,TRANSLATION,55,Goulburn-Murray Water,(Not set),84,Colbinabbin
116725,-36.64795834,144.7560794,TRANSLATION,55,Goulburn-Murray Water,(Not set),61,Colbinabbin
116801,-36.62085549,144.7289134,TRANSLATION,55,Goulburn-Murray Water,(Not set),60,Colbinabbin
WRK956701,-36.59108745,144.7335832,NOT KNOWN,55,,North Central CMA,21,Colbinabbin
7021,-34.54263097,142.3001835,TRANSLATION,54,,(Not set),7.5,Colignan
7022,-34.56762777,142.3565146,TRANSLATION,54,,(Not set),7,Colignan
7028,-34.52255109,142.3722468,TRANSLATION,54,,(Not set),7.5,Colignan
7029,-34.55130903,142.3876284,TRANSLATION,54,,(Not set),6.5,Colignan
7037,-34.50315257,142.326432,TRANSLATION,54,,(Not set),7,Colignan
7038,-34.51165866,142.3748356,TRANSLATION,54,,(Not set),18,Colignan
7852,-34.58766076,142.3668073,TRANSLATION,54,,(Not set),49,Colignan
7853,-34.58767424,142.3668093,TRANSLATION,54,,(Not set),12.1,Colignan
7856,-34.58696863,142.4238636,TRANSLATION,54,,(Not set),27,Colignan
7866,-34.58698421,142.4238482,TRANSLATION,54,,(Not set),45.6,Colignan
RMC023,-34.49928328,142.3588859,Not known,54,,(Not set),20.5,Colignan
120248,-37.96873089,141.7980391,GPS - SKM VA,54,Southern Rural Water,Glenelg Hopkins CMA,142,Condah
146029,-37.96861201,141.7980792,GPS - SKM VA,54,Southern Rural Water,Glenelg Hopkins CMA,32,Condah
146030,-37.93345484,141.7422719,GPS - SKM VA,54,Southern Rural Water,Glenelg Hopkins CMA,40,Condah
146033,-37.96268631,141.6280351,GPS - SKM VA,54,Southern Rural Water,Glenelg Hopkins CMA,125,Condah
WRK987265,-37.93324534,141.7422185,GLOBAL POSIT,54,Southern Rural Water,Glenelg Hopkins CMA,165,Condah
56418,-36.27475167,145.4949628,GPS - SKM VA,55,Goulburn-Murray Water,Goulburn Broken CMA,100,Congupna
109468,-36.29918823,145.4725655,GPS - SKM VA,55,Goulburn-Murray Water,Goulburn Broken CMA,15.55,Congupna
109469,-36.29916817,145.4725898,GPS - SKM VA,55,Goulburn-Murray Water,Goulburn Broken CMA,15.55,Congupna
WRK006813,-36.39614532,145.0524169,NOT KNOWN,55,Goulburn-Murray Water,(Not set),8.5,Cooma
WRK009552,-36.42633226,145.0785436,G-MW <30M VA,55,Goulburn-Murray Water,(Not set),9,Cooma
WRK009749,-36.40588986,145.0508923,G-MW DESKTOP,55,,,8.5,Cooma
56514,-36.2767714,145.295324,GPS - SKM VA,55,Goulburn-Murray Water,Goulburn Broken CMA,110,Coomboona
56515,-36.27658379,145.2953162,GPS - SKM VA,55,Goulburn-Murray Water,Goulburn Broken CMA,15,Coomboona
WRK017597,-37.30994,144.208803,GLOBAL POSIT,55,Goulburn-Murray Water,North Central CMA,38,Coomoora
WRK017598,-37.309842,144.208941,GLOBAL POSIT,55,Goulburn-Murray Water,North Central CMA,37,Coomoora
WRK017599,-37.309894,144.208867,NOT KNOWN,55,Goulburn-Murray Water,North Central CMA,72,Coomoora
97994,-38.56355234,143.1542271,GPS - SKM VA,54,Southern Rural Water,Corangamite CMA,485,Cooriemungle
103877,-38.58921986,143.2201044,GPS - SKM VA,54,Southern Rural Water,Corangamite CMA,351,Cooriemungle
113466,-38.61675469,143.1693042,GLOBAL POSIT,54,Southern Rural Water,Corangamite CMA,110,Cooriemungle
113467,-38.61675544,143.1693222,GLOBAL POSIT,54,Southern Rural Water,Corangamite CMA,41,Cooriemungle
117672,-38.57762196,143.1282524,Not known,54,,(Not set),20,Cooriemungle
117678,-38.57712469,143.1308204,Not known,54,,(Not set),20,Cooriemungle
116773,-36.45095205,143.0511802,TRANSLATION,54,Grampians Wimmera Mallee Water,(Not set),77,Cope Cope
116774,-36.51739068,143.1177004,TRANSLATION,54,Grampians Wimmera Mallee Water,(Not set),66,Cope Cope
117940,-36.47597023,142.9569729,TRANSLATION,54,,(Not set),11.5,Cope Cope
117982,-36.44343681,143.0688318,TRANSLATION,54,,(Not set),13,Cope Cope
117985,-36.43425323,143.0262002,TRANSLATION,54,,(Not set),19,Cope Cope
117986,-36.43425323,143.0262002,TRANSLATION,54,,(Not set),12,Cope Cope
117987,-36.45499436,143.0256246,TRANSLATION,54,,(Not set),19.7,Cope Cope
117988,-36.47282333,143.0372487,TRANSLATION,54,,(Not set),19.7,Cope Cope
117989,-36.48100842,143.0329979,TRANSLATION,54,,(Not set),12,Cope Cope
WRK957766,-36.49768789,143.0301025,NOT KNOWN,54,,North Central CMA,16.5,Cope Cope
71851,-38.14469054,145.6076177,GPS - SKM VA,55,Southern Rural Water,Melbourne Water CMA,126.5,Cora Lynn
WRK966214,-38.14476332,145.6072312,GLOBAL POSIT,55,Southern Rural Water,Melbourne Water CMA,84,Cora Lynn
117953,-36.18631284,143.0298,TRANSLATION,54,,(Not set),19.7,Corack
117954,-36.20025919,143.0045806,TRANSLATION,54,,(Not set),19.7,Corack
117997,-36.1582932,142.9926062,Not known,54,,(Not set),10,Corack
117998,-36.15081829,143.0191028,Not known,54,,(Not set),8,Corack
117999,-36.20090977,143.008867,Not known,54,,(Not set),6,Corack
117952,-36.16954439,143.0616063,TRANSLATION,54,,(Not set),19.7,Corack East
142666,-38.27242396,143.5195637,GPS - SKM VA,54,Southern Rural Water,Corangamite CMA,31,Coragulac
WRK053496,-36.6159294,147.1116872,NOT KNOWN,55,Goulburn-Murray Water,North East CMA,40,Coral Bank
121449,-38.06269471,144.3987686,GPS - SKM VA,55,Southern Rural Water,Corangamite CMA,9.5,Corio
121450,-38.06268341,144.3987833,GPS - SKM VA,55,Southern Rural Water,Corangamite CMA,13,Corio
121454,-38.07785556,144.3526355,GPS - SKM VA,55,Southern Rural Water,Corangamite CMA,8,Corio
121456,-38.07905531,144.3859958,GPS - SKM VA,55,Southern Rural Water,Corangamite CMA,4.5,Corio
121457,-38.07905899,144.386011,GPS - SKM VA,55,Southern Rural Water,Corangamite CMA,12,Corio
83729,-37.52086477,141.2914752,GPS - SKM VA,54,Southern Rural Water,Glenelg Hopkins CMA,32,Corndale
116712,-36.65103166,144.7280269,TRANSLATION,55,Goulburn-Murray Water,(Not set),36.5,Cornella
57134,-36.48430794,144.8293756,GLOBAL POSIT,55,Goulburn-Murray Water,Goulburn Broken CMA,66,Corop
57135,-36.48427455,144.8292544,GPS - SKM VA,55,Goulburn-Murray Water,Goulburn Broken CMA,10,Corop
116718,-36.48364944,144.7608296,TRANSLATION,55,Goulburn-Murray Water,(Not set),43,Corop
116719,-36.48395747,144.7580307,TRANSLATION,55,Goulburn-Murray Water,(Not set),43,Corop
116720,-36.48536145,144.7607806,TRANSLATION,55,Goulburn-Murray Water,(Not set),91,Corop
116721,-36.4843665,144.7557867,TRANSLATION,55,Goulburn-Murray Water,(Not set),52,Corop
142660,-38.28637542,143.4804041,GPS - SKM VA,54,Southern Rural Water,Corangamite CMA,24,Corunnun
142668,-38.26901342,143.4900716,GPS - SKM VA,54,Southern Rural Water,Corangamite CMA,24,Corunnun
60289,-37.13998891,143.9128179,TRANSLATION,54,Goulburn-Murray Water,(Not set),71,Cotswold
SP061157,-37.13889933,143.916213,Not known,54,,,,Cotswold
SP061158,-37.14163426,143.9145622,Not known,54,,,,Cotswold
SP061890,-37.13779987,143.9063224,NOT KNOWN,54,Goulburn-Murray Water,(Not set),72,Cotswold
SP062695,-37.14411247,143.9160194,NOT KNOWN,54,,(Not set),101,Cotswold
SP062828,-37.14405928,143.9159835,Not known,54,,,,Cotswold
SP067644,-37.14158953,143.9145492,Not known,54,,,,Cotswold
SP068255,-37.160931,143.916118,GLOBAL POSIT,54,Goulburn-Murray Water,North Central CMA,37,Cotswold
SP069539,-37.160915,143.915994,GLOBAL POSIT,54,Goulburn-Murray Water,North Central CMA,131,Cotswold
WRK014569,-37.13884483,143.9162334,NOT KNOWN,54,Goulburn-Murray Water,North Central CMA,77,Cotswold
WRK014570,-37.14160677,143.9145836,NOT KNOWN,54,Goulburn-Murray Water,North Central CMA,90,Cotswold
WRK015584,-37.14401136,143.9161055,Water Regist,54,Goulburn-Murray Water,(Not set),,Cotswold
WRK015817,-37.14152553,143.9145918,Water Regist,54,Goulburn-Murray Water,(Not set),,Cotswold
143070,-35.23939795,141.3621574,GLOBAL POSIT,54,Grampians Wimmera Mallee Water,(Not set),123,Cowangie
8002845,-35.17549722,141.2955202,GLOBAL POSIT,54,Grampians Wimmera Mallee Water,Mallee CMA,39,Cowangie
8002869,-35.06256902,141.3298374,GLOBAL POSIT,54,Grampians Wimmera Mallee Water,Mallee CMA,42,Cowangie
8004433,-35.2342941,141.3783327,Not known,54,Grampians Wimmera Mallee Water,(Not set),149,Cowangie
WRK950384,-35.2872456,141.3924611,GLOBAL POSIT,54,Grampians Wimmera Mallee Water,Mallee CMA,48,Cowangie
WRK950385,-35.287238,141.3925697,GLOBAL POSIT,54,Grampians Wimmera Mallee Water,Mallee CMA,492,Cowangie
WRK950386,-35.2872349,141.3926849,GLOBAL POSIT,54,Grampians Wimmera Mallee Water,Mallee CMA,241,Cowangie
WRK957449,-38.49595275,145.2237396,Not known,55,,,19,Cowes
WRK957492,-38.4660901,145.257464,NOT KNOWN,55,,Melbourne Water CMA,10,Cowes
WRK957493,-38.46655851,145.2574527,NOT KNOWN,55,,Melbourne Water CMA,10,Cowes
WRK957494,-38.4671097,145.2575541,NOT KNOWN,55,,Melbourne Water CMA,10,Cowes
WRK957495,-38.46709575,145.257222,NOT KNOWN,55,,Melbourne Water CMA,5,Cowes
WRK957496,-38.46654712,145.2572925,NOT KNOWN,55,,Melbourne Water CMA,5,Cowes
WRK957497,-38.466077,145.2571892,NOT KNOWN,55,,Melbourne Water CMA,5,Cowes
103582,-38.02920593,146.7441584,GLOBAL POSIT,55,Southern Rural Water,West Gippsland CMA,460.33,Cowwarr
76210,-38.1240437,145.2659319,GPS - SKM VA,55,Southern Rural Water,Melbourne Water CMA,7,Cranbourne
91081,-38.12674034,145.2686363,GLOBAL POSIT,55,Southern Rural Water,Melbourne Water CMA,11.5,Cranbourne
54380,-36.58376898,144.6590095,GLOBAL POSIT,55,Goulburn-Murray Water,North Central CMA,40,Creek View
WRK953014,-36.5952838,144.5919399,GLOBAL POSIT,55,Goulburn-Murray Water,North Central CMA,65,Creek View
WRK953015,-36.5952862,144.5919656,GLOBAL POSIT,55,Goulburn-Murray Water,North Central CMA,31,Creek View
WRK953016,-36.595288,144.5919918,GLOBAL POSIT,55,Goulburn-Murray Water,North Central CMA,13.17,Creek View
WRK953020,-36.5963495,144.5932762,GLOBAL POSIT,55,Goulburn-Murray Water,North Central CMA,31,Creek View
WRK953021,-36.5963545,144.5932852,GLOBAL POSIT,55,Goulburn-Murray Water,North Central CMA,11,Creek View
WRK956936,-36.82242795,145.4997776,NOT KNOWN,55,,Goulburn Broken CMA,24,Creightons Creek
WRK956942,-36.81975678,145.4754448,NOT KNOWN,55,,Goulburn Broken CMA,15.91,Creightons Creek
36050,-38.05914997,143.6038419,GLOBAL POSIT,54,Southern Rural Water,Corangamite CMA,15,Cressy
36051,-38.05070184,143.6051711,GLOBAL POSIT,54,Southern Rural Water,Corangamite CMA,15.24,Cressy
36052,-38.03014588,143.6019159,GLOBAL POSIT,54,Southern Rural Water,Corangamite CMA,15,Cressy
36059,-38.07613463,143.6393149,GLOBAL POSIT,54,Southern Rural Water,Corangamite CMA,15,Cressy
36062,-38.04244159,143.6399526,GLOBAL POSIT,54,Southern Rural Water,Corangamite CMA,15,Cressy
57507,-38.07733326,143.6362991,GLOBAL POSIT,54,Southern Rural Water,Corangamite CMA,52.5,Cressy
57517,-38.03725993,143.6267582,GLOBAL POSIT,54,Southern Rural Water,Corangamite CMA,25,Cressy
57539,-37.39581754,143.8691115,GLOBAL POSIT,54,Goulburn-Murray Water,North Central CMA,70,Creswick
91876,-37.35012815,143.8866828,GLOBAL POSIT,54,Goulburn-Murray Water,North Central CMA,87,Creswick North
141302,-38.31096169,142.3014863,GLOBAL POSIT,54,Southern Rural Water,Glenelg Hopkins CMA,26,Crossley
141305,-38.31498949,142.341874,GLOBAL POSIT,54,Southern Rural Water,Glenelg Hopkins CMA,50,Crossley
WRK956140,-37.1041219,143.0481929,NOT KNOWN,54,,Wimmera CMA,23,Crowlands
WRK956143,-37.1048596,143.067477,NOT KNOWN,54,,Wimmera CMA,35,Crowlands
75743,-37.7730506,142.2242227,GPS - SKM VA,54,Southern Rural Water,Glenelg Hopkins CMA,116,Croxton East
WRK961326,-38.34618021,142.6519534,TRANSLATION,54,Southern Rural Water,Glenelg Hopkins CMA,19,Cudgee
WRK957225,-36.19649621,147.7632003,NOT KNOWN,55,,North East CMA,10.74,Cudgewa
WRK957226,-36.19937093,147.7662092,NOT KNOWN,55,,North East CMA,15.96,Cudgewa
WRK957227,-36.1993891,147.7661871,NOT KNOWN,55,,North East CMA,6.62,Cudgewa
WRK957229,-36.20846713,147.7746634,NOT KNOWN,55,,North East CMA,22,Cudgewa
WRK957230,-36.21540205,147.7812735,NOT KNOWN,55,,North East CMA,41.73,Cudgewa
6274,-35.79619928,144.1795386,TRANSLATION,55,,(Not set),37.5,Cullen
98305,-34.26469478,141.6968648,GLOBAL POSIT,54,Lower Murray Water,Mallee CMA,501.23,Cullulleraine
98306,-34.26424457,141.6968426,GLOBAL POSIT,54,Lower Murray Water,Mallee CMA,211.9,Cullulleraine
98307,-34.26430266,141.6968415,GLOBAL POSIT,54,Lower Murray Water,Mallee CMA,60,Cullulleraine
REM027,-34.20413124,141.5965093,Not known,54,,(Not set),12,Cullulleraine
REM030,-34.18094569,141.6338194,Not known,54,,(Not set),12,Cullulleraine
REM031,-34.11305015,141.6616944,Not known,54,,(Not set),11.6,Cullulleraine
REM032,-34.13284035,141.6520781,Not known,54,,(Not set),12,Cullulleraine
REM033,-34.16432322,141.6379394,Not known,54,,(Not set),12,Cullulleraine
REM035,-34.15342325,141.6219999,Not known,54,,(Not set),12,Cullulleraine
WRK119813,-34.17184209,141.6966514,Not known,54,,(Not set),,Cullulleraine
36054,-38.09039087,143.5725933,GLOBAL POSIT,54,Southern Rural Water,Corangamite CMA,15.13,Cundare North
36055,-38.08989054,143.5675111,GLOBAL POSIT,54,Southern Rural Water,Corangamite CMA,18,Cundare North
36056,-38.09918017,143.5463364,GLOBAL POSIT,54,Southern Rural Water,Corangamite CMA,10.36,Cundare North
36057,-38.10087223,143.5520702,GLOBAL POSIT,54,Southern Rural Water,Corangamite CMA,10.35,Cundare North
36058,-38.11013522,143.5809652,GPS - SKM VA,54,Southern Rural Water,Corangamite CMA,15,Cundare North
57697,-38.11105206,143.5666296,GPS - SKM VA,54,Southern Rural Water,Corangamite CMA,12,Cundare North
84288,-38.52304848,142.8476808,GPS - SKM VA,54,Southern Rural Water,Corangamite CMA,1049.1,Curdievale
84291,-38.53579176,142.8607423,GPS - SKM VA,54,Southern Rural Water,Corangamite CMA,907.21,Curdievale
71200,-38.19605713,145.4269062,GLOBAL POSIT,55,Southern Rural Water,Melbourne Water CMA,89,Dalmore
36073,-35.82010017,144.2938924,TRANSLATION,55,,(Not set),25,Daltons Bridge
36074,-35.82010017,144.2938924,TRANSLATION,55,,(Not set),11,Daltons Bridge
36075,-35.8219824,144.2734657,TRANSLATION,55,,(Not set),25,Daltons Bridge
36076,-35.8219824,144.2734657,TRANSLATION,55,,(Not set),7.04,Daltons Bridge
116541,-36.76871411,143.4752347,TRANSLATION,54,Grampians Wimmera Mallee Water,(Not set),18,Dalyenong
WRK956417,-36.84388929,143.4340427,NOT KNOWN,54,,North Central CMA,20.05,Dalyenong
WRK956418,-36.83846426,143.4349023,NOT KNOWN,54,,North Central CMA,13,Dalyenong
WRK957782,-36.79044169,143.40279,NOT KNOWN,54,,North Central CMA,16,Dalyenong
WRK957783,-36.7933814,143.3991391,NOT KNOWN,54,,North Central CMA,19,Dalyenong
WRK957784,-36.7933814,143.3991391,NOT KNOWN,54,,North Central CMA,7,Dalyenong
62949,-38.05532307,145.242049,GPS - SKM VA,55,Southern Rural Water,Melbourne Water CMA,35.66,Dandenong South
62950,-38.05533144,145.2420662,GPS - SKM VA,55,Southern Rural Water,Melbourne Water CMA,57.91,Dandenong South
64139,-37.99997386,143.1232529,GLOBAL POSIT,54,Southern Rural Water,Glenelg Hopkins CMA,104.2,Darlington
95056,-37.90331912,143.0689062,GLOBAL POSIT,54,Southern Rural Water,Glenelg Hopkins CMA,62.5,Darlington
95057,-37.90334106,143.0689396,GLOBAL POSIT,54,Southern Rural Water,Glenelg Hopkins CMA,39,Darlington
WRK956869,-37.36099639,144.874684,NOT KNOWN,55,,Melbourne Water CMA,19,Darraweit Guim
WRK956874,-37.36163644,144.8726901,NOT KNOWN,55,,Melbourne Water CMA,10,Darraweit Guim
WRK956878,-37.36582409,144.9053278,NOT KNOWN,55,,Melbourne Water CMA,19,Darraweit Guim
WRK956880,-37.3684664,144.9018668,NOT KNOWN,55,,Melbourne Water CMA,10,Darraweit Guim
92118,-38.3373053,146.896174,GLOBAL POSIT,55,Southern Rural Water,West Gippsland CMA,244.3,Darriman
WRK059119,-38.45969938,146.9907595,Not known,55,Southern Rural Water,West Gippsland CMA,,Darriman
WRK059120,-38.45969096,146.9908189,Not known,55,Southern Rural Water,West Gippsland CMA,,Darriman
WRK957524,-38.46096144,147.0267179,NOT KNOWN,55,,West Gippsland CMA,11.2,Darriman
WRK957532,-38.45556172,147.0323204,NOT KNOWN,55,,West Gippsland CMA,8.7,Darriman
WRK957533,-38.45515612,147.0325151,NOT KNOWN,55,,West Gippsland CMA,6.8,Darriman
58587,-37.91752748,141.2699264,GPS - SKM VA,54,Southern Rural Water,Glenelg Hopkins CMA,19,Dartmoor
82344,-37.81637842,141.2035263,GPS - SKM VA,54,Southern Rural Water,Glenelg Hopkins CMA,1132.03,Dartmoor
110745,-37.91744296,141.2694542,GPS - SKM VA,54,Southern Rural Water,Glenelg Hopkins CMA,1100.88,Dartmoor
104104,-37.33121277,144.1770144,GPS - SKM VA,55,Goulburn-Murray Water,North Central CMA,35.5,Daylesford
104110,-37.34520413,144.190253,GPS - SKM VA,55,Goulburn-Murray Water,North Central CMA,28,Daylesford
WRK017596,-37.32291,144.105159,GLOBAL POSIT,55,Goulburn-Murray Water,North Central CMA,61,Daylesford
WRK093316,-37.3297299,144.1747273,NOT KNOWN,55,Goulburn-Murray Water,(Not set),24,Daylesford
104068,-37.3493609,144.1338442,GPS - SKM VA,55,Goulburn-Murray Water,North Central CMA,71.32,Daylesford - Hepburn Springs
104069,-37.34965599,144.1339368,GPS - SKM VA,55,Goulburn-Murray Water,North Central CMA,10.67,Daylesford - Hepburn Springs
104101,-37.34617426,144.1314507,GPS - SKM VA,55,Goulburn-Murray Water,North Central CMA,81,Daylesford - Hepburn Springs
SP068045,-37.440478,143.998782,GLOBAL POSIT,54,Goulburn-Murray Water,North Central CMA,90,Dean
47771,-38.40720039,143.8743953,GLOBAL POSIT,54,Southern Rural Water,Corangamite CMA,345,Deans Marsh
47773,-38.38690102,143.8950326,GLOBAL POSIT,54,Southern Rural Water,Corangamite CMA,297.51,Deans Marsh
47774,-38.36824772,143.9077671,GLOBAL POSIT,54,Southern Rural Water,Corangamite CMA,222.5,Deans Marsh
47775,-38.3702495,143.861589,GLOBAL POSIT,54,Southern Rural Water,Corangamite CMA,381.19,Deans Marsh
67749,-37.02994907,142.69321,GPS - SKM VA,54,Grampians Wimmera Mallee Water,Wimmera CMA,48,Deep Lead
67750,-37.03228014,142.7063218,GPS - SKM VA,54,Grampians Wimmera Mallee Water,Wimmera CMA,21,Deep Lead
59412,-37.76394588,144.7572331,GPS - SKM VA,55,Southern Rural Water,Melbourne Water CMA,30,Deer Park
59413,-37.76397278,144.7572358,GPS - SKM VA,55,Southern Rural Water,Melbourne Water CMA,22,Deer Park
42070,-38.04636207,146.8160906,TRANSLATION,55,,(Not set),14.93,Denison
42074,-38.02412631,146.7836057,TRANSLATION,55,,(Not set),14.02,Denison
42075,-38.02645712,146.8025014,TRANSLATION,55,,(Not set),17.67,Denison
42076,-38.02867692,146.8208752,TRANSLATION,55,,(Not set),13.1,Denison
42077,-38.03144671,146.8413669,TRANSLATION,55,,(Not set),19.2,Denison
42080,-38.02825607,146.898687,TRANSLATION,55,,(Not set),10.05,Denison
42083,-38.072854,146.9263643,TRANSLATION,55,,(Not set),15.24,Denison
42087,-38.01457582,146.8233469,TRANSLATION,55,,(Not set),18.89,Denison
59329,-38.04849443,146.8749757,TRANSLATION,55,,(Not set),10.05,Denison
59330,-38.04849443,146.8749757,TRANSLATION,55,,(Not set),5.41,Denison
59331,-38.02605825,146.8805512,TRANSLATION,55,,(Not set),4.99,Denison
103820,-38.02534837,146.8025646,GPS - SKM VA,55,Southern Rural Water,West Gippsland CMA,192,Denison
115939,-38.02625568,146.8421528,TRANSLATION,55,,(Not set),20.5,Denison
115940,-38.05796309,146.9109343,TRANSLATION,55,,(Not set),20.5,Denison
115941,-38.05008703,146.9127331,TRANSLATION,55,,(Not set),20.5,Denison
129031,-38.04500741,146.8759496,TRANSLATION,55,Southern Rural Water,(Not set),12.5,Denison
129032,-38.03521233,146.8778814,TRANSLATION,55,Southern Rural Water,(Not set),12,Denison
139379,-38.01245017,146.8819739,TRANSLATION,55,Southern Rural Water,(Not set),19,Denison
139380,-38.01031379,146.8241888,TRANSLATION,55,Southern Rural Water,(Not set),17,Denison
WRK006178,-36.64021829,143.9861663,G-MW DESKTOP,54,Goulburn-Murray Water,(Not set),60.2,Derby
89851,-37.35934495,141.1251512,GPS - SKM VA,54,Southern Rural Water,Glenelg Hopkins CMA,45,Dergholm
96900,-37.81036102,144.7513566,GLOBAL POSIT,55,Southern Rural Water,Melbourne Water CMA,38,Derrimut
96901,-37.81037591,144.7515607,GPS - SKM VA,55,Southern Rural Water,Melbourne Water CMA,29,Derrimut
109515,-37.795538,144.7792797,GPS - SKM VA,55,Southern Rural Water,Melbourne Water CMA,18.7,Derrimut
109516,-37.795538,144.7792797,GPS - SKM VA,55,Southern Rural Water,Melbourne Water CMA,53.64,Derrimut
WRK957987,-36.89748535,144.5906922,NOT KNOWN,55,,North Central CMA,12.15,Derrinal
62886,-37.99304719,143.2429478,GLOBAL POSIT,54,Southern Rural Water,Corangamite CMA,44.5,Derrinallum
64152,-37.97199884,143.2220752,GLOBAL POSIT,54,Southern Rural Water,Corangamite CMA,60,Derrinallum
96050,-37.9473135,143.2498427,GLOBAL POSIT,54,Southern Rural Water,Corangamite CMA,30,Derrinallum
96052,-37.92309086,143.2289989,GLOBAL POSIT,54,Southern Rural Water,Corangamite CMA,45,Derrinallum
96053,-37.92313081,143.2290021,GLOBAL POSIT,54,Southern Rural Water,Corangamite CMA,20,Derrinallum
97877,-37.86938886,143.2503773,GLOBAL POSIT,54,Southern Rural Water,Corangamite CMA,142.6,Derrinallum
97878,-37.86933267,143.2503798,GLOBAL POSIT,54,Southern Rural Water,Corangamite CMA,30,Derrinallum
112243,-38.05441278,143.1342959,GPS - SKM VA,54,Southern Rural Water,Glenelg Hopkins CMA,166.7,Derrinallum
117699,-37.94212142,143.2605815,TRANSLATION,54,,(Not set),14.7,Derrinallum
60074,-36.3218809,145.8705971,GPS - SKM VA,55,Goulburn-Murray Water,Goulburn Broken CMA,95,Devenish
118868,-36.33573205,145.932687,TRANSLATION,55,,(Not set),13.5,Devenish
91076,-38.1757631,145.2996877,GLOBAL POSIT,55,Southern Rural Water,Melbourne Water CMA,24,Devon Meadows
23004,-36.55755926,145.1535876,GPS - SKM VA,55,Goulburn-Murray Water,Goulburn Broken CMA,13,Dhurringile
23005,-36.55777542,145.1953256,GPS - SKM VA,55,Goulburn-Murray Water,Goulburn Broken CMA,15.5,Dhurringile
42849,-36.5575477,145.1535912,GPS - SKM VA,55,Goulburn-Murray Water,Goulburn Broken CMA,4,Dhurringile
44769,-36.55776754,145.1953526,GPS - SKM VA,55,Goulburn-Murray Water,Goulburn Broken CMA,4,Dhurringile
82568,-36.51304521,145.2408871,GPS - SKM VA,55,Goulburn-Murray Water,Goulburn Broken CMA,34,Dhurringile
82570,-36.51302928,145.2408889,GPS - SKM VA,55,Goulburn-Murray Water,Goulburn Broken CMA,13.5,Dhurringile
82616,-36.55763787,145.1684434,GLOBAL POSIT,55,Goulburn-Murray Water,Goulburn Broken CMA,30,Dhurringile
WRK006544,-36.5355912,145.2460248,G-MW <30M VA,55,Goulburn-Murray Water,(Not set),17.5,Dhurringile
WRK007048,-36.53351001,145.24659,G-MW <30M VA,55,Goulburn-Murray Water,(Not set),11.5,Dhurringile
WRK007665,-36.5289063,145.2530112,G-MW <100M V,55,Goulburn-Murray Water,(Not set),57,Dhurringile
WRK007880,-36.53312911,145.225227,G-MW DESKTOP,55,Goulburn-Murray Water,(Not set),10.5,Dhurringile
WRK008434,-36.51949,145.25501,G-MW <30M VA,55,Goulburn-Murray Water,(Not set),15,Dhurringile
WRK008560,-36.54674667,145.2302333,G-MW FIELD V,55,Goulburn-Murray Water,Goulburn Broken CMA,14,Dhurringile
WRK010311,-36.54936,145.23722,G-MW <30M VA,55,Goulburn-Murray Water,(Not set),17.3,Dhurringile
WRK010412,-36.51015001,145.22513,G-MW <30M VA,55,Goulburn-Murray Water,Goulburn Broken CMA,13.8,Dhurringile
WRK011834,-36.53817001,145.23992,G-MW <30M VA,55,Goulburn-Murray Water,Goulburn Broken CMA,15,Dhurringile
WRK015904,-36.53619421,145.2632018,NOT KNOWN,55,Goulburn-Murray Water,(Not set),21,Dhurringile
60123,-36.35285455,144.5763214,GPS - SKM VA,55,Goulburn-Murray Water,North Central CMA,118,Diggora
60126,-36.37068799,144.6295763,GPS - SKM VA,55,Goulburn-Murray Water,North Central CMA,50,Diggora
60127,-36.38270137,144.6029078,GLOBAL POSIT,55,Goulburn-Murray Water,North Central CMA,54,Diggora
60128,-36.33375021,144.6027599,GLOBAL POSIT,55,Goulburn-Murray Water,North Central CMA,50,Diggora
60129,-36.35196917,144.6028166,GLOBAL POSIT,55,Goulburn-Murray Water,North Central CMA,50,Diggora
60132,-36.37034827,144.6136844,GPS - SKM VA,55,Goulburn-Murray Water,North Central CMA,118,Diggora
60135,-36.33386171,144.6150282,GPS - SKM VA,55,Goulburn-Murray Water,North Central CMA,129.2,Diggora
60136,-36.37038534,144.6136562,GPS - SKM VA,55,Goulburn-Murray Water,North Central CMA,140,Diggora
60185,-36.37039293,144.613662,GPS - SKM VA,55,Goulburn-Murray Water,North Central CMA,12,Diggora
60187,-36.40674352,144.5626207,GPS - SKM VA,55,Goulburn-Murray Water,North Central CMA,65,Diggora
60188,-36.40672731,144.56262,GPS - SKM VA,55,Goulburn-Murray Water,North Central CMA,30,Diggora
87666,-36.3708159,144.4795634,GPS - SKM VA,55,Goulburn-Murray Water,North Central CMA,106,Diggora
87667,-36.3708142,144.4795385,GPS - SKM VA,55,Goulburn-Murray Water,North Central CMA,49,Diggora
WRK007553,-36.40500003,144.5008383,G-MW FIELD V,55,Goulburn-Murray Water,(Not set),52,Diggora
WRK007633,-36.40497003,144.48099,G-MW DESKTOP,55,,(Not set),,Diggora
WRK008494,-36.39551002,144.62527,G-MW DESKTOP,55,Goulburn-Murray Water,(Not set),79.2,Diggora
WRK010988,-36.36949002,144.61067,G-MW <30M VA,55,Goulburn-Murray Water,(Not set),96,Diggora
102388,-36.4732392,142.0249017,GPS - SKM VA,54,Grampians Wimmera Mallee Water,Wimmera CMA,119,Dimboola
109773,-36.47340967,142.0242877,GPS - SKM VA,54,Grampians Wimmera Mallee Water,Wimmera CMA,30,Dimboola
109775,-36.46906567,142.0255271,GLOBAL POSIT,54,Grampians Wimmera Mallee Water,Wimmera CMA,30,Dimboola
109776,-36.46906584,142.0255279,GLOBAL POSIT,54,Grampians Wimmera Mallee Water,Wimmera CMA,30,Dimboola
110091,-36.38560586,141.9886766,GPS - SKM VA,54,Grampians Wimmera Mallee Water,Wimmera CMA,48,Dimboola
110092,-36.38563273,141.9886952,GPS - SKM VA,54,Grampians Wimmera Mallee Water,Wimmera CMA,28,Dimboola
116986,-36.29922663,142.0226525,TRANSLATION,54,,(Not set),18.1,Dimboola
116991,-36.40163896,141.9570821,TRANSLATION,54,,(Not set),17.2,Dimboola
116992,-36.40163896,141.9570821,TRANSLATION,54,,(Not set),6.3,Dimboola
WRK955732,-36.385246,142.0175425,NOT KNOWN,54,,Wimmera CMA,19,Dimboola
WRK955733,-36.385246,142.0175425,NOT KNOWN,54,,Wimmera CMA,5.5,Dimboola
WRK955736,-36.37334066,141.9309037,NOT KNOWN,54,,Wimmera CMA,5,Dimboola
WRK955737,-36.37334066,141.9309037,NOT KNOWN,54,,Wimmera CMA,13,Dimboola
WRK955738,-36.37198853,141.9308876,NOT KNOWN,54,,Wimmera CMA,19,Dimboola
WRK958454,-36.49170471,142.0607558,NOT KNOWN,54,,Wimmera CMA,21.1,Dimboola
WRK958455,-36.49103104,142.0614946,NOT KNOWN,54,,Wimmera CMA,24.6,Dimboola
WRK958457,-36.49337291,142.0697885,NOT KNOWN,54,,Wimmera CMA,31.7,Dimboola
5038,-36.38420501,144.2950596,TRANSLATION,55,,(Not set),11.9,Dingee
5063,-36.37103885,144.2112896,TRANSLATION,55,,(Not set),25,Dingee
44087,-36.37103885,144.2112896,TRANSLATION,55,,(Not set),19,Dingee
WRK059854,-36.37126083,144.1371393,GLOBAL POSIT,55,Goulburn-Murray Water,North Central CMA,102,Dingee
WRK059855,-36.37125156,144.1371285,NOT KNOWN,55,Goulburn-Murray Water,North Central CMA,36,Dingee
WRK060332,-36.37124282,144.13714,GLOBAL POSIT,55,Goulburn-Murray Water,North Central CMA,66,Dingee
WRK060333,-36.37124229,144.1371177,GLOBAL POSIT,55,Goulburn-Murray Water,North Central CMA,20,Dingee
WRK956624,-36.3705688,144.290916,NOT KNOWN,55,,North Central CMA,10.36,Dingee
WRK956625,-36.37048792,144.2952984,NOT KNOWN,55,,North Central CMA,10.06,Dingee
WRK956626,-36.36849472,144.2952337,NOT KNOWN,55,,North Central CMA,10.46,Dingee
WRK956627,-36.36676764,144.2949815,NOT KNOWN,55,,North Central CMA,10.24,Dingee
WRK956628,-36.38174612,144.296569,NOT KNOWN,55,,North Central CMA,6.92,Dingee
WRK956630,-36.37481087,144.3003421,NOT KNOWN,55,,North Central CMA,7.72,Dingee
WRK956631,-36.36420423,144.3063695,NOT KNOWN,55,,North Central CMA,10.46,Dingee
WRK956632,-36.35641973,144.2964987,NOT KNOWN,55,,North Central CMA,8.56,Dingee
125269,-37.97753211,145.1334986,GPS - SKM VA,55,Southern Rural Water,Melbourne Water CMA,28,Dingley Village
125270,-37.98195089,145.1408393,GPS - SKM VA,55,Southern Rural Water,Melbourne Water CMA,30,Dingley Village
125271,-37.9819566,145.1408533,GPS - SKM VA,55,Southern Rural Water,Melbourne Water CMA,10,Dingley Village
125272,-37.98256523,145.1395867,GLOBAL POSIT,55,Southern Rural Water,Melbourne Water CMA,40,Dingley Village
125273,-37.98257141,145.1395782,GLOBAL POSIT,55,Southern Rural Water,Melbourne Water CMA,12,Dingley Village
125274,-37.98101532,145.1366346,GPS - SKM VA,55,Southern Rural Water,Melbourne Water CMA,35,Dingley Village
127483,-37.97229497,145.1124769,GPS - SKM VA,55,Southern Rural Water,Melbourne Water CMA,15,Dingley Village
127484,-37.98299094,145.1201065,GPS - SKM VA,55,Southern Rural Water,Melbourne Water CMA,15,Dingley Village
127486,-37.98309836,145.1201406,GPS - SKM VA,55,Southern Rural Water,Melbourne Water CMA,30,Dingley Village
127487,-37.98311845,145.1374395,GPS - SKM VA,55,Southern Rural Water,Melbourne Water CMA,15,Dingley Village
26070,-35.81405814,143.8303308,TRANSLATION,54,,(Not set),11.73,Dingwall
36182,-35.8133248,143.8612873,TRANSLATION,54,,(Not set),5.64,Dingwall
WRK956535,-35.80364847,143.8555457,NOT KNOWN,54,,North Central CMA,15,Dingwall
WRK956536,-35.80364847,143.8555457,NOT KNOWN,54,,North Central CMA,9,Dingwall
WRK956539,-35.806264,143.8611493,NOT KNOWN,54,,North Central CMA,12,Dingwall
WRK956540,-35.806264,143.8611493,NOT KNOWN,54,,North Central CMA,6,Dingwall
WRK956542,-35.80666511,143.8620931,NOT KNOWN,54,,North Central CMA,15,Dingwall
WRK956543,-35.80666511,143.8620931,NOT KNOWN,54,,North Central CMA,7,Dingwall
WRK957851,-35.82306821,143.8632245,NOT KNOWN,54,,North Central CMA,7,Dingwall
WRK957852,-35.8157849,143.8662935,NOT KNOWN,54,,North Central CMA,18,Dingwall
WRK957853,-35.8157849,143.8662935,NOT KNOWN,54,,North Central CMA,5.5,Dingwall
WRK957854,-35.81789085,143.8724553,NOT KNOWN,54,,North Central CMA,7,Dingwall
WRK957856,-35.80438354,143.8719685,NOT KNOWN,54,,North Central CMA,5.5,Dingwall
WRK957857,-35.80466179,143.8791699,NOT KNOWN,54,,North Central CMA,14,Dingwall
WRK957858,-35.80466179,143.8791699,NOT KNOWN,54,,North Central CMA,7,Dingwall
WRK957859,-35.80542966,143.8847296,NOT KNOWN,54,,North Central CMA,5.5,Dingwall
WRK957861,-35.79747117,143.8783571,NOT KNOWN,54,,North Central CMA,7,Dingwall
WRK957862,-35.79565696,143.8788447,NOT KNOWN,54,,North Central CMA,5.5,Dingwall
WRK053415,-36.5158453,146.3839964,NOT KNOWN,55,Goulburn-Murray Water,North East CMA,36,Docker
54981,-36.27886161,146.3676434,GPS - SKM VA,55,Goulburn-Murray Water,North East CMA,95.1,Dockers Plains
WRK957115,-36.30191002,146.3232273,NOT KNOWN,55,,North East CMA,5.23,Dockers Plains
WRK957116,-36.2981567,146.3307106,NOT KNOWN,55,,North East CMA,4.34,Dockers Plains
WRK957278,-36.29825661,146.3308434,NOT KNOWN,55,,North East CMA,24.17,Dockers Plains
WRK957439,-36.30335766,146.3257431,NOT KNOWN,55,,North East CMA,17.45,Dockers Plains
WRK957440,-36.30388389,146.3231434,NOT KNOWN,55,,North East CMA,5.85,Dockers Plains
WRK957441,-36.30387259,146.3226671,NOT KNOWN,55,,North East CMA,6.4,Dockers Plains
116591,-36.42631991,142.961525,TRANSLATION,54,Grampians Wimmera Mallee Water,(Not set),102,Donald
116595,-36.42905364,142.9870257,TRANSLATION,54,Grampians Wimmera Mallee Water,(Not set),81,Donald
116744,-36.42240829,142.9249554,TRANSLATION,54,Grampians Wimmera Mallee Water,(Not set),72,Donald
116751,-36.43410213,143.0351201,TRANSLATION,54,Grampians Wimmera Mallee Water,(Not set),102,Donald
117946,-36.32384553,142.9442495,TRANSLATION,54,,(Not set),19.7,Donald
117947,-36.32521386,142.9153209,TRANSLATION,54,,(Not set),19.7,Donald
117976,-36.36050593,143.0164851,TRANSLATION,54,,(Not set),19.7,Donald
117992,-36.3911477,142.9626474,TRANSLATION,54,,(Not set),19.7,Donald
117993,-36.3692484,142.9788158,TRANSLATION,54,,(Not set),13.5,Donald
118002,-36.22431203,143.0194445,Not known,54,,(Not set),11,Donald
118003,-36.22431184,143.0194556,Not known,54,,(Not set),5,Donald
118007,-36.25749485,142.9859082,Not known,54,,(Not set),10,Donald
118009,-36.25703743,142.989024,Not known,54,,(Not set),7,Donald
118010,-36.25707273,142.9890694,Not known,54,,(Not set),4,Donald
118012,-36.27351126,142.9914012,Not known,54,,(Not set),11,Donald
118014,-36.27529861,142.9998847,Not known,54,,(Not set),11,Donald
118015,-36.27527139,142.9998952,Not known,54,,(Not set),5,Donald
118022,-36.30403516,142.9895936,Not known,54,,(Not set),15,Donald
118023,-36.33138917,143.0155772,Not known,54,,(Not set),10,Donald
118024,-36.33139912,143.0155218,Not known,54,,(Not set),5,Donald
WRK957764,-36.24415146,142.9265335,NOT KNOWN,54,,North Central CMA,10,Donald
WRK957944,-36.38684171,142.9983982,NOT KNOWN,54,,North Central CMA,20,Donald
116597,-36.32985648,145.7032573,TRANSLATION,55,Goulburn-Murray Water,(Not set),50,Dookie
116728,-36.31167255,145.6890792,TRANSLATION,55,Goulburn-Murray Water,(Not set),53,Dookie
118819,-36.32790762,145.6899204,TRANSLATION,55,,(Not set),6,Dookie
118823,-36.34738961,145.6990666,TRANSLATION,55,,(Not set),20,Dookie
118825,-36.34774271,145.6901458,TRANSLATION,55,,(Not set),19,Dookie
WRK956962,-36.32808349,145.6696601,NOT KNOWN,55,,Goulburn Broken CMA,20.7,Dookie
WRK956963,-36.3480326,145.7224873,NOT KNOWN,55,,Goulburn Broken CMA,20,Dookie
WRK956964,-36.33524374,145.7018609,NOT KNOWN,55,,Goulburn Broken CMA,19.24,Dookie
WRK956965,-36.29911689,145.6759545,NOT KNOWN,55,,Goulburn Broken CMA,19.25,Dookie
WRK956966,-36.30058266,145.6683232,NOT KNOWN,55,,Goulburn Broken CMA,10,Dookie
WRK956969,-36.34114713,145.6885365,NOT KNOWN,55,,Goulburn Broken CMA,29.28,Dookie
69120,-37.31827361,141.0666737,GPS - SKM VA,54,Southern Rural Water,Glenelg Hopkins CMA,59,Dorodong
WRK990107,-37.28490044,140.9981655,NOT KNOWN,54,Southern Rural Water,Glenelg Hopkins CMA,91,Dorodong
WRK990108,-37.39435876,141.0313059,GLOBAL POSIT,54,Southern Rural Water,Glenelg Hopkins CMA,90,Dorodong
142689,-38.16558674,143.4866123,GPS - SKM VA,54,Southern Rural Water,Corangamite CMA,19,Dreeite
142691,-38.13759292,143.4814449,GPS - SKM VA,54,Southern Rural Water,Corangamite CMA,13,Dreeite
142693,-38.18305437,143.5164433,GPS - SKM VA,54,Southern Rural Water,Corangamite CMA,25,Dreeite
142696,-38.1849027,143.5602563,GPS - SKM VA,54,Southern Rural Water,Corangamite CMA,19,Dreeite
WRK963392,-38.16552019,143.4866848,TRANSLATION,54,Southern Rural Water,Corangamite CMA,30,Dreeite
WRK963393,-38.16562027,143.4865573,TRANSLATION,54,Southern Rural Water,Corangamite CMA,10,Dreeite
WRK963394,-38.16115211,143.4934492,TRANSLATION,54,Southern Rural Water,Corangamite CMA,30,Dreeite
WRK963395,-38.16426439,143.4996153,GLOBAL POSIT,54,Southern Rural Water,Corangamite CMA,30,Dreeite
WRK963396,-38.16430869,143.4996511,GLOBAL POSIT,54,Southern Rural Water,Corangamite CMA,22.5,Dreeite
110731,-38.2772499,146.3003535,GLOBAL POSIT,55,Southern Rural Water,West Gippsland CMA,199.5,Driffield
60988,-37.99011356,141.2871453,GPS - SKM VA,54,Southern Rural Water,Glenelg Hopkins CMA,109.73,Drik Drik
70857,-37.99352799,141.190194,GLOBAL POSIT,54,Southern Rural Water,Glenelg Hopkins CMA,70,Drik Drik
68963,-36.43216501,144.4136566,GPS - SKM VA,55,Goulburn-Murray Water,North Central CMA,84,Drummartin
68964,-36.43218295,144.4136775,GPS - SKM VA,55,Goulburn-Murray Water,North Central CMA,10,Drummartin
118240,-36.44035174,144.3460038,TRANSLATION,55,,(Not set),20,Drummartin
61453,-36.72143022,142.3283628,GPS - SKM VA,54,Grampians Wimmera Mallee Water,Wimmera CMA,85,Drung
61454,-36.72144084,142.3284286,GPS - SKM VA,54,Grampians Wimmera Mallee Water,Wimmera CMA,13,Drung
117045,-36.71880991,142.304759,TRANSLATION,54,Grampians Wimmera Mallee Water,(Not set),6,Drung
WRK958428,-36.71493129,142.303991,Not known,54,,,15,Drung
WRK958429,-36.71491326,142.3039906,Not known,54,,,7,Drung
WRK958430,-36.71514661,142.3040842,Not known,54,,,15,Drung
WRK958431,-36.71519053,142.3051085,NOT KNOWN,54,,Wimmera CMA,6,Drung
WRK958432,-36.71921416,142.3048071,NOT KNOWN,54,,Wimmera CMA,15.1,Drung
110093,-36.60292233,141.9416443,GPS - SKM VA,54,Grampians Wimmera Mallee Water,Wimmera CMA,187,Duchembegarra
110094,-36.60292865,141.9416887,GPS - SKM VA,54,Grampians Wimmera Mallee Water,Wimmera CMA,119,Duchembegarra
110095,-36.60294568,141.9417474,GPS - SKM VA,54,Grampians Wimmera Mallee Water,Wimmera CMA,30,Duchembegarra
117004,-36.62422014,141.9676558,TRANSLATION,54,,(Not set),13.7,Duchembegarra
117005,-36.62422014,141.9676558,TRANSLATION,54,,(Not set),8.5,Duchembegarra
117006,-36.62428323,141.9598279,TRANSLATION,54,,(Not set),14,Duchembegarra
117007,-36.62428323,141.9598279,TRANSLATION,54,,(Not set),8.5,Duchembegarra
117008,-36.62348938,141.9463971,TRANSLATION,54,,(Not set),18.6,Duchembegarra
110116,-35.9252582,143.2392067,GPS - SKM VA,54,Grampians Wimmera Mallee Water,North Central CMA,122,Dumosa
110179,-35.92528878,143.2392201,GPS - SKM VA,54,Grampians Wimmera Mallee Water,North Central CMA,96,Dumosa
110180,-35.92531546,143.2392155,GPS - SKM VA,54,Grampians Wimmera Mallee Water,North Central CMA,122,Dumosa
WRK116006,-35.92526591,143.2392201,Not known,54,Grampians Wimmera Mallee Water,North Central CMA,,Dumosa
95072,-37.85509226,142.999717,GLOBAL POSIT,54,Southern Rural Water,Glenelg Hopkins CMA,104,Dundonnell
95073,-37.85511712,142.9997816,GLOBAL POSIT,54,Southern Rural Water,Glenelg Hopkins CMA,42,Dundonnell
45807,-37.66020444,142.4316456,GPS - SKM VA,54,Southern Rural Water,Glenelg Hopkins CMA,86.5,Dunkeld
45808,-37.66011501,142.4316258,GPS - SKM VA,54,Southern Rural Water,Glenelg Hopkins CMA,101.3,Dunkeld
116576,-36.93574279,143.587842,TRANSLATION,54,Grampians Wimmera Mallee Water,(Not set),18,Dunluce
117827,-36.94182894,143.5773823,TRANSLATION,54,,(Not set),18.5,Dunluce
117828,-36.94182894,143.5773823,TRANSLATION,54,,(Not set),6,Dunluce
117829,-36.94000292,143.5784432,TRANSLATION,54,,(Not set),18.5,Dunluce
117830,-36.94000292,143.5784432,TRANSLATION,54,,(Not set),6,Dunluce
117831,-36.93905389,143.5806572,TRANSLATION,54,,(Not set),6,Dunluce
117832,-36.93734993,143.5761092,TRANSLATION,54,,(Not set),6,Dunluce
WRK957775,-36.94173838,143.607888,NOT KNOWN,54,,North Central CMA,20.5,Dunluce
119330,-37.59229496,143.9583344,GPS - SKM VA,54,Southern Rural Water,Corangamite CMA,30,Dunnstown
WRK956864,-37.8174149,144.1756175,NOT KNOWN,55,,Corangamite CMA,16,Durdidwarrah
36238,-36.11866328,143.8690022,TRANSLATION,54,,(Not set),5.75,Durham Ox
36239,-36.11866328,143.8690022,TRANSLATION,54,,(Not set),7.2,Durham Ox
36240,-36.11866328,143.8690022,TRANSLATION,54,,(Not set),5.8,Durham Ox
40385,-36.10808312,143.9702376,TRANSLATION,54,,(Not set),15,Durham Ox
108354,-36.14671523,143.9001262,GPS - SKM VA,54,Goulburn-Murray Water,North Central CMA,111,Durham Ox
108355,-36.14701909,143.9001941,GPS - SKM VA,54,Goulburn-Murray Water,North Central CMA,103,Durham Ox
112987,-38.14851518,147.2192811,TRANSLATION,55,,(Not set),13.3,Dutson
112989,-38.14851518,147.2192811,TRANSLATION,55,,(Not set),5.05,Dutson
127621,-38.12688104,147.2209286,TRANSLATION,55,Southern Rural Water,(Not set),15,Dutson
127622,-38.12688104,147.2209286,TRANSLATION,55,Southern Rural Water,(Not set),5,Dutson
127626,-38.15867868,147.1782199,TRANSLATION,55,Southern Rural Water,(Not set),5,Dutson
26694,-38.0452297,143.577274,GLOBAL POSIT,54,Southern Rural Water,Corangamite CMA,16,Duverney
36053,-38.04796344,143.5455878,GPS - SKM VA,54,Southern Rural Water,Corangamite CMA,17,Duverney
103104,-38.02726368,143.5494125,GLOBAL POSIT,54,Southern Rural Water,Corangamite CMA,30,Duverney
103108,-38.04666799,143.5829138,GLOBAL POSIT,54,Southern Rural Water,Corangamite CMA,30,Duverney
103109,-38.05740463,143.5437428,GLOBAL POSIT,54,Southern Rural Water,Corangamite CMA,32,Duverney
103110,-38.05673624,143.5809534,GLOBAL POSIT,54,Southern Rural Water,Corangamite CMA,10.5,Duverney
CATHERINE_SOUTH,-36.71910355,144.2437696,Not known,55,Goulburn-Murray Water,(Not set),,Eaglehawk
WRK134646,-36.72532575,144.2416104,GLOBAL POSIT,55,Goulburn-Murray Water,(Not set),84,Eaglehawk
116653,-36.54940295,145.6660814,TRANSLATION,55,,(Not set),30,Earlston
116656,-36.53900693,145.6634673,TRANSLATION,55,Goulburn-Murray Water,(Not set),50,Earlston
116657,-36.52900652,145.6965897,TRANSLATION,55,Goulburn-Murray Water,(Not set),100,Earlston
116658,-36.53874874,145.6807871,TRANSLATION,55,Goulburn-Murray Water,(Not set),53,Earlston
116659,-36.52156871,145.6760528,TRANSLATION,55,Goulburn-Murray Water,(Not set),76,Earlston
116666,-36.50846523,145.7142421,TRANSLATION,55,Goulburn-Murray Water,(Not set),84,Earlston
116667,-36.52191837,145.7078774,TRANSLATION,55,Goulburn-Murray Water,(Not set),83,Earlston
116668,-36.49941267,145.6697306,TRANSLATION,55,Goulburn-Murray Water,(Not set),105,Earlston
116671,-36.51837416,145.6325514,TRANSLATION,55,Goulburn-Murray Water,(Not set),76,Earlston
118681,-36.55121795,145.6671675,TRANSLATION,55,,(Not set),16.6,Earlston
118682,-36.55121795,145.6671675,TRANSLATION,55,,(Not set),4.9,Earlston
118687,-36.55488134,145.632467,TRANSLATION,55,,(Not set),19.7,Earlston
118688,-36.55488134,145.632467,TRANSLATION,55,,(Not set),4.9,Earlston
118706,-36.562947,145.6680836,TRANSLATION,55,,(Not set),16.6,Earlston
WRK958084,-36.53813275,145.6697343,NOT KNOWN,55,,Goulburn Broken CMA,84,Earlston
WRK958085,-36.53810572,145.6697347,NOT KNOWN,55,,Goulburn Broken CMA,11,Earlston
90148,-38.11586319,147.1499842,GLOBAL POSIT,55,Southern Rural Water,West Gippsland CMA,188,East Sale
90434,-38.11212174,147.1507295,TRANSLATION,55,,(Not set),22.04,East Sale
90436,-38.11212174,147.1507295,TRANSLATION,55,,(Not set),4.44,East Sale
WRK957264,-36.35297294,146.369461,NOT KNOWN,55,,North East CMA,9.96,East Wangaratta
WRK957265,-36.35415689,146.3700199,NOT KNOWN,55,,North East CMA,14.12,East Wangaratta
73672,-36.87744745,143.9722509,GLOBAL POSIT,54,Goulburn-Murray Water,North Central CMA,94,Eastville
84797,-36.89128599,143.9694721,GPS - SKM VA,54,Goulburn-Murray Water,North Central CMA,101,Eastville
84798,-36.89071581,143.964884,GLOBAL POSIT,54,Goulburn-Murray Water,North Central CMA,90,Eastville
61957,-36.1475782,144.7654749,GPS - SKM VA,55,Goulburn-Murray Water,North Central CMA,170,Echuca
62038,-36.19894518,144.8029958,GPS - SKM VA,55,Goulburn-Murray Water,North Central CMA,206,Echuca
62039,-36.19904224,144.8028819,GPS - SKM VA,55,Goulburn-Murray Water,North Central CMA,20,Echuca
79327,-36.2037417,144.7315978,GPS - SKM VA,55,Goulburn-Murray Water,North Central CMA,143.5,Echuca
79328,-36.20367561,144.7315986,GPS - SKM VA,55,Goulburn-Murray Water,North Central CMA,33,Echuca
WRK013488,-36.14012162,144.733829,G-MW <30M VA,55,Goulburn-Murray Water,North Central CMA,78,Echuca
WRK059860,-36.1441328,144.7356178,NOT KNOWN,55,Goulburn-Murray Water,North Central CMA,54,Echuca
WRK059861,-36.1441126,144.7356432,NOT KNOWN,55,Goulburn-Murray Water,North Central CMA,16,Echuca
WRK006486,-36.12662351,144.7957532,Water Regist,55,Goulburn-Murray Water,(Not set),9,Echuca Village
WRK006932,-36.15014255,144.822771,Water Regist,55,Goulburn-Murray Water,(Not set),9,Echuca Village
79324,-36.16679361,144.6735718,GPS - SKM VA,55,Goulburn-Murray Water,North Central CMA,170,Echuca West
79326,-36.18257634,144.6299965,GPS - SKM VA,55,Goulburn-Murray Water,North Central CMA,204,Echuca West
79329,-36.16680161,144.6735867,GPS - SKM VA,55,Goulburn-Murray Water,North Central CMA,6,Echuca West
WRK005694,-36.16421002,144.68792,G-MW <30M VA,55,Goulburn-Murray Water,(Not set),112,Echuca West
WRK010347,-36.21059064,144.6789002,G-MW <30M VA,55,Goulburn-Murray Water,North Central CMA,144,Echuca West
WRK011521,-36.17201002,144.67917,G-MW <30M VA,55,Goulburn-Murray Water,(Not set),102,Echuca West
WRK117046,-36.16676689,144.6735718,Not known,55,Goulburn-Murray Water,North Central CMA,,Echuca West
62084,-38.38038242,142.8662386,GLOBAL POSIT,54,Southern Rural Water,Glenelg Hopkins CMA,912.09,Ecklin South
62085,-38.38025084,142.8665109,GLOBAL POSIT,54,Southern Rural Water,Glenelg Hopkins CMA,46.77,Ecklin South
141242,-38.38021244,142.8662572,GLOBAL POSIT,54,Southern Rural Water,Glenelg Hopkins CMA,18,Ecklin South
141243,-38.41957369,142.8919349,GLOBAL POSIT,54,Southern Rural Water,Glenelg Hopkins CMA,25,Ecklin South
WRK961321,-38.39625087,142.8630745,TRANSLATION,54,Southern Rural Water,Glenelg Hopkins CMA,11.5,Ecklin South
WRK952849,-36.8656878,143.8767008,TRANSLATION,54,Goulburn-Murray Water,North Central CMA,44,Eddington
WRK952850,-36.8656838,143.8766745,TRANSLATION,54,Goulburn-Murray Water,North Central CMA,20,Eddington
61922,-37.16810659,141.2675089,GPS - SKM VA,54,Southern Rural Water,Glenelg Hopkins CMA,65,Edenhope
61923,-37.16803926,141.2675005,GPS - SKM VA,54,Southern Rural Water,Glenelg Hopkins CMA,57,Edenhope
61930,-37.07842039,141.1828338,GPS - SKM VA,54,Grampians Wimmera Mallee Water,Wimmera CMA,90,Edenhope
62208,-37.03377784,141.2870744,GPS - SKM VA,54,Grampians Wimmera Mallee Water,Wimmera CMA,9.44,Edenhope
8003892,-37.03336473,141.2864716,GLOBAL POSIT,54,Grampians Wimmera Mallee Water,Wimmera CMA,69,Edenhope
8003893,-37.03349074,141.2865507,GLOBAL POSIT,54,Grampians Wimmera Mallee Water,Wimmera CMA,126,Edenhope
8003981,-37.04011437,141.3510086,NOT KNOWN,54,Grampians Wimmera Mallee Water,(Not set),54,Edenhope
WRK073518,-37.0400271,141.3500743,GLOBAL POSIT,54,Grampians Wimmera Mallee Water,(Not set),49,Edenhope
WRK073519,-37.03885628,141.3403893,GLOBAL POSIT,54,Grampians Wimmera Mallee Water,(Not set),38,Edenhope
WRK073520,-37.03885517,141.3404076,GLOBAL POSIT,54,Grampians Wimmera Mallee Water,(Not set),66,Edenhope
WRK075765,-37.0398689,141.3500743,GLOBAL POSIT,54,Grampians Wimmera Mallee Water,(Not set),54,Edenhope
WRK053382,-36.6475475,146.4266287,NOT KNOWN,55,Goulburn-Murray Water,North East CMA,78,Edi
WRK053428,-36.6475248,146.4266197,NOT KNOWN,55,Goulburn-Murray Water,North East CMA,12,Edi
WRK017606,-37.344769,144.063677,GLOBAL POSIT,55,Goulburn-Murray Water,North Central CMA,97,Eganstown
WRK017607,-37.34479743,144.0637151,GLOBAL POSIT,55,Goulburn-Murray Water,North Central CMA,36,Eganstown
117679,-38.33995595,143.0071066,Not known,54,,(Not set),20,Elingamite North
117680,-38.33456553,143.0103671,Not known,54,,(Not set),20,Elingamite North
62497,-38.15036574,142.6856016,GLOBAL POSIT,54,Southern Rural Water,Glenelg Hopkins CMA,30.48,Ellerslie
WRK988721,-38.15869561,142.6896003,GLOBAL POSIT,54,Southern Rural Water,Glenelg Hopkins CMA,150,Ellerslie
26685,-38.36372731,143.5461566,GLOBAL POSIT,54,Southern Rural Water,Corangamite CMA,10.45,Elliminyt
5926,-36.43101959,144.6305056,TRANSLATION,55,Goulburn-Murray Water,North Central CMA,40,Elmore
25271,-36.43061836,144.6512633,TRANSLATION,55,,(Not set),25,Elmore
60125,-36.43176496,144.6306395,GPS - SKM VA,55,Goulburn-Murray Water,North Central CMA,93,Elmore
60131,-36.44280011,144.6024128,GPS - SKM VA,55,Goulburn-Murray Water,North Central CMA,129,Elmore
60181,-36.4428134,144.6024189,GPS - SKM VA,55,Goulburn-Murray Water,North Central CMA,16,Elmore
62336,-36.48752081,144.5325363,GPS - SKM VA,55,Goulburn-Murray Water,North Central CMA,60,Elmore
62337,-36.48751621,144.5325802,GPS - SKM VA,55,Goulburn-Murray Water,North Central CMA,27,Elmore
62589,-36.51552801,144.5926541,GPS - SKM VA,55,Goulburn-Murray Water,North Central CMA,105,Elmore
62592,-36.48871875,144.6020078,GLOBAL POSIT,55,Goulburn-Murray Water,North Central CMA,117,Elmore
62600,-36.51559581,144.5926148,GPS - SKM VA,55,Goulburn-Murray Water,North Central CMA,18,Elmore
62601,-36.52135951,144.6122355,GLOBAL POSIT,55,Goulburn-Murray Water,North Central CMA,105,Elmore
62602,-36.52138904,144.6123061,GLOBAL POSIT,55,Goulburn-Murray Water,North Central CMA,24,Elmore
62605,-36.51749113,144.6041849,GPS - SKM VA,55,Goulburn-Murray Water,North Central CMA,109.5,Elmore
62606,-36.51761058,144.6044754,GLOBAL POSIT,55,Goulburn-Murray Water,North Central CMA,26,Elmore
WRK005696,-36.49848002,144.60255,G-MW DESKTOP,55,,(Not set),60.9,Elmore
WRK006220,-36.51528002,144.58821,G-MW DESKTOP,55,Goulburn-Murray Water,(Not set),66.75,Elmore
WRK006417,-36.49263916,144.607398,TRANSLATION,55,Goulburn-Murray Water,(Not set),73.5,Elmore
WRK006418,-36.4886442,144.601873,TRANSLATION,55,,(Not set),72,Elmore
WRK006664,-36.49438002,144.60038,G-MW DESKTOP,55,,(Not set),50,Elmore
WRK006718,-36.48663003,144.59806,G-MW <30M VA,55,Goulburn-Murray Water,(Not set),98,Elmore
WRK006936,-36.51396859,144.5930852,G-MW DESKTOP,55,Goulburn-Murray Water,(Not set),61.8,Elmore
WRK007248,-36.42490002,144.61885,G-MW <30M VA,55,Goulburn-Murray Water,(Not set),91,Elmore
WRK011377,-36.41711002,144.62099,G-MW <30M VA,55,Goulburn-Murray Water,(Not set),81,Elmore
WRK059870,-36.4337312,144.6582433,NOT KNOWN,55,Goulburn-Murray Water,North Central CMA,60,Elmore
WRK059871,-36.4337382,144.6582602,NOT KNOWN,55,Goulburn-Murray Water,North Central CMA,22,Elmore
71129,-36.72220786,143.454797,GPS - SKM VA,54,Grampians Wimmera Mallee Water,North Central CMA,66,Emu
116564,-36.8401598,144.3513035,TRANSLATION,55,,(Not set),42,Emu Creek
116565,-36.84855633,144.4889407,TRANSLATION,55,,(Not set),39,Eppalock
116566,-36.88303486,144.4575207,TRANSLATION,55,,(Not set),48,Eppalock
WRK008251,-36.8393488,144.5263305,G-MW <100M V,55,,(Not set),,Eppalock
WRK059875,-36.8462098,144.5271511,GLOBAL POSIT,55,Goulburn-Murray Water,North Central CMA,54,Eppalock
WRK956605,-36.69200651,144.3044159,NOT KNOWN,55,,North Central CMA,5,Epsom
WRK957703,-36.71743851,144.3151801,NOT KNOWN,55,,North Central CMA,15.95,Epsom
WRK957704,-36.71743851,144.3151801,NOT KNOWN,55,,North Central CMA,8.33,Epsom
121019,-37.43281209,143.591731,GLOBAL POSIT,54,Southern Rural Water,Glenelg Hopkins CMA,84,Ercildoune
WRK957271,-36.06601766,146.1694152,NOT KNOWN,55,,North East CMA,13.95,Esmond
26656,-38.13561541,143.7285893,GLOBAL POSIT,54,Southern Rural Water,Corangamite CMA,10,Eurack
79270,-36.69906432,145.5132705,GLOBAL POSIT,55,Goulburn-Murray Water,Goulburn Broken CMA,60,Euroa
WRK956986,-36.75901874,145.6324215,NOT KNOWN,55,,Goulburn Broken CMA,17,Euroa
48066,-36.64450499,146.8591671,GPS - SKM VA,55,Goulburn-Murray Water,North East CMA,16,Eurobin
48067,-36.64414294,146.8603787,GPS - SKM VA,55,Goulburn-Murray Water,North East CMA,15,Eurobin
48068,-36.64369993,146.8619185,GPS - SKM VA,55,Goulburn-Murray Water,North East CMA,15,Eurobin
48069,-36.64321132,146.8635585,GPS - SKM VA,55,Goulburn-Murray Water,North East CMA,9,Eurobin
WRK053282,-36.64307301,146.8648063,NOT KNOWN,55,Goulburn-Murray Water,North East CMA,61,Eurobin
SP068860,-37.24975155,143.6716351,NOT KNOWN,54,Goulburn-Murray Water,Mallee CMA,56,Evansford
WRK060947,-37.27811701,143.630873,NOT KNOWN,54,Goulburn-Murray Water,(Not set),73,Evansford
WRK060966,-37.27813094,143.6309138,NOT KNOWN,54,Goulburn-Murray Water,(Not set),97,Evansford
WRK061978,-37.27812244,143.6308909,NOT KNOWN,54,Goulburn-Murray Water,(Not set),108,Evansford
WRK952874,-37.263051,143.633896,TRANSLATION,54,Goulburn-Murray Water,North Central CMA,72,Evansford
WRK952875,-37.263083,143.633927,GPS - SKM VA,54,Goulburn-Murray Water,North Central CMA,54,Evansford
WRK957418,-36.43184367,146.5572995,NOT KNOWN,55,,North East CMA,17.4,Everton
WRK957419,-36.43179819,146.5571882,NOT KNOWN,55,,North East CMA,4.48,Everton
WRK957420,-36.43095775,146.5590783,NOT KNOWN,55,,North East CMA,14.25,Everton
WRK957421,-36.43018997,146.5660553,NOT KNOWN,55,,North East CMA,15.45,Everton
WRK957422,-36.43016428,146.5714216,NOT KNOWN,55,,North East CMA,13.1,Everton
WRK957423,-36.42055549,146.5379653,NOT KNOWN,55,,North East CMA,15.5,Everton
WRK957215,-36.38867778,146.5197021,Not known,55,,,19,Everton Upper
WRK957216,-36.38873169,146.5196572,Not known,55,,,3,Everton Upper
WRK957218,-36.39335568,146.5239553,Not known,55,,,9,Everton Upper
WRK957219,-36.396244,146.5271141,NOT KNOWN,55,,North East CMA,10.65,Everton Upper
WRK957220,-36.39613392,146.5266147,Not known,55,,,3,Everton Upper
WRK957221,-36.39879834,146.5278792,NOT KNOWN,55,,North East CMA,9.5,Everton Upper
WRK957222,-36.40125741,146.5273513,NOT KNOWN,55,,North East CMA,17.7,Everton Upper
WRK957223,-36.3994178,146.5226899,NOT KNOWN,55,,North East CMA,5.98,Everton Upper
WRK957224,-36.40277204,146.5296507,NOT KNOWN,55,,North East CMA,5.21,Everton Upper
WRK957290,-36.39487,146.5330548,NOT KNOWN,55,,North East CMA,29.75,Everton Upper
WRK957291,-36.40134796,146.5274512,NOT KNOWN,55,,North East CMA,54.75,Everton Upper
WRK957340,-36.38782003,146.5239093,NOT KNOWN,55,,North East CMA,17.6,Everton Upper
WRK957398,-36.37455567,146.5254505,NOT KNOWN,55,,North East CMA,5.63,Everton Upper
WRK957399,-36.37561927,146.5276737,NOT KNOWN,55,,North East CMA,11.01,Everton Upper
WRK957400,-36.37588304,146.528263,NOT KNOWN,55,,North East CMA,12.85,Everton Upper
WRK957402,-36.37641049,146.5294193,NOT KNOWN,55,,North East CMA,8.15,Everton Upper
WRK957442,-36.39348922,146.5303868,NOT KNOWN,55,,North East CMA,6.75,Everton Upper
WRK957443,-36.39337925,146.5299303,NOT KNOWN,55,,North East CMA,6.75,Everton Upper
WRK957444,-36.39337925,146.5299303,NOT KNOWN,55,,North East CMA,7,Everton Upper
6029,-35.67422126,143.8468653,TRANSLATION,54,,(Not set),3.7,Fairley
26866,-35.6691235,143.8229925,TRANSLATION,54,,(Not set),14.5,Fairley
26867,-35.6691235,143.8229925,TRANSLATION,54,,(Not set),9.92,Fairley
26869,-35.66490561,143.8106946,TRANSLATION,54,,(Not set),9.22,Fairley
79086,-35.68739941,143.8613473,GPS - SKM VA,54,Goulburn-Murray Water,North Central CMA,40,Fairley
79087,-35.68740649,143.8613671,GPS - SKM VA,54,Goulburn-Murray Water,North Central CMA,8,Fairley
WRK956546,-35.7030034,143.8180931,NOT KNOWN,54,,North Central CMA,11,Fairley
WRK956547,-35.7030034,143.8180931,NOT KNOWN,54,,North Central CMA,5,Fairley
WRK956548,-35.7015071,143.8188691,NOT KNOWN,54,,North Central CMA,10,Fairley
WRK956549,-35.7015071,143.8188691,NOT KNOWN,54,,North Central CMA,5,Fairley
WRK956553,-35.7030034,143.8180931,NOT KNOWN,54,,North Central CMA,14,Fairley
WRK956554,-35.7030034,143.8180931,NOT KNOWN,54,,North Central CMA,7,Fairley
89539,-36.29975885,144.7262223,GPS - SKM VA,55,Goulburn-Murray Water,North Central CMA,108,Fairy Dell
89540,-36.29978694,144.7262771,GPS - SKM VA,55,Goulburn-Murray Water,North Central CMA,8.5,Fairy Dell
WRK005752,-36.31977346,144.7574841,G-MW DESKTOP,55,,(Not set),4.88,Fairy Dell
WRK008283,-36.33911808,144.7246994,G-MW <30M VA,55,Goulburn-Murray Water,(Not set),8.7,Fairy Dell
WRK010277,-36.31926001,144.7537,G-MW <30M VA,55,Goulburn-Murray Water,(Not set),7.9,Fairy Dell
6563,-36.25979085,143.8841734,TRANSLATION,54,,(Not set),7.5,Fernihurst
6596,-36.2396152,143.8422696,TRANSLATION,54,,(Not set),6.73,Fernihurst
36217,-36.24075411,143.8512105,TRANSLATION,54,,(Not set),22,Fernihurst
36274,-36.22769584,143.869646,TRANSLATION,54,,(Not set),9,Fernihurst
36279,-36.25743699,143.8696215,TRANSLATION,54,,(Not set),3.54,Fernihurst
36280,-36.25743699,143.8696215,TRANSLATION,54,,(Not set),3.3,Fernihurst
83444,-36.21195706,143.8833133,GPS - SKM VA,54,Goulburn-Murray Water,North Central CMA,90,Fernihurst
118160,-36.24912327,143.8403888,TRANSLATION,54,,(Not set),10,Fernihurst
118167,-36.22255994,143.8583351,TRANSLATION,54,,(Not set),14.5,Fernihurst
63274,-38.41919705,144.8606862,GLOBAL POSIT,55,Southern Rural Water,Melbourne Water CMA,92,Fingal
63277,-38.43428004,144.8572695,GPS - SKM VA,55,Southern Rural Water,Melbourne Water CMA,51,Fingal
63278,-38.43423598,144.8572601,GPS - SKM VA,55,Southern Rural Water,Melbourne Water CMA,16,Fingal
6145,-35.43946773,143.7338662,GPS - SKM VA,54,Goulburn-Murray Water,North Central CMA,15,Fish Point
6146,-35.43946539,143.7338542,GPS - SKM VA,54,Goulburn-Murray Water,North Central CMA,3,Fish Point
50321,-35.44639333,143.7336804,GPS - SKM VA,54,Goulburn-Murray Water,North Central CMA,81,Fish Point
50322,-35.44640716,143.7336902,GPS - SKM VA,54,Goulburn-Murray Water,North Central CMA,27,Fish Point
WRK952880,-37.34377321,145.2885338,GLOBAL POSIT,55,Goulburn-Murray Water,Goulburn Broken CMA,36,Flowerdale
76074,-38.1787897,146.6321165,GLOBAL POSIT,55,Southern Rural Water,West Gippsland CMA,825,Flynn
76079,-38.17626685,146.6466581,GLOBAL POSIT,55,Southern Rural Water,West Gippsland CMA,730,Flynn
110722,-38.17876873,146.6323579,GLOBAL POSIT,55,Southern Rural Water,West Gippsland CMA,429,Flynn
112997,-38.17908656,146.745539,TRANSLATION,55,,(Not set),9.37,Flynn
112998,-38.21772332,146.6962825,TRANSLATION,55,,(Not set),22.05,Flynn
WRK957081,-37.28895966,144.8881843,NOT KNOWN,55,,Goulburn Broken CMA,13,Forbes
WRK957082,-37.29629851,144.8762583,NOT KNOWN,55,,Goulburn Broken CMA,25,Forbes
46968,-37.9233883,147.6185197,GLOBAL POSIT,55,Southern Rural Water,East Gippsland CMA,99,Forge Creek
47063,-37.90334187,147.6252565,GPS - SKM VA,55,Southern Rural Water,East Gippsland CMA,619.25,Forge Creek
65764,-37.970807,147.632226,GPS - SKM VA,55,Southern Rural Water,East Gippsland CMA,123.8,Forge Creek
64241,-38.4866174,143.7174852,GLOBAL POSIT,54,Southern Rural Water,Corangamite CMA,280,Forrest
108915,-38.49178875,143.679986,GLOBAL POSIT,54,Southern Rural Water,Corangamite CMA,208.5,Forrest
114151,-38.50290639,143.6614381,GLOBAL POSIT,54,Southern Rural Water,Corangamite CMA,212,Forrest
26840,-38.04742358,143.4446748,GLOBAL POSIT,54,Southern Rural Water,Corangamite CMA,10,Foxhow
88137,-38.06511785,143.5168854,GLOBAL POSIT,54,Southern Rural Water,Corangamite CMA,33,Foxhow
88138,-38.02719196,143.5033046,GLOBAL POSIT,54,Southern Rural Water,Corangamite CMA,26,Foxhow
117694,-38.0189276,143.4609071,TRANSLATION,54,Southern Rural Water,(Not set),5,Foxhow
63889,-38.36570231,145.4295156,TRANSLATION,55,Southern Rural Water,Melbourne Water CMA,60.05,French Island
63910,-38.34184622,145.4849026,GLOBAL POSIT,55,Southern Rural Water,Melbourne Water CMA,18.59,French Island
63918,-38.32049482,145.3396146,GLOBAL POSIT,55,Southern Rural Water,Melbourne Water CMA,39.62,French Island
63921,-38.32221657,145.4142507,GLOBAL POSIT,55,Southern Rural Water,Melbourne Water CMA,38.1,French Island
63930,-38.32772972,145.2863533,GLOBAL POSIT,55,Southern Rural Water,Melbourne Water CMA,88.08,French Island
109529,-38.2901705,145.303811,GLOBAL POSIT,55,Southern Rural Water,Melbourne Water CMA,117.95,French Island
109530,-38.29016145,145.3038142,GLOBAL POSIT,55,Southern Rural Water,Melbourne Water CMA,117.95,French Island
109531,-38.29017439,145.303799,GLOBAL POSIT,55,Southern Rural Water,Melbourne Water CMA,117.95,French Island
109532,-38.32771911,145.28641,GLOBAL POSIT,55,Southern Rural Water,Melbourne Water CMA,90.75,French Island
109533,-38.32771457,145.28642,GLOBAL POSIT,55,Southern Rural Water,Melbourne Water CMA,90.75,French Island
42121,-38.0860219,146.9419743,TRANSLATION,55,,(Not set),11.27,Fulham
42122,-38.0486046,146.9504485,TRANSLATION,55,,(Not set),14.32,Fulham
42123,-38.05734347,146.9667884,TRANSLATION,55,,(Not set),9.14,Fulham
42128,-38.0745296,146.9636458,TRANSLATION,55,,(Not set),13.41,Fulham
105132,-38.09946539,146.9604831,GPS - SKM VA,55,Southern Rural Water,West Gippsland CMA,168,Fulham
105196,-38.07421488,146.961907,GLOBAL POSIT,55,Southern Rural Water,West Gippsland CMA,252,Fulham
105199,-38.07754786,146.9871775,TRANSLATION,55,,(Not set),20.46,Fulham
105201,-38.07754786,146.9871775,TRANSLATION,55,,(Not set),5.43,Fulham
105547,-38.11376974,146.9745648,GLOBAL POSIT,55,Southern Rural Water,West Gippsland CMA,396.85,Fulham
110725,-38.10143396,146.9437186,TRANSLATION,55,Southern Rural Water,West Gippsland CMA,740,Fulham
112995,-38.12438176,146.9727715,TRANSLATION,55,,(Not set),20.45,Fulham
127302,-38.07662063,146.9618548,TRANSLATION,55,Southern Rural Water,(Not set),14.5,Fulham
127303,-38.07495456,146.9668377,TRANSLATION,55,Southern Rural Water,(Not set),11,Fulham
6273,-35.69586133,144.1289407,TRANSLATION,55,,(Not set),37.5,Gannawarra
6281,-35.7225802,144.1534018,TRANSLATION,55,,(Not set),37.5,Gannawarra
36072,-35.72290805,144.1673156,TRANSLATION,55,,(Not set),25,Gannawarra
116602,-37.39719787,141.9650785,TRANSLATION,54,,(Not set),30,Gatum
116603,-37.39047989,141.9599095,TRANSLATION,54,,(Not set),30,Gatum
117176,-37.39223183,141.9661444,TRANSLATION,54,,(Not set),11.8,Gatum
117177,-37.39223183,141.9661444,TRANSLATION,54,,(Not set),7.9,Gatum
117179,-37.39223183,141.9661444,TRANSLATION,54,,(Not set),11,Gatum
117182,-37.39223183,141.9661444,TRANSLATION,54,,(Not set),17,Gatum
117183,-37.39223183,141.9661444,TRANSLATION,54,,(Not set),1.2,Gatum
117184,-37.39223183,141.9661444,TRANSLATION,54,,(Not set),11.9,Gatum
117188,-37.39223183,141.9661444,TRANSLATION,54,,(Not set),19.6,Gatum
117194,-37.39223183,141.9661444,TRANSLATION,54,,(Not set),14.2,Gatum
WRK991273,-37.91512845,142.214732,GLOBAL POSIT,54,Southern Rural Water,Glenelg Hopkins CMA,107.6,Gazette
80732,-38.53593435,143.5361186,GLOBAL POSIT,54,Southern Rural Water,Corangamite CMA,32,Gellibrand
80733,-38.53165443,143.4936765,GPS - SKM VA,54,Southern Rural Water,Corangamite CMA,78,Gellibrand
108897,-38.52106056,143.5765946,GLOBAL POSIT,54,Southern Rural Water,Corangamite CMA,86,Gellibrand
108898,-38.51614727,143.5772455,GPS - SKM VA,54,Southern Rural Water,Corangamite CMA,272,Gellibrand
108899,-38.51626517,143.5774186,GPS - SKM VA,54,Southern Rural Water,Corangamite CMA,34,Gellibrand
108900,-38.51512612,143.5391585,GLOBAL POSIT,54,Southern Rural Water,Corangamite CMA,100,Gellibrand
108901,-38.51512187,143.539001,GLOBAL POSIT,54,Southern Rural Water,Corangamite CMA,41,Gellibrand
108902,-38.51549247,143.5390712,GLOBAL POSIT,54,Southern Rural Water,Corangamite CMA,265,Gellibrand
108903,-38.51641177,143.5389758,GLOBAL POSIT,54,Southern Rural Water,Corangamite CMA,101,Gellibrand
108904,-38.52326327,143.5139748,GLOBAL POSIT,54,Southern Rural Water,Corangamite CMA,143,Gellibrand
108906,-38.5233298,143.5142918,GLOBAL POSIT,54,Southern Rural Water,Corangamite CMA,151,Gellibrand
108907,-38.51155815,143.559673,GPS - SKM VA,54,Southern Rural Water,Corangamite CMA,362.5,Gellibrand
108916,-38.51642926,143.5770708,GPS - SKM VA,54,Southern Rural Water,Corangamite CMA,14.94,Gellibrand
108919,-38.51581448,143.5755751,GPS - SKM VA,54,Southern Rural Water,Corangamite CMA,16.59,Gellibrand
108922,-38.51912363,143.5713574,GLOBAL POSIT,54,Southern Rural Water,Corangamite CMA,20.2,Gellibrand
108924,-38.52846215,143.6025485,GLOBAL POSIT,54,Southern Rural Water,Corangamite CMA,16.69,Gellibrand
108925,-38.52986316,143.5653385,GLOBAL POSIT,54,Southern Rural Water,Corangamite CMA,19.52,Gellibrand
108927,-38.51614405,143.5390559,GLOBAL POSIT,54,Southern Rural Water,Corangamite CMA,14.48,Gellibrand
108928,-38.51577205,143.5391583,GLOBAL POSIT,54,Southern Rural Water,Corangamite CMA,17.65,Gellibrand
108929,-38.52486023,143.5391601,GLOBAL POSIT,54,Southern Rural Water,Corangamite CMA,15.47,Gellibrand
108931,-38.52391673,143.5302105,GLOBAL POSIT,54,Southern Rural Water,Corangamite CMA,18.38,Gellibrand
108932,-38.52351897,143.515602,GLOBAL POSIT,54,Southern Rural Water,Corangamite CMA,27.97,Gellibrand
108933,-38.51705722,143.5682863,GLOBAL POSIT,54,Southern Rural Water,Corangamite CMA,11.67,Gellibrand
108934,-38.5182456,143.5644547,GLOBAL POSIT,54,Southern Rural Water,Corangamite CMA,12.04,Gellibrand
108935,-38.5217161,143.5625051,GLOBAL POSIT,54,Southern Rural Water,Corangamite CMA,11.79,Gellibrand
108936,-38.50959564,143.5310505,GLOBAL POSIT,54,Southern Rural Water,Corangamite CMA,11.6,Gellibrand
108937,-38.51372749,143.5287054,GPS - SKM VA,54,Southern Rural Water,Corangamite CMA,12.58,Gellibrand
108938,-38.51555324,143.5291076,GLOBAL POSIT,54,Southern Rural Water,Corangamite CMA,12.8,Gellibrand
108940,-38.51568354,143.526721,GLOBAL POSIT,54,Southern Rural Water,Corangamite CMA,11.79,Gellibrand
108941,-38.51638822,143.5254645,GLOBAL POSIT,54,Southern Rural Water,Corangamite CMA,11.83,Gellibrand
108942,-38.51779474,143.5236122,GLOBAL POSIT,54,Southern Rural Water,Corangamite CMA,11.68,Gellibrand
108943,-38.51831529,143.5194959,GLOBAL POSIT,54,Southern Rural Water,Corangamite CMA,15.5,Gellibrand
108944,-38.51882774,143.5165624,GLOBAL POSIT,54,Southern Rural Water,Corangamite CMA,8.43,Gellibrand
108945,-38.51895783,143.5770595,GLOBAL POSIT,54,Southern Rural Water,Corangamite CMA,88.65,Gellibrand
108946,-38.51868579,143.577024,GLOBAL POSIT,54,Southern Rural Water,Corangamite CMA,40,Gellibrand
108947,-38.51987009,143.5767856,GLOBAL POSIT,54,Southern Rural Water,Corangamite CMA,64,Gellibrand
110737,-38.52302298,143.5896791,GLOBAL POSIT,54,Southern Rural Water,Corangamite CMA,42.6,Gellibrand
116489,-38.50891464,143.5831105,GPS - SKM VA,54,Southern Rural Water,Corangamite CMA,210,Gellibrand
WRK957539,-38.63097369,146.5707717,NOT KNOWN,55,,West Gippsland CMA,4.77,Gelliondale
WRK957540,-38.6319712,146.5724661,NOT KNOWN,55,,West Gippsland CMA,3.67,Gelliondale
WRK957612,-38.63167626,146.5706756,NOT KNOWN,55,,West Gippsland CMA,3.57,Gelliondale
WRK957613,-38.63167626,146.5706756,NOT KNOWN,55,,West Gippsland CMA,10.37,Gelliondale
40650,-35.1935949,142.802629,GPS - SKM VA,54,Grampians Wimmera Mallee Water,Mallee CMA,13.5,Gerahmin
64281,-36.37529446,141.8904888,GPS - SKM VA,54,Grampians Wimmera Mallee Water,Wimmera CMA,155.3,Gerang Gerung
110088,-36.37531211,141.890528,GPS - SKM VA,54,Grampians Wimmera Mallee Water,Wimmera CMA,95.5,Gerang Gerung
110089,-36.37532196,141.8905617,GPS - SKM VA,54,Grampians Wimmera Mallee Water,Wimmera CMA,41.35,Gerang Gerung
64227,-38.48383762,143.6524902,GLOBAL POSIT,54,Southern Rural Water,Corangamite CMA,459.02,Gerangamete
64228,-38.48420516,143.6525724,GLOBAL POSIT,54,Southern Rural Water,Corangamite CMA,377.95,Gerangamete
64230,-38.44186846,143.7382362,GLOBAL POSIT,54,Southern Rural Water,Corangamite CMA,589.04,Gerangamete
64233,-38.44322254,143.6860011,GLOBAL POSIT,54,Southern Rural Water,Corangamite CMA,248.75,Gerangamete
64234,-38.44246258,143.7382586,GLOBAL POSIT,54,Southern Rural Water,Corangamite CMA,255,Gerangamete
64235,-38.46458955,143.6617431,GLOBAL POSIT,54,Southern Rural Water,Corangamite CMA,192.5,Gerangamete
64237,-38.47312222,143.681472,GLOBAL POSIT,54,Southern Rural Water,Corangamite CMA,422,Gerangamete
64238,-38.43047695,143.6778818,GLOBAL POSIT,54,Southern Rural Water,Corangamite CMA,157,Gerangamete
64239,-38.43758554,143.6606016,GLOBAL POSIT,54,Southern Rural Water,Corangamite CMA,90,Gerangamete
64240,-38.44337742,143.6859266,GLOBAL POSIT,54,Southern Rural Water,Corangamite CMA,311,Gerangamete
64244,-38.46124903,143.6556958,GLOBAL POSIT,54,Southern Rural Water,Corangamite CMA,325.9,Gerangamete
109132,-38.4216996,143.6757412,GLOBAL POSIT,54,Southern Rural Water,Corangamite CMA,123,Gerangamete
114164,-38.45377885,143.6439024,GPS - SKM VA,54,Southern Rural Water,Corangamite CMA,174,Gerangamete
114165,-38.45378223,143.6438959,GPS - SKM VA,54,Southern Rural Water,Corangamite CMA,99,Gerangamete
117556,-38.42922776,143.7560934,TRANSLATION,54,,(Not set),20,Gerangamete
117557,-38.42922776,143.7560934,TRANSLATION,54,,(Not set),10,Gerangamete
117558,-38.42922776,143.7560934,TRANSLATION,54,,(Not set),5,Gerangamete
117574,-38.45036425,143.7249323,TRANSLATION,54,,(Not set),20,Gerangamete
117575,-38.45036425,143.7249323,TRANSLATION,54,,(Not set),10,Gerangamete
117576,-38.45036425,143.7249323,TRANSLATION,54,,(Not set),5,Gerangamete
117580,-38.4555223,143.7239804,TRANSLATION,54,,(Not set),20,Gerangamete
117581,-38.4555223,143.7239804,TRANSLATION,54,,(Not set),10,Gerangamete
117582,-38.4555223,143.7239804,TRANSLATION,54,,(Not set),5,Gerangamete
WRK956021,-38.45739429,143.7323723,NOT KNOWN,54,,Corangamite CMA,19.04,Gerangamete
WRK956022,-38.45739429,143.7323723,NOT KNOWN,54,,Corangamite CMA,3.99,Gerangamete
WRK956023,-38.45743289,143.7326488,NOT KNOWN,54,,Corangamite CMA,19.49,Gerangamete
WRK956024,-38.45743289,143.7326488,NOT KNOWN,54,,Corangamite CMA,5.04,Gerangamete
WRK956042,-38.45530917,143.7193803,NOT KNOWN,54,,Corangamite CMA,4.98,Gerangamete
WRK956043,-38.45503885,143.7193816,NOT KNOWN,54,,Corangamite CMA,19.57,Gerangamete
WRK956044,-38.45503885,143.7193816,NOT KNOWN,54,,Corangamite CMA,5.95,Gerangamete
WRK956056,-38.45096524,143.729884,NOT KNOWN,54,,Corangamite CMA,4.93,Gerangamete
WRK956057,-38.45035844,143.729632,NOT KNOWN,54,,Corangamite CMA,19.93,Gerangamete
WRK956800,-38.2928298,144.0880861,NOT KNOWN,55,,Corangamite CMA,10,Gherang
WRK017739,-37.18035939,145.3710029,GLOBAL POSIT,55,Goulburn-Murray Water,Goulburn Broken CMA,18,Ghin Ghin
145092,-38.38348756,147.0855837,GLOBAL POSIT,55,Southern Rural Water,West Gippsland CMA,90,Giffard
116772,-36.33064169,143.0235125,TRANSLATION,54,Grampians Wimmera Mallee Water,(Not set),48,Gil Gil
117970,-36.32892015,143.0713688,TRANSLATION,54,,(Not set),17,Gil Gil
117971,-36.33480549,143.0436733,TRANSLATION,54,,(Not set),12,Gil Gil
117972,-36.33064169,143.0235125,TRANSLATION,54,,(Not set),19.7,Gil Gil
117973,-36.33064169,143.0235125,TRANSLATION,54,,(Not set),7,Gil Gil
117974,-36.32754301,142.9933559,TRANSLATION,54,,(Not set),12,Gil Gil
117975,-36.32754301,142.9933559,TRANSLATION,54,,(Not set),7,Gil Gil
WRK006505,-36.33279,145.21918,G-MW <30M VA,55,Goulburn-Murray Water,(Not set),12,Gillieston
WRK007150,-36.31688482,145.2172855,G-MW DESKTOP,55,Goulburn-Murray Water,(Not set),11.2,Gillieston
WRK010980,-36.32286437,145.2146691,Water Regist,55,Goulburn-Murray Water,Goulburn Broken CMA,11.61,Gillieston
WRK013441,-36.32789268,145.2109561,NOT KNOWN,55,Goulburn-Murray Water,Goulburn Broken CMA,60,Gillieston
54455,-36.39894587,144.8575618,GLOBAL POSIT,55,Goulburn-Murray Water,Goulburn Broken CMA,174,Girgarre
73538,-36.39887415,144.996511,GPS - SKM VA,55,Goulburn-Murray Water,Goulburn Broken CMA,73,Girgarre
73539,-36.39885701,144.9965154,GPS - SKM VA,55,Goulburn-Murray Water,Goulburn Broken CMA,29,Girgarre
WRK006497,-36.38095258,144.95241,G-MW DESKTOP,55,Goulburn-Murray Water,(Not set),8,Girgarre
WRK006532,-36.40811474,144.9268457,Water Regist,55,Goulburn-Murray Water,(Not set),18,Girgarre
WRK006979,-36.37147011,144.9372715,G-MW <30M VA,55,Goulburn-Murray Water,(Not set),9.5,Girgarre
WRK008586,-36.39358459,144.9281359,G-MW <30M VA,55,Goulburn-Murray Water,(Not set),9.6,Girgarre
WRK012764,-36.42321401,144.9824342,G-MW DESKTOP,55,Goulburn-Murray Water,(Not set),11.8,Girgarre
64468,-36.438944,145.0685221,GPS - SKM VA,55,Goulburn-Murray Water,Goulburn Broken CMA,30,Girgarre East
64469,-36.43897473,145.0685159,GPS - SKM VA,55,Goulburn-Murray Water,Goulburn Broken CMA,12,Girgarre East
WRK006295,-36.47512587,145.045386,G-MW <30M VA,55,Goulburn-Murray Water,(Not set),10,Girgarre East
WRK006325,-36.47065995,145.0672605,G-MW <100M V,55,Goulburn-Murray Water,(Not set),30,Girgarre East
WRK008858,-36.46743699,145.0499916,Water Regist,55,Goulburn-Murray Water,(Not set),15,Girgarre East
WRK010185,-36.44280915,145.0882513,G-MW DESKTOP,55,Goulburn-Murray Water,(Not set),12,Girgarre East
WRK013264,-36.46722001,145.05546,G-MW <30M VA,55,Goulburn-Murray Water,Goulburn Broken CMA,10,Girgarre East
75853,-36.04137979,143.9318508,GPS - SKM VA,54,Goulburn-Murray Water,North Central CMA,90,Gladfield
75854,-36.04138974,143.9318861,GPS - SKM VA,54,Goulburn-Murray Water,North Central CMA,42,Gladfield
75855,-36.0413803,143.9319184,GPS - SKM VA,54,Goulburn-Murray Water,North Central CMA,16.5,Gladfield
119092,-38.47365998,145.5144552,TRANSLATION,55,,(Not set),5,Glen Forbes
119093,-38.47461894,145.5190212,TRANSLATION,55,,(Not set),20,Glen Forbes
WRK957483,-38.47193369,145.5247593,NOT KNOWN,55,,Melbourne Water CMA,5,Glen Forbes
116604,-37.0685234,144.9158374,TRANSLATION,55,Goulburn-Murray Water,(Not set),91,Glenaroua
116783,-37.06954921,144.9697795,TRANSLATION,55,Goulburn-Murray Water,(Not set),42,Glenaroua
116784,-37.09747637,144.969035,TRANSLATION,55,Goulburn-Murray Water,(Not set),68,Glenaroua
118934,-37.03324418,144.9550081,TRANSLATION,55,,(Not set),17,Glenaroua
118935,-37.03324418,144.9550081,TRANSLATION,55,,(Not set),11,Glenaroua
118937,-37.06277775,144.9171031,TRANSLATION,55,,(Not set),21,Glenaroua
118938,-37.06277775,144.9171031,TRANSLATION,55,,(Not set),7.5,Glenaroua
118940,-37.05151969,144.9047658,TRANSLATION,55,,(Not set),16.5,Glenaroua
WRK958144,-37.04155583,144.9383004,NOT KNOWN,55,,Goulburn Broken CMA,31,Glenaroua
WRK958153,-37.20269123,144.9626773,NOT KNOWN,55,,Goulburn Broken CMA,18,Glenaroua
WRK016267,-37.365479,143.565676,GLOBAL POSIT,54,Southern Rural Water,Glenelg Hopkins CMA,108,Glenbrae
WRK952871,-37.32609,143.585344,SURVEYED-GRO,54,Goulburn-Murray Water,North Central CMA,134,Glenbrae
WRK952879,-37.38272139,145.4730983,GLOBAL POSIT,55,Goulburn-Murray Water,Goulburn Broken CMA,66,Glenburn
62426,-38.40066202,142.9882133,GPS - SKM VA,54,Southern Rural Water,Corangamite CMA,857.76,Glenfyne
62427,-38.40051695,142.988085,GPS - SKM VA,54,Southern Rural Water,Corangamite CMA,54,Glenfyne
112996,-38.12250564,146.7107326,TRANSLATION,55,,(Not set),19.32,Glengarry
128028,-38.12652686,146.6934539,TRANSLATION,55,Southern Rural Water,(Not set),13,Glengarry
128029,-38.13733719,146.6686245,TRANSLATION,55,Southern Rural Water,(Not set),20.5,Glengarry
128030,-38.1346834,146.6484957,TRANSLATION,55,Southern Rural Water,(Not set),15,Glengarry
128031,-38.13061879,146.6113872,TRANSLATION,55,Southern Rural Water,(Not set),19,Glengarry
128033,-38.12063569,146.614965,TRANSLATION,55,Southern Rural Water,(Not set),14.5,Glengarry
139366,-38.11947348,146.7240583,TRANSLATION,55,Southern Rural Water,(Not set),20,Glengarry
139370,-38.10778445,146.7206001,TRANSLATION,55,Southern Rural Water,(Not set),20,Glengarry
138655,-37.21480517,143.8635551,GLOBAL POSIT,54,Goulburn-Murray Water,North Central CMA,61,Glengower
138656,-37.21476889,143.863565,GLOBAL POSIT,54,Goulburn-Murray Water,North Central CMA,90,Glengower
WRK952878,-37.23754446,143.8597194,TRANSLATION,54,Goulburn-Murray Water,North Central CMA,48.5,Glengower
WRK957980,-37.24795036,143.8925845,NOT KNOWN,54,,North Central CMA,10.9,Glengower
WRK957981,-37.24791215,143.8926732,NOT KNOWN,54,,North Central CMA,18.9,Glengower
WRK956917,-37.08624966,144.6724923,NOT KNOWN,55,,North Central CMA,7.5,Glenhope
WRK956919,-37.04589265,144.6619541,NOT KNOWN,55,,North Central CMA,7,Glenhope
WRK957990,-37.08298226,144.6694876,NOT KNOWN,55,,North Central CMA,66.74,Glenhope
WRK956916,-37.05528857,144.7135145,NOT KNOWN,55,,North Central CMA,7.5,Glenhope East
WRK957991,-37.07163486,144.7204242,NOT KNOWN,55,,North Central CMA,30.55,Glenhope East
51213,-37.19870652,142.3410291,GPS - SKM VA,54,Grampians Wimmera Mallee Water,Glenelg Hopkins CMA,76,Glenisla
51214,-37.20912899,142.3414558,GPS - SKM VA,54,Grampians Wimmera Mallee Water,Glenelg Hopkins CMA,62,Glenisla
51215,-37.21206142,142.337296,GPS - SKM VA,54,Grampians Wimmera Mallee Water,Glenelg Hopkins CMA,32,Glenisla
116978,-36.19548318,141.9200871,TRANSLATION,54,,(Not set),11.3,Glenlee
116979,-36.19548318,141.9200871,TRANSLATION,54,,(Not set),8.5,Glenlee
WRK956113,-37.21375409,143.2482167,NOT KNOWN,54,,Wimmera CMA,18.2,Glenlogie
WRK956298,-37.2121603,143.2490934,NOT KNOWN,54,,Wimmera CMA,34.48,Glenlogie
65270,-36.10963275,143.376305,GPS - SKM VA,54,Grampians Wimmera Mallee Water,North Central CMA,108,Glenloth
WRK017604,-37.28360549,144.2434541,GLOBAL POSIT,55,Goulburn-Murray Water,North Central CMA,85,Glenlyon
WRK017605,-37.28362402,144.2434759,GLOBAL POSIT,55,Goulburn-Murray Water,North Central CMA,54,Glenlyon
WRK956823,-37.70802517,144.3221614,NOT KNOWN,55,,Melbourne Water CMA,20,Glenmore
WRK956824,-37.70802517,144.3221614,NOT KNOWN,55,,Melbourne Water CMA,5,Glenmore
WRK956825,-37.70691907,144.3250366,NOT KNOWN,55,,Melbourne Water CMA,20,Glenmore
WRK956826,-37.70426971,144.3274115,NOT KNOWN,55,,Melbourne Water CMA,20,Glenmore
113122,-36.86306897,142.5999696,GLOBAL POSIT,54,Grampians Wimmera Mallee Water,Wimmera CMA,60.8,Glenorchy
113123,-36.86307346,142.5999304,GLOBAL POSIT,54,Grampians Wimmera Mallee Water,Wimmera CMA,14.5,Glenorchy
45815,-37.60896671,142.4433555,GPS - SKM VA,54,Southern Rural Water,Glenelg Hopkins CMA,77,Glenthompson
45816,-37.60897438,142.4433134,GPS - SKM VA,54,Southern Rural Water,Glenelg Hopkins CMA,40,Glenthompson
53516,-37.60078605,142.5556143,TRANSLATION,54,Southern Rural Water,Glenelg Hopkins CMA,28,Glenthompson
83676,-37.69370603,142.6097744,GPS - SKM VA,54,Southern Rural Water,Glenelg Hopkins CMA,38.1,Glenthompson
88247,-37.80533347,142.4918686,GPS - SKM VA,54,Southern Rural Water,Glenelg Hopkins CMA,53.34,Glenthompson
117375,-37.70640952,142.585672,Not known,54,,(Not set),18,Glenthompson
116710,-36.65122422,144.860012,TRANSLATION,55,Goulburn-Murray Water,(Not set),63,Gobarup
116711,-36.65338628,144.8549181,TRANSLATION,55,Goulburn-Murray Water,(Not set),67,Gobarup
116713,-36.65077421,144.860025,TRANSLATION,55,Goulburn-Murray Water,(Not set),45.7,Gobarup
145093,-38.21288723,147.3990949,GLOBAL POSIT,55,Southern Rural Water,West Gippsland CMA,79,Golden Beach
CARSHALTON,-36.7939669,144.2594532,Not known,55,Goulburn-Murray Water,(Not set),,Golden Gully
GLASGOW,-36.79033383,144.2637656,Not known,55,Goulburn-Murray Water,(Not set),,Golden Gully
ADAM_STREET_VENT,-36.77672,144.27094,Not known,55,Goulburn-Murray Water,(Not set),,Golden Square
EUREKA,-36.77407404,144.2659423,Not known,55,Goulburn-Murray Water,(Not set),,Golden Square
GOLDEN_SQUARE_BORE,-36.77227254,144.2511301,Not known,55,Goulburn-Murray Water,(Not set),,Golden Square
RWB,-36.77695313,144.2712285,Not known,55,Goulburn-Murray Water,(Not set),,Golden Square
WRK134641,-36.77333183,144.2677611,GLOBAL POSIT,55,Goulburn-Murray Water,(Not set),35,Golden Square
65762,-37.97899074,147.5477752,GPS - SKM VA,55,Southern Rural Water,East Gippsland CMA,99,Goon Nure
121806,-38.01251051,147.4890884,TRANSLATION,55,,(Not set),16,Goon Nure
121808,-37.96907643,147.5676984,TRANSLATION,55,,(Not set),23.5,Goon Nure
121809,-37.98274129,147.4954948,TRANSLATION,55,,(Not set),20.5,Goon Nure
121810,-37.97980771,147.5472849,TRANSLATION,55,,(Not set),20.5,Goon Nure
122454,-37.98979694,147.5308464,TRANSLATION,55,,(Not set),5,Goon Nure
122456,-37.98979694,147.5308464,TRANSLATION,55,,(Not set),20,Goon Nure
122457,-38.00078042,147.4921992,TRANSLATION,55,,(Not set),5,Goon Nure
122459,-38.00078042,147.4921992,TRANSLATION,55,,(Not set),16,Goon Nure
122470,-37.9874918,147.5422171,TRANSLATION,55,,(Not set),16.03,Goon Nure
65872,-36.63163897,144.4762564,GPS - SKM VA,55,Goulburn-Murray Water,North Central CMA,43,Goornong
65873,-36.62719402,144.4300495,GPS - SKM VA,55,Goulburn-Murray Water,North Central CMA,45,Goornong
65874,-36.62648448,144.4301625,GLOBAL POSIT,55,Goulburn-Murray Water,North Central CMA,9,Goornong
86139,-36.60231915,144.5504912,GLOBAL POSIT,55,Goulburn-Murray Water,North Central CMA,87.5,Goornong
86140,-36.6023077,144.5505128,GPS - SKM VA,55,Goulburn-Murray Water,North Central CMA,32,Goornong
86141,-36.60230678,144.5504681,GLOBAL POSIT,55,Goulburn-Murray Water,North Central CMA,22,Goornong
WRK005810,-36.65309003,144.49817,G-MW DESKTOP,55,,(Not set),16.1,Goornong
WRK005813,-36.6545729,144.4981185,G-MW DESKTOP,55,Goulburn-Murray Water,(Not set),14.3,Goornong
WRK008355,-36.65794003,144.49932,G-MW <30M VA,55,Goulburn-Murray Water,Goulburn Broken CMA,8.5,Goornong
WRK009453,-36.59520002,144.58591,G-MW <30M VA,55,Goulburn-Murray Water,(Not set),63.5,Goornong
WRK010785,-36.59584221,144.5411608,G-MW <30M VA,55,Goulburn-Murray Water,(Not set),35,Goornong
WRK010877,-36.5776285,144.5737314,G-MW DESKTOP,55,,,58,Goornong
WRK015688,-36.57834993,144.5799554,GLOBAL POSIT,55,Goulburn-Murray Water,(Not set),,Goornong
WRK059880,-36.6295197,144.5528016,NOT KNOWN,55,Goulburn-Murray Water,North Central CMA,72,Goornong
WRK059881,-36.6295253,144.5528134,NOT KNOWN,55,Goulburn-Murray Water,North Central CMA,36,Goornong
WRK059882,-36.629531,144.5528266,NOT KNOWN,55,Goulburn-Murray Water,North Central CMA,24,Goornong
WRK059886,-36.62928757,144.5516379,NOT KNOWN,55,Goulburn-Murray Water,North Central CMA,78,Goornong
WRK059887,-36.62924231,144.5516281,NOT KNOWN,55,Goulburn-Murray Water,North Central CMA,42,Goornong
WRK059888,-36.62928734,144.5516267,NOT KNOWN,55,Goulburn-Murray Water,North Central CMA,28,Goornong
WRK059893,-36.63045883,144.5419954,NOT KNOWN,55,Goulburn-Murray Water,North Central CMA,7,Goornong
WRK059894,-36.6304586,144.5419842,NOT KNOWN,55,Goulburn-Murray Water,North Central CMA,48,Goornong
WRK059895,-36.63045906,144.5420066,NOT KNOWN,55,Goulburn-Murray Water,North Central CMA,18,Goornong
WRK088198,-36.59579106,144.5422109,NOT KNOWN,55,Goulburn-Murray Water,(Not set),33,Goornong
WRK956712,-36.57608622,144.5569177,NOT KNOWN,55,,North Central CMA,17,Goornong
307764,-38.25901289,141.5245586,GLOBAL POSIT,54,Southern Rural Water,Glenelg Hopkins CMA,747,Gorae
81998,-38.23426146,141.4521365,GLOBAL POSIT,54,Southern Rural Water,Glenelg Hopkins CMA,1948.09,Gorae West
8003887,-36.71648649,141.4418201,GLOBAL POSIT,54,Grampians Wimmera Mallee Water,Wimmera CMA,205,Goroke
8003888,-36.71636041,141.4417858,GLOBAL POSIT,54,Grampians Wimmera Mallee Water,Wimmera CMA,37,Goroke
8003889,-36.71636041,141.4417858,GLOBAL POSIT,54,Grampians Wimmera Mallee Water,Wimmera CMA,81,Goroke
8004478,-36.71899543,141.4739274,Not known,54,Grampians Wimmera Mallee Water,(Not set),86,Goroke
40663,-35.52892012,143.4132281,GPS - SKM VA,54,Grampians Wimmera Mallee Water,Mallee CMA,30,Goschen
8002821,-35.44000285,143.4785317,GLOBAL POSIT,54,Grampians Wimmera Mallee Water,Mallee CMA,54,Goschen
98146,-36.70694773,145.1823657,GLOBAL POSIT,55,Goulburn-Murray Water,(Not set),35,Goulburn Weir
116664,-36.48651144,145.6850221,TRANSLATION,55,Goulburn-Murray Water,(Not set),78.5,Gowangardie
116665,-36.49583518,145.7133349,TRANSLATION,55,Goulburn-Murray Water,(Not set),76,Gowangardie
118698,-36.45656205,145.7078463,TRANSLATION,55,,(Not set),19.7,Gowangardie
118699,-36.45656205,145.7078463,TRANSLATION,55,,(Not set),6.8,Gowangardie
118700,-36.45656205,145.7078463,TRANSLATION,55,,(Not set),3.1,Gowangardie
WRK956557,-37.01267355,144.0809238,NOT KNOWN,55,,North Central CMA,16.5,Gower
67872,-37.31217764,142.3677585,GPS - SKM VA,54,Grampians Wimmera Mallee Water,Glenelg Hopkins CMA,24,Grampians
67873,-37.31168754,142.365039,GPS - SKM VA,54,Grampians Wimmera Mallee Water,Glenelg Hopkins CMA,23,Grampians
WRK956890,-37.70018272,144.6529563,NOT KNOWN,55,,Melbourne Water CMA,9999,Grangefields
56922,-38.41803668,145.5225818,GPS - SKM VA,55,Southern Rural Water,Melbourne Water CMA,112.17,Grantville
46147,-36.6778952,141.8363334,GPS - SKM VA,54,Grampians Wimmera Mallee Water,Wimmera CMA,99.6,Grass Flat
46148,-36.67796127,141.8363205,GPS - SKM VA,54,Grampians Wimmera Mallee Water,Wimmera CMA,47,Grass Flat
103856,-37.87258478,141.6193445,TRANSLATION,54,Southern Rural Water,(Not set),44,Grassdale
117145,-36.60933958,142.9033189,TRANSLATION,54,,(Not set),13.5,Grays Bridge
117146,-36.61061385,142.8798713,TRANSLATION,54,,(Not set),19.6,Grays Bridge
117148,-36.63928689,142.8906346,TRANSLATION,54,,(Not set),15.5,Grays Bridge
80749,-36.8543084,144.9145259,GPS - SKM VA,55,Goulburn-Murray Water,Goulburn Broken CMA,18,Graytown
117919,-36.67522379,143.0078866,TRANSLATION,54,,(Not set),19.7,Gre Gre South
117733,-37.19441069,142.839049,TRANSLATION,54,,(Not set),6,Great Western
117734,-37.19441069,142.839049,TRANSLATION,54,,(Not set),18.2,Great Western
117884,-37.18973054,142.8502017,TRANSLATION,54,,(Not set),18.3,Great Western
117885,-37.18973054,142.8502017,TRANSLATION,54,,(Not set),10.3,Great Western
117886,-37.18973054,142.8502017,TRANSLATION,54,,(Not set),11.6,Great Western
116641,-36.88147847,142.9627878,TRANSLATION,54,Grampians Wimmera Mallee Water,(Not set),83.8,Greens Creek
WRK956147,-36.98444848,142.9878839,NOT KNOWN,54,,Wimmera CMA,32,Greens Creek
WRK956155,-36.88601244,142.9838693,NOT KNOWN,54,,Wimmera CMA,50,Greens Creek
WRK956228,-36.9475237,142.9596138,NOT KNOWN,54,,Wimmera CMA,10.5,Greens Creek
WRK956229,-36.94498255,142.9595824,NOT KNOWN,54,,Wimmera CMA,10.5,Greens Creek
WRK956230,-36.94498255,142.9595824,NOT KNOWN,54,,Wimmera CMA,5,Greens Creek
WRK956231,-36.94178272,142.9601404,NOT KNOWN,54,,Wimmera CMA,12,Greens Creek
WRK956279,-36.94351993,142.9454864,NOT KNOWN,54,,Wimmera CMA,14.5,Greens Creek
WRK956280,-36.94351993,142.9454864,NOT KNOWN,54,,Wimmera CMA,5.5,Greens Creek
WRK956281,-36.95371789,142.9512711,NOT KNOWN,54,,Wimmera CMA,7,Greens Creek
WRK956283,-36.93821345,142.9877934,NOT KNOWN,54,,Wimmera CMA,15,Greens Creek
WRK956284,-36.95004706,142.9878202,NOT KNOWN,54,,Wimmera CMA,8.5,Greens Creek
WRK956285,-36.96209744,142.9878191,NOT KNOWN,54,,Wimmera CMA,17.5,Greens Creek
WRK956286,-36.95534683,142.987812,NOT KNOWN,54,,Wimmera CMA,8.5,Greens Creek
WRK956287,-36.94126325,142.9653933,NOT KNOWN,54,,Wimmera CMA,11.5,Greens Creek
WRK956297,-36.94232968,142.9836447,NOT KNOWN,54,,Wimmera CMA,8,Greens Creek
WRK957285,-36.50981985,146.2820341,NOT KNOWN,55,,North East CMA,21.5,Greta
WRK957287,-36.61711416,146.2299236,NOT KNOWN,55,,North East CMA,43.51,Greta South
WRK957288,-36.61972262,146.244503,NOT KNOWN,55,,North East CMA,13.96,Greta South
WRK957370,-36.61691209,146.2391626,NOT KNOWN,55,,North East CMA,17.2,Greta South
WRK957371,-36.61691209,146.2391626,NOT KNOWN,55,,North East CMA,5.85,Greta South
WRK957372,-36.61706484,146.2376738,NOT KNOWN,55,,North East CMA,11.5,Greta South
WRK957373,-36.61706484,146.2376738,NOT KNOWN,55,,North East CMA,6.55,Greta South
WRK957374,-36.61599014,146.2317575,NOT KNOWN,55,,North East CMA,11.5,Greta South
WRK957375,-36.59904666,146.2324287,NOT KNOWN,55,,North East CMA,17.35,Greta South
WRK957376,-36.59904666,146.2324287,NOT KNOWN,55,,North East CMA,3.1,Greta South
WRK957377,-36.59843802,146.2303105,NOT KNOWN,55,,North East CMA,16.7,Greta South
WRK957378,-36.59843802,146.2303105,NOT KNOWN,55,,North East CMA,2.75,Greta South
WRK957448,-36.62217585,146.2518378,NOT KNOWN,55,,North East CMA,2.03,Greta South
117258,-37.43865548,141.8165859,Not known,54,,(Not set),12.47,Gringegalgona
117259,-37.43865548,141.8165859,Not known,54,,(Not set),1.55,Gringegalgona
117260,-37.43866449,141.816586,Not known,54,,(Not set),3.23,Gringegalgona
117262,-37.43890244,141.8173685,Not known,54,,(Not set),16.05,Gringegalgona
117264,-37.43892964,141.8173462,Not known,54,,(Not set),3.24,Gringegalgona
117266,-37.43926563,141.8182881,Not known,54,,(Not set),17.32,Gringegalgona
117270,-37.43962004,141.8191737,Not known,54,,(Not set),18.16,Gringegalgona
WRK017600,-37.14762944,144.1421224,GLOBAL POSIT,55,Goulburn-Murray Water,North Central CMA,61,Guildford
36169,-35.89390166,144.3743454,TRANSLATION,55,,(Not set),25,Gunbower
36170,-35.89390166,144.3743454,TRANSLATION,55,,(Not set),6.87,Gunbower
87810,-35.97918819,144.3213648,GPS - SKM VA,55,Goulburn-Murray Water,North Central CMA,133.9,Gunbower
87811,-35.97924333,144.3213718,GPS - SKM VA,55,Goulburn-Murray Water,North Central CMA,17.5,Gunbower
128273,-35.92828363,144.3928237,TRANSLATION,55,Goulburn-Murray Water,(Not set),23,Gunbower
128274,-35.92118623,144.4272961,TRANSLATION,55,Goulburn-Murray Water,(Not set),11,Gunbower
128277,-35.92118623,144.4272961,TRANSLATION,55,Goulburn-Murray Water,(Not set),11,Gunbower
128278,-35.98557384,144.3995885,TRANSLATION,55,Goulburn-Murray Water,(Not set),9.5,Gunbower
WRK117061,-35.97914123,144.3213648,Not known,55,Goulburn-Murray Water,North Central CMA,,Gunbower
93378,-36.33009358,147.0600374,GPS - SKM VA,55,Goulburn-Murray Water,North East CMA,54.86,Gundowring
93379,-36.33009709,147.0600648,GPS - SKM VA,55,Goulburn-Murray Water,North East CMA,17.37,Gundowring
93380,-36.32992398,147.0492395,GPS - SKM VA,55,Goulburn-Murray Water,North East CMA,74.67,Gundowring
93381,-36.32994361,147.0493022,GPS - SKM VA,55,Goulburn-Murray Water,North East CMA,14.33,Gundowring
93382,-36.33004289,147.0392787,GPS - SKM VA,55,Goulburn-Murray Water,North East CMA,10.67,Gundowring
93383,-36.32980015,147.0438005,GPS - SKM VA,55,Goulburn-Murray Water,North East CMA,53.64,Gundowring
93384,-36.32980586,147.043724,GPS - SKM VA,55,Goulburn-Murray Water,North East CMA,12.8,Gundowring
WRK053494,-36.3298081,147.0439706,NOT KNOWN,55,Goulburn-Murray Water,North East CMA,90,Gundowring
66594,-36.73208777,141.6322094,GPS - SKM VA,54,Grampians Wimmera Mallee Water,Wimmera CMA,241,Gymbowen
66595,-36.73205885,141.6323079,GPS - SKM VA,54,Grampians Wimmera Mallee Water,Wimmera CMA,123,Gymbowen
66596,-36.73199942,141.632566,GPS - SKM VA,54,Grampians Wimmera Mallee Water,Wimmera CMA,63,Gymbowen
66622,-37.5880707,143.7111534,GPS - SKM VA,54,Southern Rural Water,Corangamite CMA,38.5,Haddon
66623,-37.58807765,143.7115729,GPS - SKM VA,54,Southern Rural Water,Corangamite CMA,51,Haddon
WRK957354,-36.60234859,146.2925596,NOT KNOWN,55,,North East CMA,17.4,Hansonville
WRK957355,-36.60234859,146.2925596,NOT KNOWN,55,,North East CMA,5.15,Hansonville
WRK957356,-36.60486821,146.2887685,NOT KNOWN,55,,North East CMA,12.55,Hansonville
WRK957359,-36.60667875,146.2870188,NOT KNOWN,55,,North East CMA,5.67,Hansonville
WRK957360,-36.60298374,146.2841905,NOT KNOWN,55,,North East CMA,9.85,Hansonville
WRK957361,-36.60298374,146.2841905,NOT KNOWN,55,,North East CMA,1.92,Hansonville
WRK957362,-36.60176352,146.2836539,NOT KNOWN,55,,North East CMA,16.7,Hansonville
WRK957363,-36.60176352,146.2836539,NOT KNOWN,55,,North East CMA,5.2,Hansonville
WRK957364,-36.59878488,146.2536625,NOT KNOWN,55,,North East CMA,8.52,Hansonville
WRK957365,-36.59878488,146.2536625,NOT KNOWN,55,,North East CMA,5.76,Hansonville
WRK957366,-36.60177551,146.2532983,NOT KNOWN,55,,North East CMA,15.85,Hansonville
WRK957367,-36.60177551,146.2532983,NOT KNOWN,55,,North East CMA,6.8,Hansonville
WRK957369,-36.60383937,146.2546537,NOT KNOWN,55,,North East CMA,4.5,Hansonville
26186,-34.67580002,142.6952186,TRANSLATION,54,,(Not set),25.5,Happy Valley
26233,-34.67999474,142.7077679,TRANSLATION,54,,(Not set),27,Happy Valley
26234,-34.68154111,142.711723,TRANSLATION,54,,(Not set),25,Happy Valley
26235,-34.68230619,142.717931,TRANSLATION,54,,(Not set),25.37,Happy Valley
26236,-34.68474413,142.7287446,TRANSLATION,54,,(Not set),25.5,Happy Valley
128058,-34.71135646,142.7178943,TRANSLATION,54,,(Not set),23.29,Happy Valley
8004488,-37.13590547,141.558649,Not known,54,Grampians Wimmera Mallee Water,(Not set),26,Harrow
95919,-36.47011526,145.1578269,GPS - SKM VA,55,Goulburn-Murray Water,Goulburn Broken CMA,118,Harston
95920,-36.47011252,145.1578071,GPS - SKM VA,55,Goulburn-Murray Water,Goulburn Broken CMA,11.5,Harston
WRK008741,-36.46595873,145.0691739,G-MW <30M VA,55,Goulburn-Murray Water,(Not set),15.5,Harston
7017,-34.60465785,142.2717395,TRANSLATION,54,,(Not set),16,Hattah
7680,-34.60114334,142.2269673,TRANSLATION,54,,(Not set),31.5,Hattah
7681,-34.60114805,142.2269124,TRANSLATION,54,,(Not set),7.7,Hattah
7682,-34.6000289,142.3261657,TRANSLATION,54,,(Not set),30.3,Hattah
7865,-34.58712284,142.4569789,TRANSLATION,54,,(Not set),35,Hattah
26241,-34.7702056,142.3760508,TRANSLATION,54,,(Not set),36.42,Hattah
26243,-34.78291099,142.5179935,TRANSLATION,54,,(Not set),25.41,Hattah
26256,-34.83550437,142.4749467,TRANSLATION,54,,(Not set),25,Hattah
26257,-34.78305923,142.4895318,TRANSLATION,54,,(Not set),27,Hattah
26258,-34.75520949,142.4879444,TRANSLATION,54,,(Not set),25.65,Hattah
26259,-34.74774841,142.4930999,TRANSLATION,54,,(Not set),25.65,Hattah
26260,-34.74284938,142.4960515,TRANSLATION,54,,(Not set),25.55,Hattah
26261,-34.74081702,142.500162,TRANSLATION,54,,(Not set),27,Hattah
26266,-34.74003114,142.5003835,TRANSLATION,54,,(Not set),9.64,Hattah
26275,-34.76378399,142.2805937,TRANSLATION,54,,(Not set),13,Hattah
26276,-34.76991618,142.3763418,TRANSLATION,54,,(Not set),11.6,Hattah
50073,-34.73703049,142.1265716,GPS - SKM VA,54,Lower Murray Water,Mallee CMA,80.5,Hattah
98347,-34.72797219,142.1553922,GPS - SKM VA,54,Lower Murray Water,Mallee CMA,52,Hattah
98348,-34.72789946,142.1554853,GPS - SKM VA,54,Lower Murray Water,Mallee CMA,4,Hattah
98349,-34.72780397,142.1556164,GPS - SKM VA,54,Lower Murray Water,Mallee CMA,74,Hattah
98350,-34.72826071,142.1556799,GPS - SKM VA,54,Lower Murray Water,Mallee CMA,466,Hattah
98351,-34.72812055,142.1553623,GPS - SKM VA,54,Lower Murray Water,Mallee CMA,49,Hattah
98352,-34.72823166,142.1556192,GPS - SKM VA,54,Lower Murray Water,Mallee CMA,210,Hattah
WRK059899,-34.65304542,142.4704464,Not known,54,,(Not set),11.5,Hattah
WRK059901,-34.6870099,142.440092,Not known,54,,(Not set),14,Hattah
WRK059902,-34.66497996,142.4074526,Not known,54,,(Not set),18,Hattah
WRK059903,-34.6649438,142.4074897,Not known,54,,(Not set),48,Hattah
WRK059904,-34.68585592,142.3836367,Not known,54,,(Not set),18,Hattah
WRK059905,-34.69876211,142.3389358,Not known,54,,(Not set),23,Hattah
WRK059906,-34.69871061,142.3389341,Not known,54,,(Not set),53,Hattah
WRK119817,-34.60652071,142.3577907,Not known,54,,(Not set),,Hattah
WRK119818,-34.60858767,142.3983179,Not known,54,,(Not set),,Hattah
WRK119819,-34.61193287,142.4131956,Not known,54,,(Not set),,Hattah
WRK119820,-34.61127795,142.4322376,Not known,54,,(Not set),,Hattah
WRK119821,-34.59565427,142.4250671,Not known,54,,(Not set),,Hattah
69186,-38.10103049,142.2837104,GLOBAL POSIT,54,Southern Rural Water,Glenelg Hopkins CMA,25.5,Hawkesdale
111522,-38.1337106,142.1523646,TRANSLATION,54,Southern Rural Water,Glenelg Hopkins CMA,36,Hawkesdale
111523,-38.1337106,142.1523646,TRANSLATION,54,Southern Rural Water,Glenelg Hopkins CMA,17,Hawkesdale
111524,-38.09409397,142.1742171,GPS - SKM VA,54,Southern Rural Water,Glenelg Hopkins CMA,57,Hawkesdale
111525,-38.09408377,142.1741621,TRANSLATION,54,Southern Rural Water,Glenelg Hopkins CMA,24,Hawkesdale
111526,-38.09413035,142.1741835,GPS - SKM VA,54,Southern Rural Water,Glenelg Hopkins CMA,8,Hawkesdale
WRK955889,-38.10578373,142.3201566,NOT KNOWN,54,Southern Rural Water,Glenelg Hopkins CMA,53.89,Hawkesdale
WRK955890,-38.10946729,142.3203712,NOT KNOWN,54,Southern Rural Water,Glenelg Hopkins CMA,26.7,Hawkesdale
WRK988723,-38.09411227,142.1742994,GLOBAL POSIT,54,Southern Rural Water,Glenelg Hopkins CMA,62.4,Hawkesdale
107475,-38.24330871,145.6989832,GPS - SKM VA,55,Southern Rural Water,Melbourne Water CMA,22,Heath Hill
WRK956922,-37.00868863,144.6899528,NOT KNOWN,55,,North Central CMA,4,Heathcote South
127481,-37.95826614,145.0973845,GPS - SKM VA,55,Southern Rural Water,Melbourne Water CMA,15,Heatherton
127482,-37.96761846,145.1059501,GPS - SKM VA,55,Southern Rural Water,Melbourne Water CMA,15,Heatherton
WRK957516,-38.66078025,146.5035512,NOT KNOWN,55,,West Gippsland CMA,8.3,Hedley
WRK957517,-38.66078025,146.5035512,NOT KNOWN,55,,West Gippsland CMA,2.8,Hedley
WRK957518,-38.66078025,146.5035512,NOT KNOWN,55,,West Gippsland CMA,2.65,Hedley
69022,-37.65529471,142.0546784,GPS - SKM VA,54,Southern Rural Water,Glenelg Hopkins CMA,87,Hensley Park
69023,-37.65528781,142.0547464,GPS - SKM VA,54,Southern Rural Water,Glenelg Hopkins CMA,18,Hensley Park
WRK955870,-37.65639671,142.0549203,NOT KNOWN,54,,Glenelg Hopkins CMA,9.5,Hensley Park
WRK955871,-37.65639671,142.0549203,NOT KNOWN,54,,Glenelg Hopkins CMA,5,Hensley Park
WRK955872,-37.65607117,142.0550404,NOT KNOWN,54,,Glenelg Hopkins CMA,8.5,Hensley Park
104078,-37.3097069,144.1399563,GPS - SKM VA,55,Goulburn-Murray Water,North Central CMA,16.7,Hepburn Springs
104081,-37.31087757,144.1413785,GPS - SKM VA,55,Goulburn-Murray Water,North Central CMA,13,Hepburn Springs
104082,-37.31094762,144.1415924,GPS - SKM VA,55,Goulburn-Murray Water,North Central CMA,12.6,Hepburn Springs
104083,-37.31105384,144.1418862,GPS - SKM VA,55,Goulburn-Murray Water,North Central CMA,40,Hepburn Springs
104092,-37.31181526,144.1424452,GLOBAL POSIT,55,Goulburn-Murray Water,North Central CMA,13.3,Hepburn Springs
104093,-37.31186655,144.1423304,GLOBAL POSIT,55,Goulburn-Murray Water,North Central CMA,13.5,Hepburn Springs
104095,-37.31198735,144.1436006,GLOBAL POSIT,55,Goulburn-Murray Water,North Central CMA,12,Hepburn Springs
104097,-37.31194272,144.1436926,GLOBAL POSIT,55,Goulburn-Murray Water,North Central CMA,13,Hepburn Springs
104099,-37.30942656,144.1413308,GPS - SKM VA,55,Goulburn-Murray Water,North Central CMA,50,Hepburn Springs
84155,-38.21134488,146.28018,GLOBAL POSIT,55,Southern Rural Water,West Gippsland CMA,230.1,Hernes Oak
110533,-38.10375692,143.8551139,GLOBAL POSIT,54,Southern Rural Water,Corangamite CMA,40,Hesse
55506,-37.91558753,142.7507392,GLOBAL POSIT,54,Southern Rural Water,Glenelg Hopkins CMA,85.34,Hexham
WRK955874,-37.94379445,142.7456824,NOT KNOWN,54,,Glenelg Hopkins CMA,10.78,Hexham
42059,-38.02197051,146.7642319,TRANSLATION,55,,(Not set),25.9,Heyfield
95487,-37.99504657,146.8370033,TRANSLATION,55,,(Not set),41,Heyfield
95503,-37.99504657,146.8370033,TRANSLATION,55,,(Not set),18.69,Heyfield
139381,-38.00482424,146.7807694,TRANSLATION,55,Southern Rural Water,(Not set),15,Heyfield
143099,-37.98156132,146.7620503,TRANSLATION,55,Southern Rural Water,(Not set),22,Heyfield
143100,-37.98156132,146.7620503,TRANSLATION,55,Southern Rural Water,(Not set),6,Heyfield
143101,-37.98155918,146.7745191,TRANSLATION,55,Southern Rural Water,(Not set),8.3,Heyfield
143102,-37.98158618,146.7745761,TRANSLATION,55,Southern Rural Water,(Not set),21,Heyfield
143103,-37.98278354,146.7431436,TRANSLATION,55,Southern Rural Water,(Not set),8,Heyfield
143104,-37.98043256,146.7395076,TRANSLATION,55,Southern Rural Water,(Not set),8.3,Heyfield
67006,-38.1560299,141.5235644,TRANSLATION,54,Southern Rural Water,Glenelg Hopkins CMA,1842.36,Heywood
310064,-38.15240082,141.7155884,GLOBAL POSIT,54,Southern Rural Water,Glenelg Hopkins CMA,574.5,Heywood
325468,-38.17755558,141.6876181,GLOBAL POSIT,54,Southern Rural Water,Glenelg Hopkins CMA,1670.17,Heywood
WRK955891,-38.15253632,141.7165724,NOT KNOWN,54,,Glenelg Hopkins CMA,15.04,Heywood
WRK955893,-38.1525183,141.7165723,NOT KNOWN,54,,Glenelg Hopkins CMA,4.21,Heywood
WRK955894,-38.16099009,141.7165639,NOT KNOWN,54,,Glenelg Hopkins CMA,15.23,Heywood
WRK955895,-38.16098108,141.7165638,NOT KNOWN,54,,Glenelg Hopkins CMA,3.95,Heywood
WRK955897,-38.12845125,141.6407597,NOT KNOWN,54,,Glenelg Hopkins CMA,4.8,Heywood
56530,-37.81314789,147.4936038,GLOBAL POSIT,55,Southern Rural Water,East Gippsland CMA,7.62,Hillside
80760,-37.82019163,147.5198544,GPS - SKM VA,55,Southern Rural Water,East Gippsland CMA,6.4,Hillside
80761,-37.81464382,147.5216856,GPS - SKM VA,55,Southern Rural Water,East Gippsland CMA,9.14,Hillside
80762,-37.80894652,147.5226702,GPS - SKM VA,55,Southern Rural Water,East Gippsland CMA,6.4,Hillside
80866,-37.806957,147.5109514,GPS - SKM VA,55,Southern Rural Water,East Gippsland CMA,10,Hillside
105480,-37.80888765,147.5039654,GPS - SKM VA,55,Southern Rural Water,East Gippsland CMA,13,Hillside
140279,-37.82494425,147.5369081,GPS - SKM VA,55,Southern Rural Water,East Gippsland CMA,10.5,Hillside
122453,-38.03604992,147.4628072,TRANSLATION,55,,(Not set),2,Hollands Landing
WRK990031,-38.11928886,141.7707288,GLOBAL POSIT,54,Southern Rural Water,Glenelg Hopkins CMA,28,Homerton
58764,-35.56713028,142.3684617,GPS - SKM VA,54,Grampians Wimmera Mallee Water,Mallee CMA,226,Hopetoun
58765,-35.56713688,142.3683734,GPS - SKM VA,54,Grampians Wimmera Mallee Water,Mallee CMA,45,Hopetoun
109463,-35.65602136,142.4929506,GPS - SKM VA,54,Grampians Wimmera Mallee Water,Mallee CMA,88,Hopetoun
109464,-35.65602135,142.4929441,GPS - SKM VA,54,Grampians Wimmera Mallee Water,Mallee CMA,88,Hopetoun
8002864,-35.69261987,142.2388706,GLOBAL POSIT,54,Grampians Wimmera Mallee Water,Mallee CMA,31,Hopetoun
WRK116004,-35.56712576,142.3684409,Not known,54,Grampians Wimmera Mallee Water,Mallee CMA,,Hopetoun
93706,-37.86100639,144.6673784,GPS - SKM VA,55,Southern Rural Water,Melbourne Water CMA,38,Hoppers Crossing
109685,-37.8609947,144.6671845,GPS - SKM VA,55,Southern Rural Water,Melbourne Water CMA,40.23,Hoppers Crossing
109686,-37.86094909,144.6671565,GPS - SKM VA,55,Southern Rural Water,Melbourne Water CMA,40.23,Hoppers Crossing
36034,-35.88446675,144.177074,TRANSLATION,55,,(Not set),15,Horfield
36035,-35.88446675,144.177074,TRANSLATION,55,,(Not set),10.25,Horfield
36037,-35.87850772,144.176621,TRANSLATION,55,,(Not set),7,Horfield
112562,-35.90943845,144.2159589,TRANSLATION,55,,(Not set),2.56,Horfield
146025,-37.9147895,141.5781461,GLOBAL POSIT,54,Southern Rural Water,Glenelg Hopkins CMA,90,Hotspur
310082,-37.9147459,141.5782314,GPS - SKM VA,54,Southern Rural Water,Glenelg Hopkins CMA,1349.75,Hotspur
WRK118664,-37.91474582,141.5782314,Not known,54,Southern Rural Water,Glenelg Hopkins CMA,,Hotspur
119103,-38.6022194,146.774091,Not known,55,,(Not set),16,Hunterston
119104,-38.60226457,146.7741482,Not known,55,,(Not set),8,Hunterston
119105,-38.60230963,146.7741481,Not known,55,,(Not set),5,Hunterston
119106,-38.6025797,146.773998,Not known,55,,(Not set),9,Hunterston
119107,-38.60270606,146.7741009,Not known,55,,(Not set),6,Hunterston
119108,-38.61402642,146.7944076,Not known,55,,(Not set),3,Hunterston
119109,-38.61405333,146.7943386,Not known,55,,(Not set),10,Hunterston
119110,-38.5807822,146.7948698,Not known,55,,(Not set),13,Hunterston
WRK957549,-38.59427452,146.7964497,NOT KNOWN,55,,West Gippsland CMA,5.1,Hunterston
WRK957550,-38.60907572,146.7933413,NOT KNOWN,55,,West Gippsland CMA,12.83,Hunterston
141312,-38.32528281,142.3918944,GLOBAL POSIT,54,Southern Rural Water,Glenelg Hopkins CMA,73,Illowa
141314,-38.342331,142.4258304,GLOBAL POSIT,54,Southern Rural Water,Glenelg Hopkins CMA,37,Illowa
WRK956339,-36.14276321,146.754838,NOT KNOWN,55,,Mallee CMA,18.27,Indigo Valley
WRK956340,-36.14276321,146.754838,NOT KNOWN,55,,Mallee CMA,4.8,Indigo Valley
WRK956341,-36.14276321,146.754838,NOT KNOWN,55,,Mallee CMA,22.21,Indigo Valley
WRK956342,-36.14276321,146.754838,NOT KNOWN,55,,Mallee CMA,27,Indigo Valley
WRK956345,-36.14276321,146.754838,NOT KNOWN,55,,Mallee CMA,11.2,Indigo Valley
WRK956347,-36.14276321,146.754838,NOT KNOWN,55,,Mallee CMA,11.22,Indigo Valley
WRK956348,-36.14276321,146.754838,NOT KNOWN,55,,Mallee CMA,15.07,Indigo Valley
WRK956349,-36.14276321,146.754838,NOT KNOWN,55,,Mallee CMA,21.03,Indigo Valley
WRK956350,-36.14276321,146.754838,NOT KNOWN,55,,Mallee CMA,32.06,Indigo Valley
WRK956351,-36.14276321,146.754838,NOT KNOWN,55,,Mallee CMA,11.09,Indigo Valley
WRK956352,-36.14276321,146.754838,NOT KNOWN,55,,Mallee CMA,23.14,Indigo Valley
WRK956353,-36.14276321,146.754838,NOT KNOWN,55,,Mallee CMA,28.28,Indigo Valley
WRK956355,-36.14276321,146.754838,NOT KNOWN,55,,Mallee CMA,5.17,Indigo Valley
WRK956356,-36.14276321,146.754838,NOT KNOWN,55,,Mallee CMA,27.2,Indigo Valley
WRK957047,-36.14276321,146.754838,NOT KNOWN,55,,Mallee CMA,10,Indigo Valley
WRK957048,-36.14276321,146.754838,NOT KNOWN,55,,Mallee CMA,6,Indigo Valley
WRK957049,-36.14276321,146.754838,NOT KNOWN,55,,Mallee CMA,10,Indigo Valley
WRK957050,-36.14276321,146.754838,NOT KNOWN,55,,Mallee CMA,8,Indigo Valley
WRK957051,-36.14276321,146.754838,NOT KNOWN,55,,Mallee CMA,6,Indigo Valley
WRK957052,-36.14276321,146.754838,NOT KNOWN,55,,Mallee CMA,6,Indigo Valley
WRK957053,-36.14276321,146.754838,NOT KNOWN,55,,Mallee CMA,1,Indigo Valley
WRK957054,-36.14276321,146.754838,NOT KNOWN,55,,Mallee CMA,3,Indigo Valley
WRK957135,-36.16417813,146.7474442,NOT KNOWN,55,,North East CMA,7.7,Indigo Valley
WRK957141,-36.16174962,146.7497321,Not known,55,,,20,Indigo Valley
WRK957142,-36.15732716,146.760619,Not known,55,,,10,Indigo Valley
WRK957143,-36.15728204,146.7605969,Not known,55,,,10,Indigo Valley
WRK957144,-36.15732714,146.7606079,Not known,55,,,5,Indigo Valley
WRK957145,-36.15639381,146.7627675,Not known,55,,,5,Indigo Valley
WRK957146,-36.15624138,146.7631904,Not known,55,,,4,Indigo Valley
WRK957147,-36.12340036,146.7345629,Not known,55,,,16,Indigo Valley
WRK957148,-36.12331917,146.734541,Not known,55,,,4,Indigo Valley
WRK957149,-36.12557308,146.7345334,Not known,55,,,3,Indigo Valley
WRK957150,-36.12555505,146.7345334,Not known,55,,,3,Indigo Valley
WRK957152,-36.12420966,146.737694,Not known,55,,,3,Indigo Valley
WRK957153,-36.12429094,146.7382373,NOT KNOWN,55,,North East CMA,3.45,Indigo Valley
WRK957154,-36.17291016,146.721196,NOT KNOWN,55,,North East CMA,16.96,Indigo Valley
WRK957155,-36.1754347,146.7212649,NOT KNOWN,55,,North East CMA,18.5,Indigo Valley
WRK957156,-36.1754347,146.7212649,NOT KNOWN,55,,North East CMA,5.41,Indigo Valley
WRK957157,-36.17480831,146.7194213,NOT KNOWN,55,,North East CMA,15.72,Indigo Valley
WRK957158,-36.17424425,146.7172549,NOT KNOWN,55,,North East CMA,13.98,Indigo Valley
WRK957159,-36.17619632,146.7192495,NOT KNOWN,55,,North East CMA,12.95,Indigo Valley
WRK957160,-36.16338067,146.7290793,NOT KNOWN,55,,North East CMA,18,Indigo Valley
WRK957161,-36.17760454,146.7238928,NOT KNOWN,55,,North East CMA,8.29,Indigo Valley
WRK957186,-36.16414264,146.7654562,NOT KNOWN,55,,North East CMA,32.05,Indigo Valley
WRK957187,-36.16160558,146.7546348,NOT KNOWN,55,,North East CMA,18.7,Indigo Valley
WRK957188,-36.1684193,146.7449844,NOT KNOWN,55,,North East CMA,9.53,Indigo Valley
WRK957189,-36.16269717,146.7338514,NOT KNOWN,55,,North East CMA,18.3,Indigo Valley
WRK957190,-36.16498931,146.7268056,NOT KNOWN,55,,North East CMA,16.7,Indigo Valley
WRK957191,-36.16872682,146.7211664,NOT KNOWN,55,,North East CMA,31.33,Indigo Valley
WRK957192,-36.16871783,146.7211775,NOT KNOWN,55,,North East CMA,10.96,Indigo Valley
WRK957193,-36.1690172,146.7105577,NOT KNOWN,55,,North East CMA,31.1,Indigo Valley
WRK957194,-36.16880343,146.7116371,NOT KNOWN,55,,North East CMA,16,Indigo Valley
WRK957196,-36.12443579,146.7224788,NOT KNOWN,55,,North East CMA,5.8,Indigo Valley
WRK957197,-36.12441775,146.7426709,NOT KNOWN,55,,North East CMA,11.1,Indigo Valley
WRK957198,-36.12781537,146.7420597,NOT KNOWN,55,,North East CMA,28.15,Indigo Valley
WRK957201,-36.16271525,146.7338736,NOT KNOWN,55,,North East CMA,6.83,Indigo Valley
WRK957202,-36.16237471,146.7003979,NOT KNOWN,55,,North East CMA,25.37,Indigo Valley
WRK957203,-36.12500904,146.6646231,NOT KNOWN,55,,North East CMA,24.62,Indigo Valley
WRK957204,-36.15232832,146.7101966,NOT KNOWN,55,,North East CMA,18.42,Indigo Valley
WRK957205,-36.15235534,146.7101854,NOT KNOWN,55,,North East CMA,8.5,Indigo Valley
WRK957207,-36.15916205,146.7727643,NOT KNOWN,55,,North East CMA,18.36,Indigo Valley
WRK957208,-36.15940579,146.7729303,NOT KNOWN,55,,North East CMA,10.09,Indigo Valley
WRK957209,-36.13490111,146.6751062,NOT KNOWN,55,,North East CMA,17.69,Indigo Valley
WRK957329,-36.17063974,146.725763,NOT KNOWN,55,,North East CMA,17.74,Indigo Valley
WRK957507,-36.14276321,146.754838,NOT KNOWN,55,,Mallee CMA,14.5,Indigo Valley
WRK957508,-36.14276321,146.754838,NOT KNOWN,55,,Mallee CMA,15.88,Indigo Valley
WRK957610,-36.14276321,146.754838,NOT KNOWN,55,,Mallee CMA,28,Indigo Valley
WRK958002,-36.14276321,146.754838,NOT KNOWN,55,,Mallee CMA,2.12,Indigo Valley
WRK958003,-36.14276321,146.754838,NOT KNOWN,55,,Mallee CMA,3.2,Indigo Valley
WRK958004,-36.14276321,146.754838,NOT KNOWN,55,,Mallee CMA,4.28,Indigo Valley
WRK958005,-36.14276321,146.754838,NOT KNOWN,55,,Mallee CMA,3.18,Indigo Valley
WRK958006,-36.14276321,146.754838,NOT KNOWN,55,,Mallee CMA,9999,Indigo Valley
WRK958007,-36.14276321,146.754838,NOT KNOWN,55,,Mallee CMA,9999,Indigo Valley
WRK958008,-36.14276321,146.754838,NOT KNOWN,55,,Mallee CMA,9999,Indigo Valley
WRK958009,-36.14276321,146.754838,NOT KNOWN,55,,Mallee CMA,8.2,Indigo Valley
WRK958011,-36.14276321,146.754838,NOT KNOWN,55,,Mallee CMA,10.24,Indigo Valley
WRK958012,-36.14276321,146.754838,NOT KNOWN,55,,Mallee CMA,8.42,Indigo Valley
WRK958031,-36.14276321,146.754838,NOT KNOWN,55,,Mallee CMA,7.35,Indigo Valley
WRK958033,-36.14276321,146.754838,NOT KNOWN,55,,Mallee CMA,7.17,Indigo Valley
WRK958034,-36.14276321,146.754838,NOT KNOWN,55,,Mallee CMA,30,Indigo Valley
WRK958035,-36.14276321,146.754838,NOT KNOWN,55,,Mallee CMA,31,Indigo Valley
WRK958036,-36.14276321,146.754838,NOT KNOWN,55,,Mallee CMA,7,Indigo Valley
WRK958037,-36.14276321,146.754838,NOT KNOWN,55,,Mallee CMA,32,Indigo Valley
WRK958038,-36.14276321,146.754838,NOT KNOWN,55,,Mallee CMA,7,Indigo Valley
WRK958039,-36.14276321,146.754838,NOT KNOWN,55,,Mallee CMA,6,Indigo Valley
WRK958040,-36.14276321,146.754838,NOT KNOWN,55,,Mallee CMA,29,Indigo Valley
WRK958041,-36.14276321,146.754838,NOT KNOWN,55,,Mallee CMA,8,Indigo Valley
WRK958042,-36.14276321,146.754838,NOT KNOWN,55,,Mallee CMA,25,Indigo Valley
WRK958044,-36.14276321,146.754838,NOT KNOWN,55,,Mallee CMA,8,Indigo Valley
WRK958052,-36.14276321,146.754838,NOT KNOWN,55,,Mallee CMA,8,Indigo Valley
WRK958053,-36.14276321,146.754838,NOT KNOWN,55,,Mallee CMA,7,Indigo Valley
WRK958055,-36.14276321,146.754838,NOT KNOWN,55,,Mallee CMA,8,Indigo Valley
WRK958056,-36.14276321,146.754838,NOT KNOWN,55,,Mallee CMA,11,Indigo Valley
WRK952866,-36.6117994,143.9146951,TRANSLATION,54,Goulburn-Murray Water,North Central CMA,92,Inglewood
WRK952867,-36.6118314,143.9147013,TRANSLATION,54,Goulburn-Murray Water,North Central CMA,34.5,Inglewood
WRK952868,-36.611816,143.9147002,TRANSLATION,54,Goulburn-Murray Water,North Central CMA,12,Inglewood
61675,-36.13089941,145.5826886,GPS - SKM VA,55,Goulburn-Murray Water,Goulburn Broken CMA,99,Invergordon
61676,-36.18757472,145.5826871,GPS - SKM VA,55,Goulburn-Murray Water,Goulburn Broken CMA,137,Invergordon
61683,-36.13091046,145.5826781,GPS - SKM VA,55,Goulburn-Murray Water,Goulburn Broken CMA,14,Invergordon
61684,-36.18758411,145.5826427,GPS - SKM VA,55,Goulburn-Murray Water,Goulburn Broken CMA,20.5,Invergordon
61685,-36.13092128,145.5827316,GPS - SKM VA,55,Goulburn-Murray Water,Goulburn Broken CMA,68,Invergordon
110704,-38.14351073,143.9611807,GLOBAL POSIT,54,Southern Rural Water,Corangamite CMA,38,Inverleigh
110705,-38.16533786,143.9784524,GPS - SKM VA,54,Southern Rural Water,Corangamite CMA,52,Inverleigh
110706,-38.16520671,143.9784332,GLOBAL POSIT,54,Southern Rural Water,Corangamite CMA,12.5,Inverleigh
110707,-38.14564413,143.9913227,GLOBAL POSIT,54,Southern Rural Water,Corangamite CMA,28,Inverleigh
110708,-38.14562007,143.9913014,GLOBAL POSIT,54,Southern Rural Water,Corangamite CMA,14.5,Inverleigh
111232,-38.14939296,143.9920237,GLOBAL POSIT,54,Southern Rural Water,Corangamite CMA,36,Inverleigh
WRK957543,-38.61048278,145.7514996,NOT KNOWN,55,,West Gippsland CMA,7.4,Inverloch
WRK957544,-38.61088725,145.7514008,NOT KNOWN,55,,West Gippsland CMA,7.4,Inverloch
WRK957546,-38.60828346,145.7522958,NOT KNOWN,55,,West Gippsland CMA,9.7,Inverloch
WRK957547,-38.62434321,145.7608972,NOT KNOWN,55,,West Gippsland CMA,8.9,Inverloch
WRK957548,-38.61545455,145.7725476,NOT KNOWN,55,,West Gippsland CMA,8.9,Inverloch
WRK957580,-38.59538222,145.7860143,NOT KNOWN,55,,West Gippsland CMA,3.2,Inverloch
WRK957581,-38.61208225,145.7879151,NOT KNOWN,55,,West Gippsland CMA,3.2,Inverloch
WRK957583,-38.61088725,145.7514008,NOT KNOWN,55,,West Gippsland CMA,3.2,Inverloch
WRK957584,-38.60828346,145.7522958,NOT KNOWN,55,,West Gippsland CMA,3.2,Inverloch
WRK957585,-38.57828207,145.7674061,NOT KNOWN,55,,West Gippsland CMA,3.2,Inverloch
WRK957586,-38.58028632,145.7669011,NOT KNOWN,55,,West Gippsland CMA,3.2,Inverloch
WRK957587,-38.5823875,145.7678985,NOT KNOWN,55,,West Gippsland CMA,3.2,Inverloch
WRK957588,-38.62028855,145.7652056,NOT KNOWN,55,,West Gippsland CMA,3.2,Inverloch
WRK957591,-38.61408744,145.7515061,NOT KNOWN,55,,West Gippsland CMA,3.2,Inverloch
WRK957594,-38.5975546,145.7843356,NOT KNOWN,55,,West Gippsland CMA,3.2,Inverloch
71846,-38.17514327,145.703542,GPS - SKM VA,55,Southern Rural Water,Melbourne Water CMA,181.36,Iona
71847,-38.17511455,145.7035481,GPS - SKM VA,55,Southern Rural Water,Melbourne Water CMA,95.1,Iona
7008,-34.45628832,142.2636427,TRANSLATION,54,,(Not set),12,Iraak
7031,-34.41557826,142.2949931,TRANSLATION,54,,(Not set),7,Iraak
7467,-34.45315231,142.351872,TRANSLATION,54,,(Not set),13.26,Iraak
7633,-34.40465944,142.2633391,TRANSLATION,54,,(Not set),30.25,Iraak
7677,-34.41828824,142.248857,TRANSLATION,54,,(Not set),15.1,Iraak
7867,-34.45605742,142.3606685,TRANSLATION,54,,(Not set),48,Iraak
7868,-34.45607497,142.3606801,TRANSLATION,54,,(Not set),11.86,Iraak
7870,-34.45381157,142.3390995,TRANSLATION,54,,(Not set),54,Iraak
7871,-34.45380955,142.3390822,TRANSLATION,54,,(Not set),13.34,Iraak
7872,-34.45602616,142.3616993,TRANSLATION,54,,(Not set),8.63,Iraak
69462,-34.40024999,142.3170342,GPS - SKM VA,54,Lower Murray Water,Mallee CMA,495.39,Iraak
69463,-34.40028439,142.3173112,GPS - SKM VA,54,Lower Murray Water,Mallee CMA,250.1,Iraak
69464,-34.4002713,142.3172121,GPS - SKM VA,54,,(Not set),54,Iraak
129925,-34.43230015,142.3480877,TRANSLATION,54,,(Not set),10.53,Iraak
129927,-34.4301751,142.344047,TRANSLATION,54,,(Not set),10,Iraak
129932,-34.41171906,142.3350493,TRANSLATION,54,,(Not set),10.64,Iraak
RMC022,-34.43246366,142.343734,Not known,54,,(Not set),20.5,Iraak
26654,-38.28719399,143.6503733,GLOBAL POSIT,54,Southern Rural Water,Corangamite CMA,11.68,Irrewarra
26655,-38.28653873,143.6447091,GLOBAL POSIT,54,Southern Rural Water,Corangamite CMA,11.68,Irrewarra
26845,-38.21569717,143.6852468,GLOBAL POSIT,54,Southern Rural Water,Corangamite CMA,14.5,Irrewarra
56831,-38.46970063,143.3411264,GLOBAL POSIT,54,Southern Rural Water,Corangamite CMA,377,Irrewillipe
67810,-38.45139601,143.4360169,GLOBAL POSIT,54,Southern Rural Water,Corangamite CMA,347.25,Irrewillipe
67825,-38.42899651,143.4117329,GPS - SKM VA,54,Southern Rural Water,Corangamite CMA,43.5,Irrewillipe
113468,-38.49709558,143.4007616,GLOBAL POSIT,54,Southern Rural Water,Corangamite CMA,71,Irrewillipe
67826,-38.43544022,143.4624991,GPS - SKM VA,54,Southern Rural Water,Corangamite CMA,118,Irrewillipe East
67827,-38.4354494,143.4625085,GPS - SKM VA,54,Southern Rural Water,Corangamite CMA,52,Irrewillipe East
88126,-38.38504808,143.4718495,GPS - SKM VA,54,Southern Rural Water,Corangamite CMA,311.52,Irrewillipe East
109552,-38.45152843,143.4761744,GLOBAL POSIT,54,Southern Rural Water,Corangamite CMA,70,Irrewillipe East
109553,-38.45153169,143.4761953,GLOBAL POSIT,54,Southern Rural Water,Corangamite CMA,70,Irrewillipe East
7463,-34.26486454,142.2017645,TRANSLATION,54,,(Not set),24.5,Irymple
7684,-34.2658139,142.2276053,TRANSLATION,54,,(Not set),30.25,Irymple
7685,-34.26583851,142.227629,TRANSLATION,54,,(Not set),10,Irymple
7690,-34.26894182,142.2233178,TRANSLATION,54,,(Not set),30.3,Irymple
7691,-34.26897317,142.2233348,TRANSLATION,54,,(Not set),10.6,Irymple
7696,-34.27259947,142.1848067,TRANSLATION,54,,(Not set),30.3,Irymple
7734,-34.26694922,142.2245203,TRANSLATION,54,,(Not set),18.2,Irymple
7735,-34.26698669,142.2246195,TRANSLATION,54,,(Not set),18,Irymple
7736,-34.26706033,142.2248172,TRANSLATION,54,,(Not set),18.1,Irymple
7737,-34.26707238,142.2243198,TRANSLATION,54,,(Not set),18,Irymple
7738,-34.26723243,142.2242183,TRANSLATION,54,,(Not set),18,Irymple
7745,-34.26884706,142.1225956,TRANSLATION,54,,(Not set),30.2,Irymple
7840,-34.22193796,142.1870976,TRANSLATION,54,,(Not set),28,Irymple
7841,-34.2219314,142.1871047,TRANSLATION,54,,(Not set),5,Irymple
7976,-34.26352693,142.2164778,TRANSLATION,54,,(Not set),30,Irymple
7977,-34.26353746,142.2164778,TRANSLATION,54,,(Not set),8.41,Irymple
7978,-34.25527413,142.2156038,TRANSLATION,54,,(Not set),29.42,Irymple
7979,-34.25528288,142.2155963,TRANSLATION,54,,(Not set),11.82,Irymple
7980,-34.25968965,142.2226081,TRANSLATION,54,,(Not set),30.63,Irymple
7981,-34.25970982,142.2226087,TRANSLATION,54,,(Not set),6.88,Irymple
7983,-34.26919257,142.2336109,TRANSLATION,54,,(Not set),7,Irymple
7985,-34.27121429,142.2426281,TRANSLATION,54,,(Not set),6.66,Irymple
7986,-34.26001274,142.2248024,TRANSLATION,54,,(Not set),30,Irymple
7987,-34.26002238,142.2248045,TRANSLATION,54,,(Not set),5.75,Irymple
7989,-34.25730019,142.233091,TRANSLATION,54,,(Not set),5.77,Irymple
7990,-34.26297252,142.2296865,TRANSLATION,54,,(Not set),30,Irymple
7991,-34.26297333,142.229674,TRANSLATION,54,,(Not set),5.75,Irymple
MMO12,-34.24093018,142.1730059,Not known,54,,(Not set),28,Irymple
110721,-38.56974529,146.5728226,GLOBAL POSIT,55,Southern Rural Water,West Gippsland CMA,297,Jack River
WRK957592,-38.56797197,146.533255,NOT KNOWN,55,,West Gippsland CMA,23.15,Jack River
WRK957593,-38.56797197,146.533255,NOT KNOWN,55,,West Gippsland CMA,11.7,Jack River
WRK957599,-38.58957777,146.5275577,NOT KNOWN,55,,West Gippsland CMA,28.5,Jack River
74309,-38.31749108,145.5164867,GPS - SKM VA,55,Southern Rural Water,Melbourne Water CMA,198,Jam Jerrup
74310,-38.3173196,145.5165827,GPS - SKM VA,55,Southern Rural Water,Melbourne Water CMA,96,Jam Jerrup
74311,-38.31724741,145.5165903,GPS - SKM VA,55,Southern Rural Water,Melbourne Water CMA,30,Jam Jerrup
56801,-38.4374356,143.1837807,GPS - SKM VA,54,Southern Rural Water,Corangamite CMA,620.57,Jancourt East
56834,-38.4483729,143.2839868,GPS - SKM VA,54,Southern Rural Water,Corangamite CMA,343.54,Jancourt East
36216,-36.23993493,143.959092,TRANSLATION,54,,(Not set),27,Jarklin
36358,-36.29857606,143.9746667,TRANSLATION,54,,(Not set),4.35,Jarklin
68199,-36.24025141,143.9099584,GLOBAL POSIT,54,Goulburn-Murray Water,North Central CMA,106,Jarklin
115733,-37.68744659,148.3897305,GPS - SKM VA,55,Southern Rural Water,East Gippsland CMA,44.3,Jarrahmond
115734,-37.70753232,148.4232442,GPS - SKM VA,55,Southern Rural Water,East Gippsland CMA,31,Jarrahmond
116543,-36.25771164,142.9918017,TRANSLATION,54,Grampians Wimmera Mallee Water,(Not set),99,Jeffcott North
116599,-36.26199422,143.0318682,TRANSLATION,54,Grampians Wimmera Mallee Water,(Not set),67,Jeffcott North
116600,-36.26305375,143.0751927,TRANSLATION,54,Grampians Wimmera Mallee Water,(Not set),64,Jeffcott North
116742,-36.25726464,142.9915677,TRANSLATION,54,Grampians Wimmera Mallee Water,(Not set),78,Jeffcott North
117955,-36.25797952,143.0027156,TRANSLATION,54,,(Not set),20,Jeffcott North
117956,-36.25797952,143.0027156,TRANSLATION,54,,(Not set),12,Jeffcott North
117957,-36.25951936,143.0183374,TRANSLATION,54,,(Not set),20,Jeffcott North
117958,-36.25951936,143.0183374,TRANSLATION,54,,(Not set),9,Jeffcott North
117959,-36.26199623,143.0317572,TRANSLATION,54,,(Not set),19.7,Jeffcott North
117960,-36.25728307,143.043878,TRANSLATION,54,,(Not set),9,Jeffcott North
117961,-36.25728307,143.043878,TRANSLATION,54,,(Not set),20,Jeffcott North
117962,-36.26326489,143.0629548,TRANSLATION,54,,(Not set),20,Jeffcott North
117963,-36.26326489,143.0629548,TRANSLATION,54,,(Not set),4,Jeffcott North
117964,-36.26211372,143.0773936,TRANSLATION,54,,(Not set),20,Jeffcott North
117965,-36.26211372,143.0773936,TRANSLATION,54,,(Not set),6,Jeffcott North
118004,-36.24687143,143.0639249,Not known,54,,(Not set),10,Jeffcott North
118005,-36.24684459,143.0639131,Not known,54,,(Not set),5,Jeffcott North
118011,-36.2591656,143.0019329,Not known,54,,(Not set),14,Jeffcott North
WRK956435,-36.27430756,143.0356115,NOT KNOWN,54,,North Central CMA,18.85,Jeffcott North
WRK956436,-36.27430756,143.0356115,NOT KNOWN,54,,North Central CMA,7.1,Jeffcott North
WRK957790,-36.27840811,143.033536,NOT KNOWN,54,,North Central CMA,7.62,Jeffcott North
112179,-36.07246256,141.9746641,GPS - SKM VA,54,Grampians Wimmera Mallee Water,Wimmera CMA,249.2,Jeparit
112180,-36.07248999,141.9746731,GPS - SKM VA,54,Grampians Wimmera Mallee Water,Wimmera CMA,105,Jeparit
112181,-36.0725231,141.9746767,GPS - SKM VA,54,Grampians Wimmera Mallee Water,Wimmera CMA,50,Jeparit
112182,-36.07255475,141.9746891,GPS - SKM VA,54,Grampians Wimmera Mallee Water,Wimmera CMA,29,Jeparit
112183,-36.11209178,141.8701275,GPS - SKM VA,54,Grampians Wimmera Mallee Water,Wimmera CMA,106,Jeparit
112184,-36.1121294,141.8701327,GPS - SKM VA,54,Grampians Wimmera Mallee Water,Wimmera CMA,23,Jeparit
112185,-36.05100635,141.838396,GPS - SKM VA,54,Grampians Wimmera Mallee Water,Wimmera CMA,257.5,Jeparit
112186,-36.05096763,141.8383975,GPS - SKM VA,54,Grampians Wimmera Mallee Water,Wimmera CMA,100,Jeparit
112459,-36.0509337,141.8383966,GPS - SKM VA,54,Grampians Wimmera Mallee Water,Wimmera CMA,35,Jeparit
116952,-36.13321374,141.928251,TRANSLATION,54,,(Not set),13.5,Jeparit
116953,-36.13321374,141.928251,TRANSLATION,54,,(Not set),8.9,Jeparit
116958,-36.1409102,141.9805804,TRANSLATION,54,,(Not set),14.6,Jeparit
116959,-36.1409102,141.9805804,TRANSLATION,54,,(Not set),3.2,Jeparit
116973,-36.2003875,141.9835464,TRANSLATION,54,,(Not set),17.7,Jeparit
116974,-36.2003875,141.9835464,TRANSLATION,54,,(Not set),8.5,Jeparit
116975,-36.19952255,141.9790864,TRANSLATION,54,,(Not set),17.8,Jeparit
116976,-36.19622897,141.9401169,TRANSLATION,54,,(Not set),14.6,Jeparit
116977,-36.19622897,141.9401169,TRANSLATION,54,,(Not set),10.6,Jeparit
116980,-36.1994855,141.9835354,TRANSLATION,54,,(Not set),8.8,Jeparit
117021,-36.13882982,142.0138979,TRANSLATION,54,,(Not set),18.2,Jeparit
117022,-36.13883482,142.0133419,TRANSLATION,54,,(Not set),18.3,Jeparit
WRK116000,-36.05096718,141.8383975,Not known,54,Grampians Wimmera Mallee Water,Wimmera CMA,,Jeparit
117737,-37.02770546,142.9496835,TRANSLATION,54,,(Not set),21.3,Joel Joel
117738,-37.02770546,142.9496835,TRANSLATION,54,,(Not set),21.9,Joel Joel
WRK956146,-37.01822448,142.9795247,NOT KNOWN,54,,Wimmera CMA,33,Joel Joel
WRK956148,-37.01402086,142.9969487,NOT KNOWN,54,,Wimmera CMA,41,Joel Joel
WRK956150,-37.01402086,142.9969487,NOT KNOWN,54,,Wimmera CMA,31,Joel Joel
WRK956151,-37.01402086,142.9969487,NOT KNOWN,54,,Wimmera CMA,11,Joel Joel
117742,-37.07461115,143.0015006,TRANSLATION,54,,(Not set),6.7,Joel South
WRK006645,-37.0554204,143.9638201,G-MW <30M VA,54,Goulburn-Murray Water,(Not set),96.5,Joyces Creek
WRK952861,-37.05416711,143.9777565,TRANSLATION,54,Goulburn-Murray Water,North Central CMA,79,Joyces Creek
WRK952862,-37.05419411,143.9777555,TRANSLATION,54,Goulburn-Murray Water,North Central CMA,38,Joyces Creek
112460,-36.56252888,142.1749047,GLOBAL POSIT,54,Grampians Wimmera Mallee Water,Wimmera CMA,197.2,Kalkee
112461,-36.56255574,142.1749365,TRANSLATION,54,Grampians Wimmera Mallee Water,Wimmera CMA,36,Kalkee
116605,-36.48666647,144.3014543,TRANSLATION,55,,(Not set),60,Kamarooka
116606,-36.43793881,144.3388359,TRANSLATION,55,Goulburn-Murray Water,(Not set),60,Kamarooka
116607,-36.49210422,144.326826,TRANSLATION,55,,(Not set),60,Kamarooka
116608,-36.49824125,144.3271731,TRANSLATION,55,Goulburn-Murray Water,(Not set),60,Kamarooka
116609,-36.44319291,144.3319641,TRANSLATION,55,,(Not set),60,Kamarooka
116610,-36.43478679,144.3389438,TRANSLATION,55,,(Not set),30,Kamarooka
116611,-36.45775092,144.3381592,TRANSLATION,55,,(Not set),30,Kamarooka
116614,-36.50899347,144.3124015,TRANSLATION,55,,(Not set),30,Kamarooka
116615,-36.50935438,144.3204274,TRANSLATION,55,,(Not set),60,Kamarooka
116616,-36.51074033,144.3259613,TRANSLATION,55,,(Not set),60,Kamarooka
118241,-36.44025179,144.3415459,TRANSLATION,55,,(Not set),21,Kamarooka
118242,-36.44020281,144.3393169,TRANSLATION,55,,(Not set),21,Kamarooka
118243,-36.44015284,144.337087,TRANSLATION,55,,(Not set),7,Kamarooka
118244,-36.43798878,144.3410649,TRANSLATION,55,,(Not set),22,Kamarooka
118245,-36.43616278,144.3400119,TRANSLATION,55,,(Not set),18,Kamarooka
118246,-36.43524978,144.3394858,TRANSLATION,55,,(Not set),22,Kamarooka
118247,-36.43438576,144.3411878,TRANSLATION,55,,(Not set),22,Kamarooka
118248,-36.43349775,144.3417758,TRANSLATION,55,,(Not set),22,Kamarooka
118249,-36.43260974,144.3423638,TRANSLATION,55,,(Not set),18,Kamarooka
118250,-36.44518083,144.340262,TRANSLATION,55,,(Not set),23,Kamarooka
118251,-36.44514285,144.33859,TRANSLATION,55,,(Not set),23,Kamarooka
118252,-36.44510586,144.3369181,TRANSLATION,55,,(Not set),23,Kamarooka
118289,-36.45368612,144.3176595,TRANSLATION,55,,(Not set),10,Kamarooka
WRK957574,-36.44215757,144.3278472,NOT KNOWN,55,,West Gippsland CMA,9.62,Kamarooka
5022,-36.38624094,144.3017996,TRANSLATION,55,,(Not set),15,Kamarooka North
5029,-36.38155586,144.3066544,TRANSLATION,55,,(Not set),15,Kamarooka North
5031,-36.38466894,144.3016315,TRANSLATION,55,,(Not set),15,Kamarooka North
5061,-36.37131087,144.3015473,TRANSLATION,55,,(Not set),62,Kamarooka North
5071,-36.40736706,144.3010689,TRANSLATION,55,,(Not set),25,Kamarooka North
5430,-36.39133797,144.3016237,TRANSLATION,55,,(Not set),7.45,Kamarooka North
5801,-36.39328296,144.3031507,TRANSLATION,55,,(Not set),6.1,Kamarooka North
5804,-36.39244998,144.3009937,TRANSLATION,55,,(Not set),15.2,Kamarooka North
5847,-36.40757287,144.3181647,TRANSLATION,55,,(Not set),15.2,Kamarooka North
44091,-36.40736706,144.3010689,TRANSLATION,55,,(Not set),17.2,Kamarooka North
131866,-36.39975516,144.288077,TRANSLATION,55,Goulburn-Murray Water,(Not set),15,Kamarooka North
131868,-36.39225507,144.2927858,TRANSLATION,55,Goulburn-Murray Water,(Not set),10,Kamarooka North
131871,-36.38527399,144.2972966,TRANSLATION,55,Goulburn-Murray Water,(Not set),15,Kamarooka North
131872,-36.38527196,144.2995816,TRANSLATION,55,Goulburn-Murray Water,(Not set),15,Kamarooka North
131888,-36.400807,144.3038598,TRANSLATION,55,Goulburn-Murray Water,(Not set),15,Kamarooka North
135058,-36.38396093,144.3018115,TRANSLATION,55,,(Not set),4,Kamarooka North
48554,-36.62666873,141.2971694,GPS - SKM VA,54,Grampians Wimmera Mallee Water,Wimmera CMA,134,Kaniva
48559,-36.62673877,141.2974955,GPS - SKM VA,54,Grampians Wimmera Mallee Water,Wimmera CMA,225,Kaniva
60450,-36.25891815,141.073985,GPS - SKM VA,54,Grampians Wimmera Mallee Water,Wimmera CMA,148,Kaniva
60475,-36.25896229,141.0744813,GPS - SKM VA,54,Grampians Wimmera Mallee Water,Wimmera CMA,234.25,Kaniva
79655,-36.25834452,141.2861497,GPS - SKM VA,54,Grampians Wimmera Mallee Water,Wimmera CMA,170,Kaniva
84741,-36.55802941,141.2317229,GPS - SKM VA,54,Grampians Wimmera Mallee Water,Wimmera CMA,261.51,Kaniva
107455,-36.43965366,141.2968173,GPS - SKM VA,54,Grampians Wimmera Mallee Water,Wimmera CMA,206,Kaniva
112708,-36.36470971,141.2589876,GLOBAL POSIT,54,Grampians Wimmera Mallee Water,Wimmera CMA,214,Kaniva
112709,-36.36472764,141.2589495,GLOBAL POSIT,54,Grampians Wimmera Mallee Water,Wimmera CMA,120.5,Kaniva
140674,-36.37015542,141.1939888,GLOBAL POSIT,54,Grampians Wimmera Mallee Water,Wimmera CMA,60,Kaniva
140676,-36.45088881,141.1975913,GLOBAL POSIT,54,Grampians Wimmera Mallee Water,Wimmera CMA,60,Kaniva
8001950,-36.51427334,141.158367,GLOBAL POSIT,54,Grampians Wimmera Mallee Water,Wimmera CMA,66,Kaniva
8001951,-36.51348217,141.2383856,NOT KNOWN,54,Grampians Wimmera Mallee Water,(Not set),72,Kaniva
8002008,-36.45702859,141.2474756,NOT KNOWN,54,Grampians Wimmera Mallee Water,(Not set),72,Kaniva
8003875,-36.38140903,141.2557204,GLOBAL POSIT,54,Grampians Wimmera Mallee Water,Wimmera CMA,39,Kaniva
8003876,-36.38141803,141.2557315,GLOBAL POSIT,54,Grampians Wimmera Mallee Water,Wimmera CMA,72,Kaniva
8003877,-36.38145713,141.2500344,GLOBAL POSIT,54,Grampians Wimmera Mallee Water,Wimmera CMA,230,Kaniva
8003881,-36.62646557,141.2957403,GLOBAL POSIT,54,Grampians Wimmera Mallee Water,Wimmera CMA,39,Kaniva
8004485,-36.37372248,141.2410902,Not known,54,Grampians Wimmera Mallee Water,(Not set),124,Kaniva
8004490,-36.38280521,141.2477977,Not known,54,Grampians Wimmera Mallee Water,(Not set),112,Kaniva
4270,-36.14028003,144.8505332,GPS - SKM VA,55,Goulburn-Murray Water,Goulburn Broken CMA,25,Kanyapella
69388,-36.14028305,144.8504905,GPS - SKM VA,55,Goulburn-Murray Water,Goulburn Broken CMA,198,Kanyapella
69455,-37.60291149,142.1608598,GPS - SKM VA,54,Southern Rural Water,Glenelg Hopkins CMA,77,Karabeal
69456,-37.60290681,142.1608158,GPS - SKM VA,54,Southern Rural Water,Glenelg Hopkins CMA,30,Karabeal
69478,-38.15039791,143.2560363,GLOBAL POSIT,54,Southern Rural Water,Corangamite CMA,30,Kariah
69494,-36.82527612,141.4404486,GPS - SKM VA,54,Grampians Wimmera Mallee Water,Wimmera CMA,61,Karnak
69495,-36.82525754,141.440403,GPS - SKM VA,54,Grampians Wimmera Mallee Water,Wimmera CMA,33,Karnak
69520,-36.49986996,145.4712478,GPS - SKM VA,55,Goulburn-Murray Water,Goulburn Broken CMA,32,Karramomus
109554,-36.55605307,145.4987766,GPS - SKM VA,55,Goulburn-Murray Water,Goulburn Broken CMA,5,Karramomus
69545,-36.01209787,145.713487,TRANSLATION,55,Goulburn-Murray Water,Goulburn Broken CMA,141.5,Katamatite
69547,-36.01218787,145.713475,TRANSLATION,55,Goulburn-Murray Water,Goulburn Broken CMA,82,Katamatite
69548,-36.01205441,145.7134491,GPS - SKM VA,55,Goulburn-Murray Water,Goulburn Broken CMA,23,Katamatite
69549,-36.09841705,145.6852687,GPS - SKM VA,55,Goulburn-Murray Water,Goulburn Broken CMA,43.5,Katamatite
69550,-36.09841855,145.6852924,GPS - SKM VA,55,Goulburn-Murray Water,Goulburn Broken CMA,10.5,Katamatite
WRK061880,-36.05310143,145.6320056,GLOBAL POSIT,55,Goulburn-Murray Water,Goulburn Broken CMA,112,Katamatite
48282,-36.03155982,145.4315388,GPS - SKM VA,55,Goulburn-Murray Water,Goulburn Broken CMA,191.5,Katunga
48284,-36.03210671,145.4315028,GPS - SKM VA,55,Goulburn-Murray Water,Goulburn Broken CMA,8.6,Katunga
48285,-36.03212271,145.4315416,GPS - SKM VA,55,Goulburn-Murray Water,Goulburn Broken CMA,8.5,Katunga
48289,-36.03153173,145.4315453,GPS - SKM VA,55,Goulburn-Murray Water,Goulburn Broken CMA,7.5,Katunga
48292,-36.03153395,145.4315348,GPS - SKM VA,55,Goulburn-Murray Water,Goulburn Broken CMA,18,Katunga
69710,-36.04051959,145.5307583,GPS - SKM VA,55,Goulburn-Murray Water,Goulburn Broken CMA,160,Katunga
69711,-36.04052616,145.5306263,GPS - SKM VA,55,Goulburn-Murray Water,Goulburn Broken CMA,19,Katunga
97612,-35.9977528,145.4315977,GPS - SKM VA,55,Goulburn-Murray Water,Goulburn Broken CMA,20.5,Katunga
109747,-35.99780089,145.4316119,GPS - SKM VA,55,Goulburn-Murray Water,Goulburn Broken CMA,158.8,Katunga
109748,-35.99780089,145.4316119,GPS - SKM VA,55,Goulburn-Murray Water,Goulburn Broken CMA,158.8,Katunga
115795,-35.98432833,145.4712091,TRANSLATION,55,Goulburn-Murray Water,(Not set),87,Katunga
119826,-36.01843322,145.4028606,TRANSLATION,55,Goulburn-Murray Water,(Not set),118,Katunga
WRK005713,-36.01651,145.37956,G-MW <30M VA,55,Goulburn-Murray Water,(Not set),6.7,Katunga
WRK005792,-35.99990745,145.4605426,G-MW <30M VA,55,Goulburn-Murray Water,(Not set),86.26,Katunga
WRK006201,-36.01881184,145.4368607,G-MW <30M VA,55,Goulburn-Murray Water,(Not set),11,Katunga
WRK006245,-36.04204,145.45226,G-MW <30M VA,55,Goulburn-Murray Water,(Not set),6.1,Katunga
WRK006298,-36.01985,145.45814,G-MW <30M VA,55,Goulburn-Murray Water,(Not set),9.7,Katunga
WRK006377,-36.02377667,145.4741417,G-MW FIELD V,55,Goulburn-Murray Water,(Not set),7,Katunga
WRK006446,-36.04147,145.4594,G-MW <30M VA,55,Goulburn-Murray Water,(Not set),7.3,Katunga
WRK006929,-36.01380761,145.4518888,G-MW DESKTOP,55,,(Not set),7.9,Katunga
WRK007084,-35.99354645,145.4763521,G-MW <30M VA,55,Goulburn-Murray Water,(Not set),10.01,Katunga
WRK007087,-35.96904,145.40088,G-MW <30M VA,55,Goulburn-Murray Water,(Not set),14.5,Katunga
WRK007103,-36.0004447,145.4037191,G-MW <30M VA,55,Goulburn-Murray Water,(Not set),150,Katunga
WRK007105,-35.99976553,145.4607229,G-MW <30M VA,55,Goulburn-Murray Water,(Not set),88,Katunga
WRK007206,-36.03503695,145.4355784,TRANSLATION,55,,(Not set),6.1,Katunga
WRK007371,-36.03477001,145.43801,G-MW <30M VA,55,Goulburn-Murray Water,(Not set),7.32,Katunga
WRK007717,-36.01421446,145.4189981,G-MW <30M VA,55,Goulburn-Murray Water,(Not set),141.5,Katunga
WRK007825,-35.98128001,145.51754,G-MW <30M VA,55,Goulburn-Murray Water,(Not set),10.4,Katunga
WRK007918,-36.01331,145.38756,G-MW <30M VA,55,Goulburn-Murray Water,(Not set),8.5,Katunga
WRK008056,-36.02799688,145.538249,G-MW <30M VA,55,Goulburn-Murray Water,(Not set),134,Katunga
WRK008240,-35.95880779,145.3931256,G-MW DESKTOP,55,Goulburn-Murray Water,(Not set),10.3,Katunga
WRK008246,-36.01401953,145.4925435,Water Regist,55,Goulburn-Murray Water,(Not set),10.3,Katunga
WRK008403,-36.03338294,145.4692365,G-MW <30M VA,55,Goulburn-Murray Water,(Not set),139,Katunga
WRK009067,-36.01560124,145.4147871,G-MW DESKTOP,55,Goulburn-Murray Water,(Not set),123,Katunga
WRK009503,-36.00171019,145.4507224,NOT KNOWN,55,Goulburn-Murray Water,(Not set),12.8,Katunga
WRK009513,-36.04098116,145.4567058,G-MW DESKTOP,55,Goulburn-Murray Water,(Not set),7.01,Katunga
WRK013529,-35.97786,145.47725,G-MW <30M VA,55,Goulburn-Murray Water,Goulburn Broken CMA,14,Katunga
WRK059590,-36.02662726,145.5375641,NOT KNOWN,55,Goulburn-Murray Water,(Not set),100,Katunga
WRK078815,-35.98557712,145.4585861,NOT KNOWN,55,Goulburn-Murray Water,(Not set),106,Katunga
WRK953012,-35.9995754,145.5774851,GPS - SKM VA,55,Goulburn-Murray Water,Goulburn Broken CMA,126,Katunga
47986,-38.4756982,143.5941076,GPS - SKM VA,54,Southern Rural Water,Corangamite CMA,296,Kawarren
47990,-38.45865863,143.5893871,GPS - SKM VA,54,Southern Rural Water,Corangamite CMA,153,Kawarren
48003,-38.47349351,143.6199454,GPS - SKM VA,54,Southern Rural Water,Corangamite CMA,381.4,Kawarren
108910,-38.48898331,143.5704797,GPS - SKM VA,54,Southern Rural Water,Corangamite CMA,271,Kawarren
108911,-38.48194685,143.5901093,GPS - SKM VA,54,Southern Rural Water,Corangamite CMA,243.5,Kawarren
108913,-38.49151707,143.5921439,GPS - SKM VA,54,Southern Rural Water,Corangamite CMA,152,Kawarren
108914,-38.50330735,143.6140752,GPS - SKM VA,54,Southern Rural Water,Corangamite CMA,238.5,Kawarren
114168,-38.46157905,143.5990346,GPS - SKM VA,54,Southern Rural Water,Corangamite CMA,180,Kawarren
114169,-38.46157786,143.5990482,GPS - SKM VA,54,Southern Rural Water,Corangamite CMA,82,Kawarren
36088,-35.8382767,144.2528732,TRANSLATION,55,,(Not set),25,Keely
40332,-35.83525792,144.2312835,TRANSLATION,55,,(Not set),18.29,Keely
26188,-34.88488623,143.3221749,TRANSLATION,54,,(Not set),25.38,Kenley
26191,-34.89050009,143.3007222,TRANSLATION,54,,(Not set),25.42,Kenley
WRK950387,-35.9041364,142.1672235,NOT KNOWN,54,Grampians Wimmera Mallee Water,Mallee CMA,214,Kenmare
WRK950388,-35.9040845,142.1672215,NOT KNOWN,54,Grampians Wimmera Mallee Water,Mallee CMA,98,Kenmare
JACKASS_FLAT_BORE,-36.76452242,144.2959305,Not known,55,Goulburn-Murray Water,(Not set),,Kennington
KENNINGTON_BORE,-36.76452242,144.2959305,Not known,55,Goulburn-Murray Water,(Not set),,Kennington
WRK956669,-36.77330833,144.3078098,NOT KNOWN,55,,North Central CMA,5,Kennington
WRK956670,-36.77518005,144.3084837,NOT KNOWN,55,,North Central CMA,5,Kennington
WRK956691,-36.76972464,144.3123263,NOT KNOWN,55,,North Central CMA,20,Kennington
WRK956692,-36.76972464,144.3123263,NOT KNOWN,55,,North Central CMA,5,Kennington
6452,-35.68937413,143.9587979,TRANSLATION,54,,(Not set),4,Kerang
6618,-35.71989366,143.9236989,TRANSLATION,54,,(Not set),6.65,Kerang
6635,-35.68058063,144.0013512,TRANSLATION,55,,(Not set),3.86,Kerang
26900,-35.66508547,143.9167281,TRANSLATION,54,,(Not set),15,Kerang
70010,-35.76271062,143.9486732,GPS - SKM VA,54,Goulburn-Murray Water,North Central CMA,75,Kerang
116538,-35.7642984,143.968893,TRANSLATION,54,,(Not set),28,Kerang
125732,-35.76390952,143.9576322,TRANSLATION,54,Goulburn-Murray Water,(Not set),17.5,Kerang
128267,-35.70413358,144.0170424,TRANSLATION,55,Goulburn-Murray Water,(Not set),10,Kerang
130474,-35.7050882,143.8674555,TRANSLATION,54,Goulburn-Murray Water,(Not set),5.55,Kerang
6435,-35.79148257,144.0580252,TRANSLATION,55,,(Not set),5.15,Kerang East
64025,-35.79177912,144.0436639,GPS - SKM VA,55,Goulburn-Murray Water,North Central CMA,202.69,Kerang East
125740,-35.78552159,143.9609005,TRANSLATION,54,Goulburn-Murray Water,(Not set),15,Kerang East
70027,-36.33054398,147.0169883,GPS - SKM VA,55,Goulburn-Murray Water,North East CMA,32.61,Kergunyah
WRK017737,-37.147516,145.267475,GLOBAL POSIT,55,Goulburn-Murray Water,Goulburn Broken CMA,37,Kerrisdale
70221,-36.44054889,142.3281333,GPS - SKM VA,54,Grampians Wimmera Mallee Water,Wimmera CMA,144.2,Kewell
70222,-36.44047364,142.3281401,GPS - SKM VA,54,Grampians Wimmera Mallee Water,Wimmera CMA,48,Kewell
70237,-36.42164329,145.3792911,GPS - SKM VA,55,Goulburn-Murray Water,Goulburn Broken CMA,117,Kialla
70238,-36.42165042,145.3793051,GPS - SKM VA,55,Goulburn-Murray Water,Goulburn Broken CMA,13,Kialla
70243,-36.42162201,145.3795496,GPS - SKM VA,55,Goulburn-Murray Water,Goulburn Broken CMA,63,Kialla
70246,-36.45309335,145.432666,GPS - SKM VA,55,Goulburn-Murray Water,Goulburn Broken CMA,53,Kialla
70247,-36.4530948,145.4326873,GPS - SKM VA,55,Goulburn-Murray Water,Goulburn Broken CMA,21,Kialla
70300,-36.45702458,145.4259836,GPS - SKM VA,55,Goulburn-Murray Water,Goulburn Broken CMA,13,Kialla
109558,-36.4570146,145.4213041,GPS - SKM VA,55,Goulburn-Murray Water,Goulburn Broken CMA,29,Kialla
109559,-36.4570146,145.4213041,GPS - SKM VA,55,Goulburn-Murray Water,Goulburn Broken CMA,29,Kialla
109562,-36.45702848,145.4259919,GPS - SKM VA,55,Goulburn-Murray Water,Goulburn Broken CMA,15.4,Kialla
109563,-36.45702529,145.4260104,GPS - SKM VA,55,Goulburn-Murray Water,Goulburn Broken CMA,15.4,Kialla
109566,-36.44544835,145.4618845,GPS - SKM VA,55,Goulburn-Murray Water,Goulburn Broken CMA,15.55,Kialla
109567,-36.44545481,145.4618887,GPS - SKM VA,55,Goulburn-Murray Water,Goulburn Broken CMA,15.55,Kialla
70245,-36.456885,145.5125871,GPS - SKM VA,55,Goulburn-Murray Water,Goulburn Broken CMA,85,Kialla East
WRK006248,-36.45247,145.49751,G-MW DESKTOP,55,,(Not set),1.8,Kialla East
46195,-36.49906291,145.3970203,GPS - SKM VA,55,Goulburn-Murray Water,Goulburn Broken CMA,60,Kialla West
8004484,-36.36442122,141.7872498,Not known,54,Grampians Wimmera Mallee Water,(Not set),124,Kiata
141303,-38.34127186,142.3084693,GPS - SKM VA,54,Southern Rural Water,Glenelg Hopkins CMA,20,Killarney
141304,-38.34118406,142.3085285,GLOBAL POSIT,54,Southern Rural Water,Glenelg Hopkins CMA,54,Killarney
WRK053419,-36.24365057,146.2234092,GLOBAL POSIT,55,Goulburn-Murray Water,North East CMA,79,Killawarra
42003,-38.10663049,146.8980084,TRANSLATION,55,,(Not set),10.66,Kilmany
42007,-38.10419165,146.8822716,TRANSLATION,55,,(Not set),17.37,Kilmany
42137,-38.11850943,146.9088644,TRANSLATION,55,,(Not set),9.8,Kilmany
42181,-38.11235571,146.8805817,TRANSLATION,55,,(Not set),110,Kilmany
105134,-38.10171939,146.9310235,TRANSLATION,55,Southern Rural Water,West Gippsland CMA,790.88,Kilmany
WRK957079,-37.291543,144.9118681,NOT KNOWN,55,,Goulburn Broken CMA,18,Kilmore
WRK957080,-37.28734347,144.8759348,NOT KNOWN,55,,Goulburn Broken CMA,13,Kilmore
WRK957083,-37.2917589,144.9144002,NOT KNOWN,55,,Goulburn Broken CMA,9,Kilmore
116738,-37.29335363,145.0404873,TRANSLATION,55,Goulburn-Murray Water,(Not set),40,Kilmore East
116739,-37.30056067,145.0402994,TRANSLATION,55,Goulburn-Murray Water,(Not set),55,Kilmore East
WRK958154,-37.2476702,144.984634,NOT KNOWN,55,,Goulburn Broken CMA,37,Kilmore East
WRK958155,-37.25238567,144.9937647,NOT KNOWN,55,,Goulburn Broken CMA,37,Kilmore East
WRK958156,-37.25570997,144.9990096,NOT KNOWN,55,,Goulburn Broken CMA,18.5,Kilmore East
WRK958158,-37.25015124,145.0135764,NOT KNOWN,55,,Goulburn Broken CMA,21,Kilmore East
WRK958159,-37.2437012,145.0025063,NOT KNOWN,55,,Goulburn Broken CMA,37,Kilmore East
WRK958160,-37.2379164,145.0229831,NOT KNOWN,55,,Goulburn Broken CMA,6,Kilmore East
WRK017757,-37.537052,145.374359,GLOBAL POSIT,55,Goulburn-Murray Water,Goulburn Broken CMA,67,Kinglake
WRK952886,-37.518458,145.358535,GLOBAL POSIT,55,Goulburn-Murray Water,Goulburn Broken CMA,42,Kinglake
WRK017755,-37.468432,145.324844,GLOBAL POSIT,55,Goulburn-Murray Water,Goulburn Broken CMA,61,Kinglake Central
WRK017756,-37.468409,145.324836,GLOBAL POSIT,55,Goulburn-Murray Water,Goulburn Broken CMA,36,Kinglake Central
WRK017743,-37.42783897,145.2518502,GLOBAL POSIT,55,Goulburn-Murray Water,Goulburn Broken CMA,49,Kinglake West
WRK017749,-37.471835,145.253352,GLOBAL POSIT,55,Goulburn-Murray Water,Goulburn Broken CMA,55,Kinglake West
WRK017751,-37.487447,145.27769,GLOBAL POSIT,55,Southern Rural Water,Melbourne Water CMA,61,Kinglake West
WRK952887,-37.42781194,145.2518508,GLOBAL POSIT,55,Goulburn-Murray Water,Goulburn Broken CMA,36,Kinglake West
91873,-37.39832339,143.947847,TRANSLATION,54,,(Not set),65.23,Kingston
137460,-37.38950521,143.9592227,TRANSLATION,54,Goulburn-Murray Water,(Not set),138,Kingston
SP068049,-37.40971,143.944996,GLOBAL POSIT,54,Goulburn-Murray Water,North Central CMA,72,Kingston
SP068050,-37.409605,143.945013,GLOBAL POSIT,54,Goulburn-Murray Water,North Central CMA,40,Kingston
SP068053,-37.36279184,143.9434946,GLOBAL POSIT,54,Goulburn-Murray Water,North Central CMA,72,Kingston
SP068588,-37.409651,143.945011,GLOBAL POSIT,54,Goulburn-Murray Water,North Central CMA,12,Kingston
141306,-38.27383899,142.3403736,GLOBAL POSIT,54,Southern Rural Water,Glenelg Hopkins CMA,56,Kirkstall
WRK988734,-38.27478308,142.2205573,GLOBAL POSIT,54,Southern Rural Water,Glenelg Hopkins CMA,8,Kirkstall
WRK988735,-38.27478456,142.2205971,GLOBAL POSIT,54,Southern Rural Water,Glenelg Hopkins CMA,150,Kirkstall
116617,-36.82346867,144.6276473,TRANSLATION,55,,(Not set),51,Knowsley
116618,-36.82549255,144.6387951,TRANSLATION,55,,(Not set),51,Knowsley
116705,-36.82685455,144.6393141,TRANSLATION,55,Goulburn-Murray Water,(Not set),30,Knowsley
116706,-36.82368055,144.6382901,TRANSLATION,55,Goulburn-Murray Water,(Not set),30,Knowsley
116707,-36.82186755,144.6377861,TRANSLATION,55,Goulburn-Murray Water,(Not set),30,Knowsley
118442,-36.82166665,144.6277032,TRANSLATION,55,,(Not set),15,Knowsley
118443,-36.81987664,144.6283182,TRANSLATION,55,,(Not set),10,Knowsley
118444,-36.81808662,144.6289341,TRANSLATION,55,,(Not set),19,Knowsley
118445,-36.82529166,144.6287123,TRANSLATION,55,,(Not set),4,Knowsley
118446,-36.82665466,144.6292303,TRANSLATION,55,,(Not set),4,Knowsley
118447,-36.82801667,144.6297493,TRANSLATION,55,,(Not set),7,Knowsley
118448,-36.82641555,144.6398881,TRANSLATION,55,,(Not set),13,Knowsley
WRK956668,-36.82686362,144.6013513,NOT KNOWN,55,,North Central CMA,10,Knowsley
WRK956703,-36.81210688,144.5838334,NOT KNOWN,55,,North Central CMA,11.6,Knowsley
WRK956704,-36.82686587,144.5885485,NOT KNOWN,55,,North Central CMA,14,Knowsley
WRK956705,-36.82686587,144.5885485,NOT KNOWN,55,,North Central CMA,4.13,Knowsley
WRK956707,-36.8390919,144.6084256,NOT KNOWN,55,,North Central CMA,12.8,Knowsley
WRK956708,-36.82607425,144.5846272,NOT KNOWN,55,,North Central CMA,15.9,Knowsley
117247,-37.48785109,141.6608772,Not known,54,,(Not set),17,Konongwootong
71187,-38.16763726,145.5142615,GPS - SKM VA,55,Southern Rural Water,Melbourne Water CMA,131.67,Koo Wee Rup
71190,-38.16766017,145.5143267,GLOBAL POSIT,55,Southern Rural Water,Melbourne Water CMA,62.48,Koo Wee Rup
71192,-38.21332587,145.459018,GPS - SKM VA,55,Southern Rural Water,Melbourne Water CMA,126.49,Koo Wee Rup
71194,-38.21384662,145.4301278,GLOBAL POSIT,55,Southern Rural Water,Melbourne Water CMA,52,Koo Wee Rup
71195,-38.21386533,145.4301863,GLOBAL POSIT,55,Southern Rural Water,Melbourne Water CMA,100,Koo Wee Rup
WRK116122,-38.16765571,145.5143267,Not known,55,Southern Rural Water,Melbourne Water CMA,,Koo Wee Rup
6973,-34.77909097,143.1421617,TRANSLATION,54,,(Not set),17.88,Kooloonong
6996,-34.81048027,143.1344874,TRANSLATION,54,,(Not set),17.35,Kooloonong
26195,-34.86463782,143.032707,TRANSLATION,54,,(Not set),38.05,Kooloonong
26197,-34.88619155,143.267607,TRANSLATION,54,,(Not set),11.1,Kooloonong
26202,-34.82719011,143.1887468,TRANSLATION,54,,(Not set),31.23,Kooloonong
26227,-34.88039485,143.2156524,TRANSLATION,54,,(Not set),13.9,Kooloonong
8002863,-34.83103672,143.100667,GLOBAL POSIT,54,Grampians Wimmera Mallee Water,Mallee CMA,42,Kooloonong
8002868,-34.82663475,143.2654004,GLOBAL POSIT,54,Lower Murray Water,Mallee CMA,39,Kooloonong
116676,-36.50060993,145.7383786,TRANSLATION,55,Goulburn-Murray Water,(Not set),100,Koonda
116677,-36.47595268,145.751057,TRANSLATION,55,Goulburn-Murray Water,(Not set),83,Koonda
116680,-36.5198577,145.7687794,TRANSLATION,55,Goulburn-Murray Water,(Not set),96,Koonda
6446,-35.64161255,144.0842344,TRANSLATION,55,,(Not set),6.61,Koondrook
82751,-35.6610347,144.1072057,GPS - SKM VA,55,Goulburn-Murray Water,North Central CMA,220.4,Koondrook
82752,-35.66102849,144.1072283,GPS - SKM VA,55,Goulburn-Murray Water,North Central CMA,111,Koondrook
82753,-35.66101678,144.1072776,GPS - SKM VA,55,Goulburn-Murray Water,North Central CMA,55,Koondrook
82754,-35.66100716,144.1073082,GPS - SKM VA,55,Goulburn-Murray Water,North Central CMA,16,Koondrook
WRK006230,-35.89132273,145.5907227,Water Regist,55,Goulburn-Murray Water,(Not set),14.3,Koonoomoo
WRK006795,-35.88385068,145.5723979,G-MW <30M VA,55,Goulburn-Murray Water,(Not set),42.7,Koonoomoo
WRK007356,-35.89559,145.57635,G-MW <30M VA,55,Goulburn-Murray Water,(Not set),12,Koonoomoo
WRK007695,-35.8850545,145.5722917,G-MW DESKTOP,55,Goulburn-Murray Water,(Not set),47,Koonoomoo
WRK012014,-35.85786504,145.5683014,NOT KNOWN,55,Goulburn-Murray Water,Goulburn Broken CMA,21.5,Koonoomoo
WRK017773,-35.86814168,145.5834455,G-MW <30M VA,55,Goulburn-Murray Water,Goulburn Broken CMA,13.5,Koonoomoo
7881,-34.34087669,142.0993454,TRANSLATION,54,,(Not set),17.5,Koorlong
8002860,-34.35740516,141.9968294,GLOBAL POSIT,54,Lower Murray Water,Mallee CMA,70,Koorlong
71148,-38.45892612,145.9774238,GPS - SKM VA,55,Southern Rural Water,West Gippsland CMA,108,Koorooman
71149,-38.4588948,145.977827,GPS - SKM VA,55,Southern Rural Water,West Gippsland CMA,72,Koorooman
WRK017731,-37.151971,145.650343,GLOBAL POSIT,55,Goulburn-Murray Water,Goulburn Broken CMA,48,Koriella
WRK017732,-37.151933,145.650343,GLOBAL POSIT,55,Goulburn-Murray Water,Goulburn Broken CMA,24,Koriella
141307,-38.27170544,142.3864334,GLOBAL POSIT,54,Southern Rural Water,Glenelg Hopkins CMA,30,Koroit
141308,-38.27171578,142.3863892,GLOBAL POSIT,54,Southern Rural Water,Glenelg Hopkins CMA,48,Koroit
70909,-36.35741794,143.7156984,GPS - SKM VA,54,Goulburn-Murray Water,North Central CMA,37,Korong Vale
70910,-36.35736598,143.7161896,GPS - SKM VA,54,Goulburn-Murray Water,North Central CMA,31,Korong Vale
WRK051534,-37.445362,144.129197,GLOBAL POSIT,55,Southern Rural Water,Melbourne Water CMA,,Korweinguboora
WRK992393,-37.4453759,144.1292062,GLOBAL POSIT,55,Southern Rural Water,Melbourne Water CMA,150,Korweinguboora
97119,-36.19829256,144.5355263,GPS - SKM VA,55,Goulburn-Murray Water,North Central CMA,215,Kotta
97120,-36.19835038,144.5355378,GPS - SKM VA,55,Goulburn-Murray Water,North Central CMA,32.8,Kotta
WRK006555,-36.19737003,144.54986,G-MW <30M VA,55,Goulburn-Murray Water,(Not set),8,Kotta
73402,-36.11639995,145.0901103,GPS - SKM VA,55,Goulburn-Murray Water,Goulburn Broken CMA,235,Kotupna
73403,-36.11634356,145.090084,GPS - SKM VA,55,Goulburn-Murray Water,Goulburn Broken CMA,120,Kotupna
73404,-36.1164058,145.0901036,GPS - SKM VA,55,Goulburn-Murray Water,Goulburn Broken CMA,23,Kotupna
73405,-36.116375,145.090038,GPS - SKM VA,55,Goulburn-Murray Water,Goulburn Broken CMA,70,Kotupna
WRK007446,-36.13981167,145.0292317,G-MW FIELD V,55,Goulburn-Murray Water,(Not set),32,Kotupna
WRK008687,-36.12996948,145.126276,G-MW <30M VA,55,Goulburn-Murray Water,(Not set),39.6,Kotupna
69387,-36.19238245,144.8684381,GPS - SKM VA,55,Goulburn-Murray Water,Goulburn Broken CMA,172,Koyuga
73425,-36.26939093,144.8661673,GPS - SKM VA,55,Goulburn-Murray Water,North Central CMA,106,Koyuga
73426,-36.26939995,144.8664054,GPS - SKM VA,55,Goulburn-Murray Water,North Central CMA,19,Koyuga
WRK005723,-36.19951619,144.8836743,G-MW <30M VA,55,Goulburn-Murray Water,(Not set),11.5,Koyuga
WRK006436,-36.23753334,144.921165,G-MW FIELD V,55,Goulburn-Murray Water,(Not set),10,Koyuga
WRK006559,-36.25919408,144.8907015,G-MW <30M VA,55,Goulburn-Murray Water,(Not set),9.5,Koyuga
WRK007903,-36.23802948,144.9148367,G-MW <30M VA,55,Goulburn-Murray Water,(Not set),7.5,Koyuga
WRK008218,-36.20952001,144.9088,G-MW <30M VA,55,Goulburn-Murray Water,(Not set),9.5,Koyuga
WRK008236,-36.18217001,144.87201,G-MW <30M VA,55,Goulburn-Murray Water,(Not set),11,Koyuga
WRK008448,-36.23946318,144.9259289,G-MW DESKTOP,55,Goulburn-Murray Water,(Not set),10.5,Koyuga
WRK010059,-36.20836288,144.9018214,G-MW DESKTOP,55,Goulburn-Murray Water,Goulburn Broken CMA,11.5,Koyuga
WRK010060,-36.23428735,144.9084507,Water Regist,55,Goulburn-Murray Water,Goulburn Broken CMA,9,Koyuga
WRK012363,-36.19222001,144.86562,G-MW DESKTOP,55,,(Not set),40,Koyuga
26283,-35.0296649,142.6325608,TRANSLATION,54,,(Not set),67,Kulwin
116646,-35.05923796,142.5084074,TRANSLATION,54,,(Not set),81,Kulwin
116647,-35.04266715,142.5658449,TRANSLATION,54,,(Not set),64,Kulwin
6096,-35.54342192,143.5470938,GPS - SKM VA,54,Grampians Wimmera Mallee Water,North Central CMA,23,Kunat
6878,-35.52733923,143.5973634,TRANSLATION,54,,(Not set),45,Kunat
6938,-35.48765213,143.5877308,TRANSLATION,54,,(Not set),8.59,Kunat
73589,-36.35103519,145.067886,GLOBAL POSIT,55,Goulburn-Murray Water,Goulburn Broken CMA,57,Kyabram
73590,-36.35105134,145.0678981,GLOBAL POSIT,55,Goulburn-Murray Water,Goulburn Broken CMA,25,Kyabram
110943,-36.34908215,145.067858,GPS - SKM VA,55,Goulburn-Murray Water,Goulburn Broken CMA,10.06,Kyabram
WRK006566,-36.31000001,145.02116,G-MW <30M VA,55,Goulburn-Murray Water,(Not set),50,Kyabram
WRK006907,-36.31397661,145.0209556,Water Regist,55,Goulburn-Murray Water,(Not set),7,Kyabram
WRK007953,-36.28851664,145.0935979,G-MW DESKTOP,55,Goulburn-Murray Water,(Not set),17.5,Kyabram
WRK008707,-36.29565286,145.1003983,G-MW DESKTOP,55,Goulburn-Murray Water,(Not set),15,Kyabram
WRK009651,-36.30776334,145.0686717,G-MW DESKTOP,55,Goulburn-Murray Water,(Not set),19.5,Kyabram
WRK010473,-36.35703001,144.98566,G-MW DESKTOP,55,Goulburn-Murray Water,(Not set),12,Kyabram
WRK011685,-36.32741826,145.0949474,Water Regist,55,Goulburn-Murray Water,Goulburn Broken CMA,10.5,Kyabram
WRK012565,-36.38075053,145.02889,Water Regist,55,Goulburn-Murray Water,Goulburn Broken CMA,11,Kyabram
WRK013011,-36.31126147,145.0200275,G-MW <100M V,55,Goulburn-Murray Water,(Not set),24.5,Kyabram
WRK006729,-36.37353152,145.0519778,G-MW <100M V,55,Goulburn-Murray Water,(Not set),128,Kyabram South
WRK017622,-37.227029,144.410858,GLOBAL POSIT,55,Goulburn-Murray Water,North Central CMA,115,Kyneton
WRK017623,-37.227057,144.410851,GLOBAL POSIT,55,Goulburn-Murray Water,North Central CMA,67,Kyneton
73537,-36.29998337,145.0045728,GPS - SKM VA,55,Goulburn-Murray Water,Goulburn Broken CMA,56,Kyvalley
73540,-36.29999579,145.0045558,GPS - SKM VA,55,Goulburn-Murray Water,Goulburn Broken CMA,15,Kyvalley
95589,-36.27387255,145.0055497,GPS - SKM VA,55,Goulburn-Murray Water,Goulburn Broken CMA,84.7,Kyvalley
95591,-36.27387377,145.0055365,GPS - SKM VA,55,Goulburn-Murray Water,Goulburn Broken CMA,19,Kyvalley
95592,-36.27388099,145.0055318,GPS - SKM VA,55,Goulburn-Murray Water,Goulburn Broken CMA,10,Kyvalley
WRK006516,-36.28282001,144.99773,G-MW <30M VA,55,Goulburn-Murray Water,(Not set),7.9,Kyvalley
WRK007664,-36.28275001,144.99366,G-MW <30M VA,55,Goulburn-Murray Water,(Not set),8.5,Kyvalley
WRK007912,-36.29521214,145.0213797,G-MW <100M V,55,Goulburn-Murray Water,(Not set),7,Kyvalley
WRK008455,-36.29735501,145.013695,G-MW FIELD V,55,Goulburn-Murray Water,(Not set),10,Kyvalley
WRK006438,-36.8452069,143.9409933,G-MW DESKTOP,54,Goulburn-Murray Water,(Not set),79,Laanecoorie
WRK008738,-36.8054585,143.9653225,G-MW DESKTOP,54,Goulburn-Murray Water,North Central CMA,83,Laanecoorie
WRK061075,-36.81487825,143.9131109,GLOBAL POSIT,54,Goulburn-Murray Water,North Central CMA,14,Laanecoorie
141235,-38.34620866,142.7863589,GLOBAL POSIT,54,Southern Rural Water,Glenelg Hopkins CMA,20,Laang
141237,-38.34616915,142.7863736,GLOBAL POSIT,54,Southern Rural Water,Glenelg Hopkins CMA,58,Laang
68351,-38.03032724,145.7673499,GPS - SKM VA,55,Southern Rural Water,Melbourne Water CMA,48.46,Labertouche
145258,-38.05958592,145.8022427,GPS - SKM VA,55,Southern Rural Water,Melbourne Water CMA,30,Labertouche
73832,-36.39997561,146.2936543,GPS - SKM VA,55,Goulburn-Murray Water,North East CMA,134.42,Laceby
73833,-36.44337895,146.2906041,GLOBAL POSIT,55,Goulburn-Murray Water,North East CMA,113.39,Laceby
WRK956702,-36.78791144,144.7213761,NOT KNOWN,55,,Goulburn Broken CMA,10,Ladys Pass
73993,-36.87204535,142.3455071,TRANSLATION,54,Grampians Wimmera Mallee Water,(Not set),16,Laharum
112222,-36.92608967,142.2425424,GLOBAL POSIT,54,Grampians Wimmera Mallee Water,Wimmera CMA,30,Laharum
112223,-36.98029754,142.3049507,TRANSLATION,54,Grampians Wimmera Mallee Water,Wimmera CMA,21,Laharum
8003093,-36.88470888,142.3220845,GLOBAL POSIT,54,Grampians Wimmera Mallee Water,Mallee CMA,60,Laharum
8003563,-36.86881224,142.315068,GLOBAL POSIT,54,Grampians Wimmera Mallee Water,Wimmera CMA,100,Laharum
8003565,-36.88489707,142.3341989,GLOBAL POSIT,54,Grampians Wimmera Mallee Water,Wimmera CMA,99,Laharum
8003566,-36.88068411,142.3397931,GLOBAL POSIT,54,Grampians Wimmera Mallee Water,Wimmera CMA,105,Laharum
8003567,-36.88625941,142.3432884,GLOBAL POSIT,54,Grampians Wimmera Mallee Water,Wimmera CMA,45,Laharum
8003568,-36.89037714,142.3237579,GLOBAL POSIT,54,Grampians Wimmera Mallee Water,Wimmera CMA,98,Laharum
8003569,-36.89505412,142.3397895,GLOBAL POSIT,54,Grampians Wimmera Mallee Water,Wimmera CMA,103,Laharum
8003616,-36.89099188,142.3254563,NOT KNOWN,54,Goulburn-Murray Water,Mallee CMA,87,Laharum
8003901,-36.87640551,142.3186539,GLOBAL POSIT,54,Goulburn-Murray Water,Mallee CMA,83,Laharum
WRK075008,-36.9270702,142.3270353,GLOBAL POSIT,54,Grampians Wimmera Mallee Water,(Not set),61.5,Laharum
50305,-35.46745438,143.6675356,GPS - SKM VA,54,Goulburn-Murray Water,North Central CMA,77.5,Lake Boga
50306,-35.46742187,143.6675506,GPS - SKM VA,54,Goulburn-Murray Water,North Central CMA,15.5,Lake Boga
50307,-35.46750797,143.6674927,GPS - SKM VA,54,Goulburn-Murray Water,North Central CMA,217.62,Lake Boga
50308,-35.46751631,143.6674375,GPS - SKM VA,54,Goulburn-Murray Water,North Central CMA,135.35,Lake Boga
50311,-35.45694403,143.6899545,GLOBAL POSIT,54,Goulburn-Murray Water,North Central CMA,40,Lake Boga
50312,-35.45700683,143.6899676,GPS - SKM VA,54,Goulburn-Murray Water,North Central CMA,24,Lake Boga
50313,-35.45697105,143.6899554,GPS - SKM VA,54,Goulburn-Murray Water,North Central CMA,7,Lake Boga
50318,-35.41854039,143.7159307,GLOBAL POSIT,54,Goulburn-Murray Water,North Central CMA,54.5,Lake Boga
50319,-35.41853167,143.7159297,GLOBAL POSIT,54,Goulburn-Murray Water,North Central CMA,21,Lake Boga
50320,-35.4185778,143.7159306,GLOBAL POSIT,54,Goulburn-Murray Water,North Central CMA,7.5,Lake Boga
50325,-35.44772449,143.6634997,GLOBAL POSIT,54,Goulburn-Murray Water,North Central CMA,98,Lake Boga
50326,-35.44771175,143.6634971,GLOBAL POSIT,54,Goulburn-Murray Water,North Central CMA,40,Lake Boga
50327,-35.44769797,143.6634967,GLOBAL POSIT,54,Goulburn-Murray Water,North Central CMA,11,Lake Boga
50328,-35.44948411,143.6681255,GPS - SKM VA,54,Goulburn-Murray Water,North Central CMA,35,Lake Boga
50329,-35.44948916,143.6681213,GPS - SKM VA,54,Goulburn-Murray Water,North Central CMA,19,Lake Boga
50332,-35.41122731,143.6759292,GPS - SKM VA,54,Goulburn-Murray Water,North Central CMA,75,Lake Boga
50333,-35.41120773,143.6759343,GPS - SKM VA,54,Goulburn-Murray Water,North Central CMA,23.5,Lake Boga
50334,-35.44993738,143.670868,GPS - SKM VA,54,Goulburn-Murray Water,North Central CMA,30,Lake Boga
50335,-35.44996787,143.6708749,GPS - SKM VA,54,Goulburn-Murray Water,North Central CMA,8,Lake Boga
73480,-35.43581786,143.6342815,GPS - SKM VA,54,Goulburn-Murray Water,North Central CMA,40,Lake Boga
73481,-35.43582556,143.6342754,GPS - SKM VA,54,Goulburn-Murray Water,North Central CMA,17,Lake Boga
73482,-35.44627041,143.6278013,GPS - SKM VA,54,Goulburn-Murray Water,North Central CMA,40,Lake Boga
73483,-35.44627168,143.6278052,GPS - SKM VA,54,Goulburn-Murray Water,North Central CMA,32,Lake Boga
73484,-35.45722019,143.6050228,GPS - SKM VA,54,Grampians Wimmera Mallee Water,North Central CMA,40,Lake Boga
73485,-35.45718845,143.6050108,GPS - SKM VA,54,Grampians Wimmera Mallee Water,North Central CMA,16,Lake Boga
73487,-35.45393586,143.6207254,GPS - SKM VA,54,Goulburn-Murray Water,North Central CMA,44,Lake Boga
73488,-35.46628619,143.6099955,GPS - SKM VA,54,Goulburn-Murray Water,North Central CMA,40,Lake Boga
73489,-35.46628557,143.6099951,GPS - SKM VA,54,Goulburn-Murray Water,North Central CMA,29,Lake Boga
73490,-35.46629477,143.6099949,GPS - SKM VA,54,Goulburn-Murray Water,North Central CMA,8,Lake Boga
78528,-37.59088303,142.8557773,GLOBAL POSIT,54,Southern Rural Water,Glenelg Hopkins CMA,152,Lake Bolac
78529,-37.59086825,142.8557027,GLOBAL POSIT,54,Southern Rural Water,Glenelg Hopkins CMA,48,Lake Bolac
110736,-37.73772304,142.9293289,GLOBAL POSIT,54,Southern Rural Water,Glenelg Hopkins CMA,111,Lake Bolac
116775,-37.78884568,142.8059921,TRANSLATION,54,Southern Rural Water,(Not set),56,Lake Bolac
116777,-37.78300499,142.7751914,TRANSLATION,54,Southern Rural Water,(Not set),54,Lake Bolac
117418,-37.74300923,142.8137064,Not known,54,,(Not set),16,Lake Bolac
117419,-37.74297215,142.8137736,Not known,54,,(Not set),5,Lake Bolac
117420,-37.73904743,142.7904932,Not known,54,,(Not set),15,Lake Bolac
117421,-37.73903894,142.7904589,Not known,54,,(Not set),7,Lake Bolac
117422,-37.73683776,142.7745187,Not known,54,,(Not set),12,Lake Bolac
117424,-37.7532838,142.7883051,Not known,54,,(Not set),16,Lake Bolac
117425,-37.75261508,142.7884253,Not known,54,,(Not set),6,Lake Bolac
117426,-37.77029907,142.785309,Not known,54,,(Not set),17,Lake Bolac
117427,-37.77030826,142.7852979,Not known,54,,(Not set),6,Lake Bolac
117428,-37.78737689,142.794214,Not known,54,,(Not set),16,Lake Bolac
117429,-37.78739456,142.7942372,Not known,54,,(Not set),7,Lake Bolac
117434,-37.79848958,142.7709389,Not known,54,,(Not set),5,Lake Bolac
117435,-37.79848992,142.7709162,Not known,54,,(Not set),16,Lake Bolac
WRK956122,-37.70625848,142.7802613,NOT KNOWN,54,,Glenelg Hopkins CMA,15.2,Lake Bolac
WRK956123,-37.70625848,142.7802613,NOT KNOWN,54,,Glenelg Hopkins CMA,6,Lake Bolac
6050,-35.61764851,143.797615,TRANSLATION,54,,(Not set),5.5,Lake Charm
6056,-35.61338585,143.7644304,TRANSLATION,54,,(Not set),5.5,Lake Charm
6165,-35.61635773,143.7766753,TRANSLATION,54,,(Not set),12,Lake Charm
6169,-35.61499794,143.7570246,TRANSLATION,54,,(Not set),18,Lake Charm
26871,-35.6653168,143.7930379,TRANSLATION,54,,(Not set),9.67,Lake Charm
26873,-35.6646329,143.783626,TRANSLATION,54,,(Not set),11.78,Lake Charm
26896,-35.59798376,143.8585619,TRANSLATION,54,,(Not set),5.19,Lake Charm
26915,-35.57839919,143.8098732,TRANSLATION,54,,(Not set),10.5,Lake Charm
26919,-35.57868132,143.7977474,TRANSLATION,54,,(Not set),8.51,Lake Charm
26922,-35.62684674,143.7806584,TRANSLATION,54,,(Not set),6.5,Lake Charm
26924,-35.63899458,143.8009533,TRANSLATION,54,,(Not set),10.36,Lake Charm
46917,-35.65862844,143.770422,GPS - SKM VA,54,Grampians Wimmera Mallee Water,North Central CMA,250,Lake Charm
46918,-35.65860981,143.7705316,GPS - SKM VA,54,Grampians Wimmera Mallee Water,North Central CMA,125.63,Lake Charm
49573,-35.55040651,143.8120962,GLOBAL POSIT,54,Goulburn-Murray Water,North Central CMA,82,Lake Charm
58521,-35.58748171,143.8193604,GPS - SKM VA,54,Goulburn-Murray Water,North Central CMA,64,Lake Charm
58522,-35.58746818,143.8193441,GPS - SKM VA,54,Goulburn-Murray Water,North Central CMA,20,Lake Charm
58523,-35.65855645,143.7708144,GPS - SKM VA,54,Goulburn-Murray Water,North Central CMA,82,Lake Charm
58524,-35.65854661,143.7708394,GPS - SKM VA,54,Goulburn-Murray Water,North Central CMA,19,Lake Charm
58525,-35.65852826,143.770912,GPS - SKM VA,54,Goulburn-Murray Water,North Central CMA,10,Lake Charm
58526,-35.58757578,143.8193311,GPS - SKM VA,54,Goulburn-Murray Water,North Central CMA,257.6,Lake Charm
58568,-35.63203437,143.8611827,GPS - SKM VA,54,Goulburn-Murray Water,North Central CMA,34,Lake Charm
58569,-35.63203342,143.8611905,GPS - SKM VA,54,Goulburn-Murray Water,North Central CMA,17.5,Lake Charm
58576,-35.6284141,143.8383498,GPS - SKM VA,54,Goulburn-Murray Water,North Central CMA,36,Lake Charm
58577,-35.62840182,143.8383763,GPS - SKM VA,54,Goulburn-Murray Water,North Central CMA,11,Lake Charm
58580,-35.60923412,143.85894,GPS - SKM VA,54,Goulburn-Murray Water,North Central CMA,30,Lake Charm
58581,-35.60922953,143.8589433,GPS - SKM VA,54,Goulburn-Murray Water,North Central CMA,16,Lake Charm
113327,-35.53017816,143.7905477,TRANSLATION,54,,(Not set),25,Lake Charm
113330,-35.53017816,143.7905477,TRANSLATION,54,,(Not set),18,Lake Charm
119372,-35.57344888,143.8365078,TRANSLATION,54,,(Not set),8.5,Lake Charm
WRK956680,-35.65300325,143.781527,NOT KNOWN,54,,North Central CMA,15.87,Lake Charm
WRK956681,-35.64125931,143.7603839,NOT KNOWN,54,,North Central CMA,10.04,Lake Charm
WRK956682,-35.64029228,143.7608917,NOT KNOWN,54,,North Central CMA,12.56,Lake Charm
WRK956683,-35.64029228,143.7608917,NOT KNOWN,54,,North Central CMA,5.54,Lake Charm
WRK956685,-35.64051182,143.7603582,NOT KNOWN,54,,North Central CMA,9.6,Lake Charm
WRK956686,-35.64051182,143.7603582,NOT KNOWN,54,,North Central CMA,6.39,Lake Charm
WRK956688,-35.63976664,143.7590518,NOT KNOWN,54,,North Central CMA,6.8,Lake Charm
WRK956689,-35.63906565,143.7522705,NOT KNOWN,54,,North Central CMA,6.64,Lake Charm
WRK956690,-35.63906565,143.7522705,NOT KNOWN,54,,North Central CMA,12.16,Lake Charm
95032,-36.1235061,143.5006863,GPS - SKM VA,54,Grampians Wimmera Mallee Water,North Central CMA,140,Lake Marmal
95033,-36.12352151,143.5005053,GPS - SKM VA,54,Grampians Wimmera Mallee Water,North Central CMA,62,Lake Marmal
6581,-35.90585417,143.778209,TRANSLATION,54,,(Not set),19.25,Lake Meran
77855,-35.87508718,143.7903629,GPS - SKM VA,54,Goulburn-Murray Water,North Central CMA,112,Lake Meran
WRK957840,-35.85204685,143.8154574,NOT KNOWN,54,,North Central CMA,14.5,Lake Meran
WRK957841,-35.85201957,143.8154675,NOT KNOWN,54,,North Central CMA,7,Lake Meran
WRK957845,-35.85252825,143.8018133,NOT KNOWN,54,,North Central CMA,8.5,Lake Meran
WRK957846,-35.851245,143.8058199,NOT KNOWN,54,,North Central CMA,8.5,Lake Meran
WRK957847,-35.85600941,143.8075046,NOT KNOWN,54,,North Central CMA,7,Lake Meran
54274,-37.45045064,141.0970131,GPS - SKM VA,54,Southern Rural Water,Glenelg Hopkins CMA,23,Lake Mundi
83446,-37.54162978,141.074376,GPS - SKM VA,54,Southern Rural Water,Glenelg Hopkins CMA,252,Lake Mundi
83447,-37.54162069,141.0744382,GPS - SKM VA,54,Southern Rural Water,Glenelg Hopkins CMA,24,Lake Mundi
113475,-37.44750958,141.0111134,GLOBAL POSIT,54,Southern Rural Water,Glenelg Hopkins CMA,5,Lake Mundi
WRK961327,-37.52836194,140.985253,GPS - SKM VA,54,Southern Rural Water,Glenelg Hopkins CMA,18,Lake Mundi
WRK119822,-34.67840564,142.8960154,Not known,54,,(Not set),,Lake Powell
WRK119823,-34.66186543,142.9124646,Not known,54,,(Not set),,Lake Powell
WRK119824,-34.68533585,142.9209722,Not known,54,,(Not set),13.97,Lake Powell
WRK119825,-34.70690411,142.9134135,Not known,54,,(Not set),,Lake Powell
WRK119826,-34.70277882,142.9433408,Not known,54,,(Not set),,Lake Powell
WRK119827,-34.7155573,142.9717775,Not known,54,,(Not set),,Lake Powell
WRK119828,-34.70393738,142.9976811,Not known,54,,(Not set),,Lake Powell
WRK119829,-34.70299818,142.9656845,Not known,54,,,,Lake Powell
WRK119830,-34.70299818,142.9656845,Not known,54,,,,Lake Powell
WRK119831,-34.72964069,142.9668027,Not known,54,,,,Lake Powell
WRK119832,-34.70361465,142.9657365,Not known,54,,,,Lake Powell
69509,-36.28570768,145.9624647,GPS - SKM VA,55,Goulburn-Murray Water,Goulburn Broken CMA,92,Lake Rowan
69510,-36.28570735,145.9624378,GPS - SKM VA,55,Goulburn-Murray Water,Goulburn Broken CMA,25,Lake Rowan
118874,-36.2966851,146.0044943,TRANSLATION,55,,(Not set),15.5,Lake Rowan
118875,-36.28586805,146.0046321,TRANSLATION,55,,(Not set),17.5,Lake Rowan
118877,-36.24064802,145.9873996,TRANSLATION,55,,(Not set),4,Lake Rowan
118878,-36.24065701,145.9885126,TRANSLATION,55,,(Not set),8.5,Lake Rowan
118888,-36.24061007,145.9829487,TRANSLATION,55,,(Not set),10,Lake Rowan
92807,-35.6764514,143.5257367,GPS - SKM VA,54,Grampians Wimmera Mallee Water,North Central CMA,134.7,Lalbert
81186,-36.29909,145.14983,GPS - SKM VA,55,Goulburn-Murray Water,Goulburn Broken CMA,25,Lancaster
109627,-36.29909559,145.1497949,GPS - SKM VA,55,Goulburn-Murray Water,Goulburn Broken CMA,80,Lancaster
WRK007037,-36.30039001,145.17364,G-MW <30M VA,55,Goulburn-Murray Water,(Not set),7.5,Lancaster
WRK009009,-36.29127039,145.1408087,G-MW <30M VA,55,Goulburn-Murray Water,(Not set),13.5,Lancaster
144974,-37.28568567,144.757685,GLOBAL POSIT,55,Southern Rural Water,Melbourne Water CMA,20,Lancefield
144975,-37.28570171,144.7577233,GLOBAL POSIT,55,Southern Rural Water,Melbourne Water CMA,48.5,Lancefield
144976,-37.279785,144.7447565,GLOBAL POSIT,55,Southern Rural Water,Melbourne Water CMA,18,Lancefield
144977,-37.2793639,144.705006,GLOBAL POSIT,55,Southern Rural Water,Melbourne Water CMA,49,Lancefield
144979,-37.3094794,144.7130393,GLOBAL POSIT,55,Southern Rural Water,Melbourne Water CMA,28,Lancefield
144980,-37.27740337,144.7681119,GLOBAL POSIT,55,Southern Rural Water,Melbourne Water CMA,13,Lancefield
144981,-37.29178749,144.7256097,GLOBAL POSIT,55,Southern Rural Water,Melbourne Water CMA,51.3,Lancefield
144982,-37.29178738,144.7255804,GLOBAL POSIT,55,Southern Rural Water,Melbourne Water CMA,30,Lancefield
74306,-38.33896454,145.5638884,GPS - SKM VA,55,Southern Rural Water,Melbourne Water CMA,244,Lang Lang
145259,-38.28889841,145.6190048,GLOBAL POSIT,55,Southern Rural Water,Melbourne Water CMA,45,Lang Lang
145260,-38.28889304,145.6189846,GLOBAL POSIT,55,Southern Rural Water,Melbourne Water CMA,186,Lang Lang
74608,-38.25807429,145.6574213,GLOBAL POSIT,55,Southern Rural Water,Melbourne Water CMA,184.5,Lang Lang East
74609,-38.25759661,145.6575037,GLOBAL POSIT,55,Southern Rural Water,Melbourne Water CMA,39,Lang Lang East
110735,-38.25806327,145.6574345,GLOBAL POSIT,55,Southern Rural Water,Melbourne Water CMA,46,Lang Lang East
116786,-37.32942515,143.4890083,TRANSLATION,54,Goulburn-Murray Water,(Not set),100,Langi Kal Kal
76898,-37.16703314,141.0756598,GPS - SKM VA,54,Southern Rural Water,Wimmera CMA,71,Langkoop
77850,-37.08628012,141.0374451,GPS - SKM VA,54,Southern Rural Water,Wimmera CMA,63,Langkoop
105672,-37.07584572,141.004032,GPS - SKM VA,54,Grampians Wimmera Mallee Water,Wimmera CMA,21,Langkoop
111321,-37.05363541,141.0594398,GLOBAL POSIT,54,Grampians Wimmera Mallee Water,Wimmera CMA,17,Langkoop
140491,-37.05894374,141.0473037,GLOBAL POSIT,54,Grampians Wimmera Mallee Water,Wimmera CMA,33,Langkoop
WRK950423,-37.07016802,141.004817,NOT KNOWN,54,Grampians Wimmera Mallee Water,Wimmera CMA,70,Langkoop
WRK950424,-37.07015388,141.004747,CALCULATED M,54,Grampians Wimmera Mallee Water,Wimmera CMA,40,Langkoop
88125,-38.3907058,143.5301055,GLOBAL POSIT,54,Southern Rural Water,Corangamite CMA,183.5,Larpent
117656,-38.37384903,143.5289727,TRANSLATION,54,Southern Rural Water,(Not set),18,Larpent
WRK955924,-38.37376727,143.5304608,NOT KNOWN,54,,Corangamite CMA,5,Larpent
WRK955925,-38.3719295,143.5321136,NOT KNOWN,54,,Corangamite CMA,18,Larpent
62900,-38.03655229,143.2852572,GLOBAL POSIT,54,Southern Rural Water,Corangamite CMA,21,Larralea
92708,-38.07526798,143.2376227,GLOBAL POSIT,54,Southern Rural Water,Corangamite CMA,20,Larralea
92710,-38.08006686,143.2815392,GLOBAL POSIT,54,Southern Rural Water,Corangamite CMA,21,Larralea
55292,-35.64605792,142.5286773,GPS - SKM VA,54,Grampians Wimmera Mallee Water,Mallee CMA,36,Lascelles
8002858,-35.56209281,142.6700705,GLOBAL POSIT,54,Grampians Wimmera Mallee Water,Mallee CMA,34,Lascelles
8004257,-36.42492458,141.4628861,NOT KNOWN,54,Grampians Wimmera Mallee Water,Wimmera CMA,110,Lawloit
SP068055,-37.321591,143.905356,GLOBAL POSIT,54,Goulburn-Murray Water,North Central CMA,88,Lawrence
WRK952877,-37.321591,143.905356,TRANSLATION,54,Goulburn-Murray Water,North Central CMA,119,Lawrence
36299,-36.00585925,143.8183201,TRANSLATION,54,,(Not set),7.77,Leaghur
75850,-35.99183076,143.8428527,GPS - SKM VA,54,Goulburn-Murray Water,North Central CMA,138.5,Leaghur
SP068244,-37.423109,143.741136,GLOBAL POSIT,54,Southern Rural Water,Glenelg Hopkins CMA,114,Learmonth
SP068245,-37.423104,143.741085,GLOBAL POSIT,54,Southern Rural Water,Glenelg Hopkins CMA,50,Learmonth
SP116768,-37.42136118,143.7214488,Not known,54,,,,Learmonth
SP123242,-37.42132984,143.7212443,Not known,54,,,,Learmonth
WRK067703,-37.42136131,143.7214488,NOT KNOWN,54,,(Not set),,Learmonth
WRK081541,-37.4215,143.7214,NOT KNOWN,54,Goulburn-Murray Water,(Not set),138,Learmonth
6262,-35.90933934,144.3184405,TRANSLATION,55,,(Not set),3.68,Leitchville
36012,-35.93712241,144.2321651,TRANSLATION,55,,(Not set),15,Leitchville
36085,-35.85107672,144.3491891,TRANSLATION,55,,(Not set),25,Leitchville
36086,-35.85107672,144.3491891,TRANSLATION,55,,(Not set),10.03,Leitchville
36087,-35.84092344,144.3711126,TRANSLATION,55,,(Not set),25,Leitchville
36165,-35.84712961,144.3581769,TRANSLATION,55,,(Not set),25,Leitchville
36166,-35.84712961,144.3581769,TRANSLATION,55,,(Not set),6.87,Leitchville
36167,-35.88239228,144.4046298,TRANSLATION,55,,(Not set),25,Leitchville
36168,-35.88239228,144.4046298,TRANSLATION,55,,(Not set),10.97,Leitchville
66514,-35.9336233,144.3349073,GPS - SKM VA,55,Goulburn-Murray Water,North Central CMA,178,Leitchville
66515,-35.93367139,144.334954,GPS - SKM VA,55,Goulburn-Murray Water,North Central CMA,17.5,Leitchville
109654,-36.34754588,145.4616503,GPS - SKM VA,55,Goulburn-Murray Water,Goulburn Broken CMA,106.07,Lemnos
109655,-36.34754588,145.4616503,GPS - SKM VA,55,Goulburn-Murray Water,Goulburn Broken CMA,106.07,Lemnos
109656,-36.34754588,145.4616503,GPS - SKM VA,55,Goulburn-Murray Water,Goulburn Broken CMA,106.07,Lemnos
75563,-38.4575316,145.9491239,GPS - SKM VA,55,Southern Rural Water,West Gippsland CMA,36,Leongatha
75565,-38.46933125,145.9234382,GPS - SKM VA,55,Southern Rural Water,West Gippsland CMA,93,Leongatha
WRK957590,-38.47447641,145.9444658,NOT KNOWN,55,,West Gippsland CMA,3.2,Leongatha
61429,-38.58372345,145.8535826,GPS - SKM VA,55,Southern Rural Water,West Gippsland CMA,75,Leongatha South
61430,-38.59072384,145.8779866,GPS - SKM VA,55,Southern Rural Water,West Gippsland CMA,65,Leongatha South
75399,-38.56988607,145.8796755,GLOBAL POSIT,55,Southern Rural Water,West Gippsland CMA,56,Leongatha South
75400,-38.54857723,145.8818738,GLOBAL POSIT,55,Southern Rural Water,West Gippsland CMA,75,Leongatha South
75401,-38.52786415,145.9000495,GPS - SKM VA,55,Southern Rural Water,West Gippsland CMA,80,Leongatha South
75403,-38.52337996,145.9331035,GLOBAL POSIT,55,Southern Rural Water,West Gippsland CMA,90,Leongatha South
75404,-38.50382697,145.8512732,GLOBAL POSIT,55,Southern Rural Water,West Gippsland CMA,90,Leongatha South
75405,-38.53644802,145.8334837,GLOBAL POSIT,55,Southern Rural Water,West Gippsland CMA,51,Leongatha South
75566,-38.52799064,145.8596335,GPS - SKM VA,55,Southern Rural Water,West Gippsland CMA,47,Leongatha South
56883,-38.09364599,143.3748562,GLOBAL POSIT,54,Southern Rural Water,Corangamite CMA,27,Leslie Manor
56884,-38.129231,143.3011398,GLOBAL POSIT,54,Southern Rural Water,Corangamite CMA,46,Leslie Manor
56885,-38.07140159,143.3331176,GLOBAL POSIT,54,Southern Rural Water,Corangamite CMA,22,Leslie Manor
56886,-38.12570842,143.3682963,GLOBAL POSIT,54,Southern Rural Water,Corangamite CMA,22,Leslie Manor
110986,-38.14119196,143.403178,GLOBAL POSIT,54,Southern Rural Water,Corangamite CMA,27,Leslie Manor
116790,-37.30195576,143.5095355,TRANSLATION,54,Goulburn-Murray Water,(Not set),69,Lexton
116791,-37.24496313,143.4795368,Not known,54,Grampians Wimmera Mallee Water,(Not set),20,Lexton
117486,-37.25073458,143.4806392,Not known,54,,,20,Lexton
117794,-37.25825775,143.4877911,TRANSLATION,54,,(Not set),18.2,Lexton
117795,-37.25825775,143.4877911,TRANSLATION,54,,(Not set),6,Lexton
117796,-37.29555667,143.5138353,TRANSLATION,54,,(Not set),20,Lexton
117797,-37.29555667,143.5138353,TRANSLATION,54,,(Not set),7,Lexton
117864,-37.30994422,143.4725702,TRANSLATION,54,,(Not set),17.3,Lexton
117865,-37.30994422,143.4725702,TRANSLATION,54,,(Not set),15.2,Lexton
117866,-37.30994422,143.4725702,TRANSLATION,54,,(Not set),3.3,Lexton
117867,-37.21794317,143.5191429,TRANSLATION,54,,(Not set),19.2,Lexton
117868,-37.21794317,143.5191429,TRANSLATION,54,,(Not set),16.7,Lexton
117869,-37.21794317,143.5191429,TRANSLATION,54,,(Not set),4,Lexton
117944,-37.23688292,143.4810979,Not known,54,,(Not set),20,Lexton
WRK956214,-37.25101722,143.4830609,NOT KNOWN,54,,North Central CMA,18,Lexton
WRK956215,-37.25101746,143.4830496,NOT KNOWN,54,,North Central CMA,4.25,Lexton
WRK956293,-37.21582602,143.4964962,NOT KNOWN,54,,North Central CMA,11.54,Lexton
WRK956294,-37.21564008,143.4933463,NOT KNOWN,54,,North Central CMA,10.25,Lexton
WRK957939,-37.20836141,143.5157869,NOT KNOWN,54,,North Central CMA,17.5,Lexton
WRK957940,-37.28303882,143.4860734,NOT KNOWN,54,,North Central CMA,17.5,Lexton
WRK957941,-37.31300442,143.5339731,NOT KNOWN,54,,North Central CMA,38,Lexton
WRK957942,-37.26598697,143.5265664,NOT KNOWN,54,,North Central CMA,22,Lexton
75651,-36.44015582,141.0745867,GPS - SKM VA,54,Grampians Wimmera Mallee Water,Wimmera CMA,142,Lillimur
75669,-36.44005806,141.0750689,GPS - SKM VA,54,Grampians Wimmera Mallee Water,Wimmera CMA,240.3,Lillimur
140675,-36.30581049,141.0917646,GLOBAL POSIT,54,Grampians Wimmera Mallee Water,Wimmera CMA,60,Lillimur
8003879,-36.36306926,141.1364021,GLOBAL POSIT,54,Grampians Wimmera Mallee Water,Wimmera CMA,54,Lillimur
8004487,-36.36326985,141.1263365,Not known,54,Grampians Wimmera Mallee Water,(Not set),87,Lillimur
WRK115999,-36.44005809,141.0750688,Not known,54,Grampians Wimmera Mallee Water,Wimmera CMA,,Lillimur
75678,-36.12789277,146.467892,GPS - SKM VA,55,Goulburn-Murray Water,North East CMA,95,Lilliput
56528,-37.80868287,147.4944896,GPS - SKM VA,55,Southern Rural Water,East Gippsland CMA,9.14,Lindenow
56529,-37.80347667,147.4953364,GPS - SKM VA,55,Southern Rural Water,East Gippsland CMA,12.19,Lindenow
56531,-37.79574166,147.4592146,GPS - SKM VA,55,Southern Rural Water,East Gippsland CMA,9.14,Lindenow
56532,-37.79002396,147.4603542,GPS - SKM VA,55,Southern Rural Water,East Gippsland CMA,6.09,Lindenow
56744,-37.79223888,147.4787545,GPS - SKM VA,55,Southern Rural Water,East Gippsland CMA,12,Lindenow
110165,-37.80327762,147.482732,GPS - SKM VA,55,Southern Rural Water,East Gippsland CMA,13,Lindenow
56545,-37.92299238,147.4042923,GLOBAL POSIT,55,Southern Rural Water,East Gippsland CMA,130,Lindenow South
83459,-37.61406099,141.0255848,GLOBAL POSIT,54,Southern Rural Water,Glenelg Hopkins CMA,7.2,Lindsay
97046,-37.59289104,141.1529896,GLOBAL POSIT,54,Southern Rural Water,Glenelg Hopkins CMA,10.97,Lindsay
WRK961328,-37.59192846,141.1345817,GPS - SKM VA,54,Southern Rural Water,Glenelg Hopkins CMA,22,Lindsay
7936,-34.03847884,140.9850613,TRANSLATION,54,,(Not set),25.5,Lindsay Point
7941,-34.05519401,140.9872298,TRANSLATION,54,,(Not set),25.6,Lindsay Point
7942,-34.11276147,140.9900231,TRANSLATION,54,,(Not set),55,Lindsay Point
27108,-34.10700736,141.0620284,TRANSLATION,54,,(Not set),10.2,Lindsay Point
27139,-34.1126337,141.0995205,TRANSLATION,54,,(Not set),10,Lindsay Point
27172,-34.10204428,141.0679883,TRANSLATION,54,,(Not set),25,Lindsay Point
27174,-34.12971406,141.0697735,TRANSLATION,54,,(Not set),10,Lindsay Point
86774,-34.12304812,140.9762191,GPS - SKM VA,54,Lower Murray Water,Mallee CMA,638.07,Lindsay Point
86775,-34.12275007,140.9766484,GPS - SKM VA,54,Lower Murray Water,Mallee CMA,150,Lindsay Point
86776,-34.12248086,140.9770115,GPS - SKM VA,54,Lower Murray Water,Mallee CMA,78,Lindsay Point
119369,-34.10028384,141.0209519,GPS - SKM VA,54,Lower Murray Water,Mallee CMA,14,Lindsay Point
119370,-34.09026215,141.0105947,GPS - SKM VA,54,Lower Murray Water,Mallee CMA,14.5,Lindsay Point
121826,-34.12241318,141.0455409,GPS - SKM VA,54,Lower Murray Water,Mallee CMA,11.18,Lindsay Point
77101,-35.11626153,141.7294441,GLOBAL POSIT,54,Grampians Wimmera Mallee Water,Mallee CMA,4.57,Linga
8002865,-35.2643631,141.6827218,GLOBAL POSIT,54,Grampians Wimmera Mallee Water,Mallee CMA,36,Linga
8002878,-35.12531358,141.6256763,GLOBAL POSIT,54,Grampians Wimmera Mallee Water,Mallee CMA,27,Linga
26213,-34.78612036,142.6275297,TRANSLATION,54,,(Not set),25.55,Liparoo
26214,-34.7897731,142.6274392,TRANSLATION,54,,(Not set),25.5,Liparoo
26215,-34.79446367,142.6273987,TRANSLATION,54,,(Not set),25.48,Liparoo
26217,-34.82902224,142.6338154,TRANSLATION,54,,(Not set),25,Liparoo
26244,-34.79458079,142.5688747,TRANSLATION,54,,(Not set),33.63,Liparoo
26264,-34.78537019,142.6274728,TRANSLATION,54,,(Not set),10.5,Liparoo
75795,-34.7909495,142.5863494,GPS - SKM VA,54,Lower Murray Water,Mallee CMA,281.02,Liparoo
75796,-34.79104581,142.5859902,GPS - SKM VA,54,Lower Murray Water,Mallee CMA,90,Liparoo
75804,-37.98423084,143.3436736,GLOBAL POSIT,54,Southern Rural Water,Corangamite CMA,27,Lismore
92659,-38.01406027,143.350202,GLOBAL POSIT,54,Southern Rural Water,Corangamite CMA,15,Lismore
92660,-38.00995974,143.3123302,GLOBAL POSIT,54,Southern Rural Water,Corangamite CMA,22,Lismore
92661,-37.99374709,143.427758,GLOBAL POSIT,54,Southern Rural Water,Corangamite CMA,20,Lismore
116795,-37.91287311,143.3595516,TRANSLATION,54,Southern Rural Water,(Not set),8,Lismore
117681,-37.95238505,143.2982242,TRANSLATION,54,Southern Rural Water,(Not set),18,Lismore
117685,-37.95242908,143.2959492,TRANSLATION,54,Southern Rural Water,(Not set),5,Lismore
117696,-37.95808389,143.315473,TRANSLATION,54,,(Not set),4.4,Lismore
117702,-37.92652927,143.3525929,TRANSLATION,54,,(Not set),17,Lismore
WRK017602,-37.370013,144.280717,GLOBAL POSIT,55,Goulburn-Murray Water,North Central CMA,73,Little Hampton
WRK017603,-37.37000298,144.2807363,NOT KNOWN,55,Goulburn-Murray Water,North Central CMA,12,Little Hampton
92176,-37.91476888,147.048565,GLOBAL POSIT,55,Southern Rural Water,West Gippsland CMA,146,Llowalong
92296,-37.91527582,147.0490726,TRANSLATION,55,,(Not set),33,Llowalong
92297,-37.91527582,147.0490726,TRANSLATION,55,,(Not set),15,Llowalong
60226,-36.31168382,144.5530177,TRANSLATION,55,,(Not set),15.24,Lockington
WRK006531,-36.30588218,144.5067947,G-MW <30M VA,55,Goulburn-Murray Water,(Not set),8,Lockington
WRK006582,-36.29275003,144.55847,G-MW <100M V,55,Goulburn-Murray Water,(Not set),6.3,Lockington
WRK007020,-36.26516002,144.54533,G-MW <100M V,55,Goulburn-Murray Water,(Not set),6,Lockington
WRK008445,-36.24031003,144.5506,G-MW <30M VA,55,Goulburn-Murray Water,(Not set),7.5,Lockington
WRK008500,-36.25292003,144.46693,G-MW DESKTOP,55,Goulburn-Murray Water,(Not set),3,Lockington
WRK010589,-36.29940492,144.5083958,G-MW DESKTOP,55,Goulburn-Murray Water,(Not set),,Lockington
WRK059873,-36.2566116,144.496502,NOT KNOWN,55,Goulburn-Murray Water,North Central CMA,90,Lockington
WRK059876,-36.2566131,144.496534,NOT KNOWN,55,Goulburn-Murray Water,North Central CMA,148,Lockington
WRK059877,-36.2566123,144.4965187,NOT KNOWN,55,Goulburn-Murray Water,North Central CMA,40,Lockington
WRK011344,-36.78888016,144.1380684,G-MW DESKTOP,55,Goulburn-Murray Water,North Central CMA,85,Lockwood
WRK956696,-36.82445313,144.1979911,NOT KNOWN,55,,North Central CMA,14.4,Lockwood
WRK957893,-36.8499413,144.1481488,NOT KNOWN,55,,North Central CMA,13,Lockwood South
WRK958136,-36.88381419,144.1439719,NOT KNOWN,55,,North Central CMA,19,Lockwood South
109570,-36.62363198,143.4664256,GPS - SKM VA,54,Grampians Wimmera Mallee Water,North Central CMA,42.25,Logan
118168,-36.66949573,143.5228279,TRANSLATION,54,,(Not set),6,Logan
118169,-36.66950687,143.5227276,TRANSLATION,54,,(Not set),11,Logan
118171,-36.6867888,143.533934,TRANSLATION,54,,(Not set),19,Logan
118172,-36.68680562,143.5339905,TRANSLATION,54,,(Not set),10,Logan
118175,-36.68247606,143.5261765,TRANSLATION,54,,(Not set),9999,Logan
118176,-36.68247606,143.5261765,TRANSLATION,54,,(Not set),9999,Logan
118184,-36.65571954,143.5290223,TRANSLATION,54,,(Not set),19,Logan
WRK957266,-36.32201896,146.4546803,NOT KNOWN,55,,North East CMA,11.2,Londrigan
WRK957267,-36.32530127,146.4568189,NOT KNOWN,55,,North East CMA,21.45,Londrigan
WRK957268,-36.35376239,146.4547934,NOT KNOWN,55,,North East CMA,13.99,Londrigan
WRK134644,-36.74253256,144.2581154,GLOBAL POSIT,55,Goulburn-Murray Water,(Not set),32,Long Gully
WRK134645,-36.73728925,144.2609221,GLOBAL POSIT,55,Goulburn-Murray Water,(Not set),35,Long Gully
56497,-38.16530162,147.0641493,GLOBAL POSIT,55,Southern Rural Water,West Gippsland CMA,774.14,Longford
67441,-38.16690973,146.9559718,GLOBAL POSIT,55,Southern Rural Water,West Gippsland CMA,1181.11,Longford
112982,-38.15673095,147.1531032,TRANSLATION,55,,(Not set),9,Longford
112983,-38.15673095,147.1531032,TRANSLATION,55,,(Not set),5.1,Longford
112984,-38.16664803,147.1508415,TRANSLATION,55,,(Not set),12.95,Longford
127623,-38.14565699,147.1439502,TRANSLATION,55,Southern Rural Water,(Not set),15,Longford
127624,-38.14565699,147.1439502,TRANSLATION,55,Southern Rural Water,(Not set),5,Longford
61182,-38.09888361,145.7965497,GPS - SKM VA,55,Southern Rural Water,Melbourne Water CMA,133.5,Longwarry
71850,-38.10889344,145.7619254,GPS - SKM VA,55,Southern Rural Water,Melbourne Water CMA,81.99,Longwarry
WRK956988,-36.85745585,145.4778257,NOT KNOWN,55,,Goulburn Broken CMA,18.5,Longwood East
WRK956990,-36.85746515,145.477848,NOT KNOWN,55,,Goulburn Broken CMA,5.5,Longwood East
WRK956991,-36.85765858,145.4788761,NOT KNOWN,55,,Goulburn Broken CMA,18.5,Longwood East
WRK956992,-36.85762354,145.4789553,NOT KNOWN,55,,Goulburn Broken CMA,5.5,Longwood East
58449,-36.8384694,142.1181021,GPS - SKM VA,54,Grampians Wimmera Mallee Water,Wimmera CMA,107,Lower Norton
58450,-36.83849107,142.1181027,GPS - SKM VA,54,Grampians Wimmera Mallee Water,Wimmera CMA,48,Lower Norton
58451,-36.8385151,142.1181001,GPS - SKM VA,54,Grampians Wimmera Mallee Water,Wimmera CMA,22,Lower Norton
117023,-36.77574596,142.0636852,TRANSLATION,54,,(Not set),12.5,Lower Norton
117024,-36.77574596,142.0636852,TRANSLATION,54,,(Not set),8.5,Lower Norton
117028,-36.78136126,142.0402286,TRANSLATION,54,,(Not set),8.8,Lower Norton
117029,-36.78859232,142.0380848,TRANSLATION,54,,(Not set),10.6,Lower Norton
117030,-36.79761539,142.0370859,TRANSLATION,54,,(Not set),15.8,Lower Norton
117035,-36.78048028,142.0379756,TRANSLATION,54,Grampians Wimmera Mallee Water,(Not set),7,Lower Norton
WRK958420,-36.77553934,142.0633165,Not known,54,,,6,Lower Norton
WRK958421,-36.78006057,142.0392857,Not known,54,,,15,Lower Norton
WRK958422,-36.77998063,142.0401811,Not known,54,,,6,Lower Norton
105730,-37.79275292,147.6361219,GLOBAL POSIT,55,Southern Rural Water,East Gippsland CMA,138.07,Lucknow
116731,-36.6108457,146.1810578,TRANSLATION,55,Goulburn-Murray Water,(Not set),65,Lurg
118779,-36.60362668,146.1800157,TRANSLATION,55,,(Not set),9,Lurg
118780,-36.60135769,146.1778037,TRANSLATION,55,,(Not set),11,Lurg
118807,-36.61583536,146.1222967,TRANSLATION,55,,(Not set),16,Lurg
116569,-36.91433815,144.4463804,TRANSLATION,55,,(Not set),45,Lyal
116570,-36.91166112,144.4475924,TRANSLATION,55,,(Not set),78,Lyal
116571,-36.91161214,144.4453494,TRANSLATION,55,Goulburn-Murray Water,(Not set),50,Lyal
111527,-38.04325652,142.1692362,GPS - SKM VA,54,Southern Rural Water,Glenelg Hopkins CMA,8,Macarthur
111528,-38.0432407,142.1692199,GPS - SKM VA,54,Southern Rural Water,Glenelg Hopkins CMA,58,Macarthur
WRK988739,-38.06587621,142.0797835,GLOBAL POSIT,54,Southern Rural Water,Glenelg Hopkins CMA,38.2,Macarthur
WRK988740,-38.06586212,142.0796488,GLOBAL POSIT,54,Southern Rural Water,Glenelg Hopkins CMA,90.4,Macarthur
76760,-35.85004893,144.091496,GPS - SKM VA,55,Goulburn-Murray Water,North Central CMA,123.5,Macorna North
76761,-35.85004227,144.0915335,GPS - SKM VA,55,Goulburn-Murray Water,North Central CMA,80.5,Macorna North
76762,-35.85002652,144.0915678,GPS - SKM VA,55,Goulburn-Murray Water,North Central CMA,26.5,Macorna North
WRK956645,-35.85293927,144.1016041,NOT KNOWN,55,,North Central CMA,10,Macorna North
WRK956646,-35.85293927,144.1016041,NOT KNOWN,55,,North Central CMA,5,Macorna North
WRK956647,-35.86386476,144.1054355,NOT KNOWN,55,,North Central CMA,10,Macorna North
WRK956648,-35.86386476,144.1054355,NOT KNOWN,55,,North Central CMA,5,Macorna North
WRK956649,-35.87077949,144.1010426,NOT KNOWN,55,,North Central CMA,10,Macorna North
WRK956650,-35.87077949,144.1010426,NOT KNOWN,55,,North Central CMA,5,Macorna North
WRK956652,-35.87077949,144.1010426,NOT KNOWN,55,,North Central CMA,5,Macorna North
WRK956653,-35.87077949,144.1010426,NOT KNOWN,55,,North Central CMA,10,Macorna North
WRK956654,-35.87285807,144.0919643,NOT KNOWN,55,,North Central CMA,5,Macorna North
WRK956655,-35.87285807,144.0919643,NOT KNOWN,55,,North Central CMA,10,Macorna North
WRK956656,-35.83076431,144.0820809,NOT KNOWN,55,,North Central CMA,10.54,Macorna North
WRK956657,-35.83076431,144.0820809,NOT KNOWN,55,,North Central CMA,5.03,Macorna North
WRK956658,-35.81390773,144.0630914,NOT KNOWN,55,,North Central CMA,10.01,Macorna North
WRK956659,-35.81390773,144.0630914,NOT KNOWN,55,,North Central CMA,5.01,Macorna North
WRK956660,-35.82216512,144.0565458,NOT KNOWN,55,,North Central CMA,10.36,Macorna North
WRK956661,-35.82216512,144.0565458,NOT KNOWN,55,,North Central CMA,5,Macorna North
144963,-37.68516806,144.4434901,GLOBAL POSIT,55,Southern Rural Water,Melbourne Water CMA,26.32,Maddingley
144965,-37.68516538,144.4435119,GLOBAL POSIT,55,Southern Rural Water,Melbourne Water CMA,12,Maddingley
102411,-37.45778918,142.5308737,GPS - SKM VA,54,Southern Rural Water,Glenelg Hopkins CMA,28,Mafeking
8003551,-37.35188949,142.6196008,NOT KNOWN,54,Goulburn-Murray Water,Mallee CMA,49,Mafeking
8003597,-37.34923857,142.6190245,GLOBAL POSIT,54,Grampians Wimmera Mallee Water,Glenelg Hopkins CMA,40,Mafeking
WRK064908,-37.3498846,142.6196312,NOT KNOWN,54,Grampians Wimmera Mallee Water,Glenelg Hopkins CMA,54,Mafeking
WRK071844,-37.3508479,142.6167813,NOT KNOWN,54,Grampians Wimmera Mallee Water,(Not set),40.4,Mafeking
52752,-37.97353149,146.9997371,GLOBAL POSIT,55,Southern Rural Water,West Gippsland CMA,493.25,Maffra
52877,-37.99572679,146.9992988,TRANSLATION,55,,(Not set),14.87,Maffra
95495,-37.92861693,146.9539544,TRANSLATION,55,,(Not set),8.35,Maffra
98122,-37.96282419,147.0377206,TRANSLATION,55,,(Not set),9.63,Maffra
98123,-37.96282419,147.0377206,TRANSLATION,55,,(Not set),4.24,Maffra
130367,-37.99595003,146.9777162,TRANSLATION,55,Southern Rural Water,(Not set),11,Maffra
130370,-37.94826308,146.9496168,TRANSLATION,55,Southern Rural Water,(Not set),10,Maffra
131249,-37.94376109,147.0385073,TRANSLATION,55,Southern Rural Water,(Not set),13,Maffra
131250,-37.92483928,147.0113034,TRANSLATION,55,Southern Rural Water,(Not set),10,Maffra
141311,-38.27863807,142.4566227,GLOBAL POSIT,54,Southern Rural Water,Glenelg Hopkins CMA,48,Mailors Flat
WRK957065,-37.01562424,145.9788461,NOT KNOWN,55,,Goulburn Broken CMA,7,Maindample
WRK957067,-37.01925694,145.9622278,NOT KNOWN,55,,Goulburn Broken CMA,10,Maindample
WRK957068,-37.00587816,145.9807186,NOT KNOWN,55,,Goulburn Broken CMA,10,Maindample
WRK956555,-36.98866933,144.0941987,NOT KNOWN,55,,North Central CMA,20,Maldon
WRK956556,-36.98283241,144.0584661,NOT KNOWN,55,,North Central CMA,7,Maldon
26168,-35.05585173,143.0616478,TRANSLATION,54,,(Not set),25,Manangatang
26208,-35.04304909,142.7980363,TRANSLATION,54,,(Not set),31,Manangatang
77115,-35.05604921,142.7987754,GLOBAL POSIT,54,Grampians Wimmera Mallee Water,Mallee CMA,351.5,Manangatang
116622,-35.05570908,142.7983037,TRANSLATION,54,,(Not set),102,Manangatang
116625,-35.02485347,142.6975292,TRANSLATION,54,,(Not set),60,Manangatang
116626,-35.05940952,142.8648577,TRANSLATION,54,,(Not set),90,Manangatang
28042,-36.89625682,145.1507751,GPS - SKM VA,55,Goulburn-Murray Water,Goulburn Broken CMA,78,Mangalore
45743,-36.89625869,145.1507849,GPS - SKM VA,55,Goulburn-Murray Water,Goulburn Broken CMA,13,Mangalore
77132,-36.94015352,145.1432722,GPS - SKM VA,55,Goulburn-Murray Water,Goulburn Broken CMA,25,Mangalore
110463,-36.8911834,145.163129,GPS - SKM VA,55,Goulburn-Murray Water,Goulburn Broken CMA,44,Mangalore
110464,-36.89114516,145.1631216,GPS - SKM VA,55,Goulburn-Murray Water,Goulburn Broken CMA,40,Mangalore
110465,-36.88855673,145.1780876,GPS - SKM VA,55,Goulburn-Murray Water,Goulburn Broken CMA,83.5,Mangalore
110466,-36.88855334,145.1780665,GPS - SKM VA,55,Goulburn-Murray Water,Goulburn Broken CMA,13,Mangalore
110467,-36.90763206,145.1618687,GPS - SKM VA,55,Goulburn-Murray Water,Goulburn Broken CMA,19.5,Mangalore
118945,-37.07740759,146.1271294,TRANSLATION,55,,(Not set),7.5,Mansfield
118946,-37.06191675,146.1048115,TRANSLATION,55,,(Not set),17,Mansfield
118947,-37.05282681,146.0947965,TRANSLATION,55,,(Not set),4,Mansfield
118958,-37.13316406,146.1096016,TRANSLATION,55,,(Not set),14,Mansfield
118959,-37.14032317,146.1027618,TRANSLATION,55,,(Not set),7,Mansfield
WRK016814,-37.40368814,149.6686117,NOT KNOWN,55,Southern Rural Water,East Gippsland CMA,125,Maramingo Creek
86887,-36.44556256,146.5197313,GPS - SKM VA,55,Goulburn-Murray Water,North East CMA,130,Markwood
WRK053435,-36.44550048,146.519674,NOT KNOWN,55,Goulburn-Murray Water,North East CMA,42,Markwood
WRK957289,-36.47965961,146.506592,NOT KNOWN,55,,North East CMA,8.89,Markwood
WRK957303,-36.47965961,146.506592,NOT KNOWN,55,,North East CMA,4.49,Markwood
WRK957304,-36.47965961,146.506592,NOT KNOWN,55,,North East CMA,22.05,Markwood
117150,-36.69955979,142.8406203,TRANSLATION,54,,(Not set),21.4,Marnoo
116632,-36.62915337,142.9323239,TRANSLATION,54,Grampians Wimmera Mallee Water,(Not set),48.8,Marnoo East
WRK956421,-36.62838016,142.9327355,NOT KNOWN,54,,North Central CMA,5.55,Marnoo East
WRK957758,-36.64209967,142.9326757,NOT KNOWN,54,,North Central CMA,13,Marnoo East
116630,-36.71154939,142.7933272,TRANSLATION,54,Grampians Wimmera Mallee Water,(Not set),48.8,Marnoo West
116699,-36.67769349,142.766803,TRANSLATION,54,Grampians Wimmera Mallee Water,(Not set),48,Marnoo West
116804,-36.66780612,142.7951084,TRANSLATION,54,,(Not set),4,Marnoo West
117098,-36.68122912,142.8015755,TRANSLATION,54,,(Not set),19.2,Marnoo West
117099,-36.68122912,142.8015755,TRANSLATION,54,,(Not set),10.4,Marnoo West
117100,-36.68305615,142.7999396,TRANSLATION,54,,(Not set),19.7,Marnoo West
117101,-36.68305615,142.7999396,TRANSLATION,54,,(Not set),10.1,Marnoo West
117102,-36.68397417,142.7988416,TRANSLATION,54,,(Not set),19.2,Marnoo West
117103,-36.68397417,142.7988416,TRANSLATION,54,,(Not set),10.7,Marnoo West
117104,-36.68535119,142.7971947,TRANSLATION,54,,(Not set),17.1,Marnoo West
117106,-36.68671921,142.7961077,TRANSLATION,54,,(Not set),19.4,Marnoo West
117107,-36.68671921,142.7961077,TRANSLATION,54,,(Not set),10.3,Marnoo West
117108,-36.68405023,142.7938067,TRANSLATION,54,,(Not set),19.5,Marnoo West
117109,-36.68405023,142.7938067,TRANSLATION,54,,(Not set),10.4,Marnoo West
117110,-36.68163709,142.8043825,TRANSLATION,54,,(Not set),19.2,Marnoo West
117111,-36.68163709,142.8043825,TRANSLATION,54,,(Not set),10.3,Marnoo West
117112,-36.68083716,142.7976496,TRANSLATION,54,,(Not set),17.6,Marnoo West
117113,-36.68083716,142.7976496,TRANSLATION,54,,(Not set),7.3,Marnoo West
117114,-36.68573415,142.8016806,TRANSLATION,54,,(Not set),17,Marnoo West
117115,-36.68573415,142.8016806,TRANSLATION,54,,(Not set),8.3,Marnoo West
117116,-36.68842916,142.8023027,TRANSLATION,54,,(Not set),17.8,Marnoo West
117152,-36.69874351,142.7756792,TRANSLATION,54,,(Not set),22.6,Marnoo West
117153,-36.69710863,142.7644483,TRANSLATION,54,,(Not set),19.6,Marnoo West
117154,-36.69717468,142.7599724,TRANSLATION,54,,(Not set),9.2,Marnoo West
117155,-36.71154172,142.7636596,TRANSLATION,54,,(Not set),19.6,Marnoo West
117156,-36.71364096,142.7435549,TRANSLATION,54,,(Not set),19.6,Marnoo West
117157,-36.71364096,142.7435549,TRANSLATION,54,,(Not set),8.6,Marnoo West
117158,-36.73416792,142.7574571,TRANSLATION,54,,(Not set),19.6,Marnoo West
117159,-36.73416792,142.7574571,TRANSLATION,54,,(Not set),11.2,Marnoo West
117161,-36.71943729,142.7168144,TRANSLATION,54,,(Not set),19.6,Marnoo West
117162,-36.71943729,142.7168144,TRANSLATION,54,,(Not set),8.6,Marnoo West
117171,-36.68165744,142.7730479,TRANSLATION,54,,(Not set),8.6,Marnoo West
117173,-36.67880332,142.7830538,TRANSLATION,54,,(Not set),8.6,Marnoo West
117174,-36.66923485,142.8197571,TRANSLATION,54,,(Not set),19.6,Marnoo West
117175,-36.65400183,142.8138049,TRANSLATION,54,,(Not set),19.6,Marnoo West
WRK955716,-36.6668703,142.7931686,NOT KNOWN,54,,North Central CMA,19,Marnoo West
WRK955717,-36.6668703,142.7931686,NOT KNOWN,54,,North Central CMA,5,Marnoo West
WRK007209,-36.73882506,144.1304667,G-MW DESKTOP,55,Goulburn-Murray Water,(Not set),92,Marong
66950,-37.43982222,142.8805169,GPS - SKM VA,54,Southern Rural Water,Glenelg Hopkins CMA,31,Maroona
112233,-37.49493658,142.9128323,GLOBAL POSIT,54,Southern Rural Water,Glenelg Hopkins CMA,33,Maroona
112235,-37.39355232,142.8684695,GLOBAL POSIT,54,Southern Rural Water,Glenelg Hopkins CMA,31,Maroona
112236,-37.39353587,142.86845,GLOBAL POSIT,54,Southern Rural Water,Glenelg Hopkins CMA,14,Maroona
112237,-37.40983921,142.8748184,GLOBAL POSIT,54,Southern Rural Water,Glenelg Hopkins CMA,34,Maroona
112373,-37.42713187,142.8948899,GLOBAL POSIT,54,Southern Rural Water,Glenelg Hopkins CMA,87,Maroona
116545,-36.19939381,142.9478393,TRANSLATION,54,Grampians Wimmera Mallee Water,(Not set),84,Massey
116741,-36.24252157,142.9005037,TRANSLATION,54,Grampians Wimmera Mallee Water,(Not set),102,Massey
6276,-35.86051486,144.155117,TRANSLATION,55,,(Not set),37.5,McMillans
6278,-35.86844957,144.1858367,TRANSLATION,55,,(Not set),37.5,McMillans
6517,-35.86450971,144.1715818,TRANSLATION,55,,(Not set),4.5,McMillans
6522,-35.8681637,144.1736668,TRANSLATION,55,,(Not set),3.5,McMillans
66523,-35.87102812,144.1901762,GPS - SKM VA,55,Goulburn-Murray Water,North Central CMA,170.38,McMillans
6490,-35.82394032,144.0955582,TRANSLATION,55,,(Not set),5.5,Mead
WRK957388,-36.5360533,146.4139365,NOT KNOWN,55,,North East CMA,13.49,Meadow Creek
WRK957389,-36.53534364,146.4199855,NOT KNOWN,55,,North East CMA,15.41,Meadow Creek
WRK957391,-36.55203152,146.4110225,NOT KNOWN,55,,North East CMA,6.74,Meadow Creek
WRK957392,-36.55292237,146.4161891,NOT KNOWN,55,,North East CMA,14.1,Meadow Creek
WRK957393,-36.55310744,146.4245904,NOT KNOWN,55,,North East CMA,15.53,Meadow Creek
WRK957394,-36.55450828,146.4347483,NOT KNOWN,55,,North East CMA,24.8,Meadow Creek
WRK957396,-36.5672922,146.4143488,NOT KNOWN,55,,North East CMA,11.61,Meadow Creek
WRK957397,-36.56857687,146.4264091,NOT KNOWN,55,,North East CMA,34.14,Meadow Creek
77856,-35.8751193,143.709666,GPS - SKM VA,54,Goulburn-Murray Water,North Central CMA,134,Meering West
111323,-35.87520022,143.7096747,GPS - SKM VA,54,Goulburn-Murray Water,North Central CMA,50,Meering West
77915,-38.02566317,147.3431079,TRANSLATION,55,Southern Rural Water,(Not set),21,Meerlieu
77921,-38.0292522,147.342327,TRANSLATION,55,Southern Rural Water,(Not set),18.75,Meerlieu
121802,-38.00197654,147.3896968,TRANSLATION,55,,(Not set),23.5,Meerlieu
121803,-38.02531436,147.4173358,TRANSLATION,55,,(Not set),25,Meerlieu
121804,-38.01885202,147.3542976,TRANSLATION,55,,(Not set),20.5,Meerlieu
122449,-38.00654848,147.3971248,TRANSLATION,55,,(Not set),3,Meerlieu
122450,-38.00654848,147.3971248,TRANSLATION,55,,(Not set),14.5,Meerlieu
122451,-38.01437821,147.4258754,TRANSLATION,55,,(Not set),6.1,Meerlieu
122452,-38.05063046,147.4201582,TRANSLATION,55,,(Not set),7,Meerlieu
122466,-37.98310935,147.3987063,TRANSLATION,55,,(Not set),20.43,Meerlieu
WRK959783,-38.02558737,147.4167678,TRANSLATION,55,Southern Rural Water,West Gippsland CMA,50.8,Meerlieu
97004,-37.67235848,144.8572874,GLOBAL POSIT,55,Southern Rural Water,Melbourne Water CMA,50,Melbourne Airport
97005,-37.67859537,144.8662659,GPS - SKM VA,55,Southern Rural Water,Melbourne Water CMA,31.5,Melbourne Airport
97006,-37.68167951,144.8655211,GPS - SKM VA,55,Southern Rural Water,Melbourne Water CMA,48,Melbourne Airport
97007,-37.67564665,144.8583607,GLOBAL POSIT,55,Southern Rural Water,Melbourne Water CMA,40,Melbourne Airport
97008,-37.69267684,144.8555946,GPS - SKM VA,55,Southern Rural Water,Melbourne Water CMA,48,Melbourne Airport
117286,-37.50066085,141.8607488,Not known,54,,(Not set),17.72,Melville Forest
78556,-38.43802458,142.6885949,GLOBAL POSIT,54,Southern Rural Water,Glenelg Hopkins CMA,1152.11,Mepunga
141231,-38.43801397,142.6884745,GLOBAL POSIT,54,Southern Rural Water,Glenelg Hopkins CMA,85,Mepunga
141232,-38.43798701,142.6884011,GLOBAL POSIT,54,Southern Rural Water,Glenelg Hopkins CMA,35,Mepunga
7431,-34.16237614,142.0303597,TRANSLATION,54,,(Not set),12,Merbein
7974,-34.18216208,142.0691942,TRANSLATION,54,,(Not set),25,Merbein
27001,-34.16845979,142.0793451,TRANSLATION,54,,(Not set),52,Merbein
7319,-34.22198797,141.9972042,TRANSLATION,54,,(Not set),13,Merbein South
7324,-34.18165161,142.0060945,TRANSLATION,54,,(Not set),20.37,Merbein West
7774,-34.16248373,142.0172546,TRANSLATION,54,,(Not set),30.12,Merbein West
7777,-34.16062997,142.0107439,TRANSLATION,54,,(Not set),30.01,Merbein West
7778,-34.15762428,142.0173955,TRANSLATION,54,,(Not set),30.15,Merbein West
WRK956833,-37.86448447,144.0403342,NOT KNOWN,55,,Corangamite CMA,20,Meredith
WRK956837,-37.86793792,144.0318535,NOT KNOWN,55,,Corangamite CMA,20,Meredith
WRK956841,-37.86480905,144.0328315,NOT KNOWN,55,,Corangamite CMA,20,Meredith
WRK956842,-37.86480905,144.0328315,NOT KNOWN,55,,Corangamite CMA,5,Meredith
WRK956844,-37.87676386,143.9825506,NOT KNOWN,54,,Corangamite CMA,10,Meredith
WRK956846,-37.87219431,143.9850941,NOT KNOWN,54,,Corangamite CMA,20,Meredith
7831,-34.32092461,141.3343412,TRANSLATION,54,,(Not set),50,Meringur
7944,-34.38919592,141.3335116,TRANSLATION,54,,(Not set),69.5,Meringur
8003354,-34.53884271,141.215085,GLOBAL POSIT,54,Lower Murray Water,Mallee CMA,43,Meringur
WRK950379,-34.4636097,141.3289076,NOT KNOWN,54,Lower Murray Water,Mallee CMA,171,Meringur
WRK950380,-34.4635018,141.3288611,NOT KNOWN,54,Lower Murray Water,Mallee CMA,75,Meringur
WRK053413,-36.5821671,146.69178,NOT KNOWN,55,Goulburn-Murray Water,North East CMA,35,Merriang
73588,-36.38703767,145.1281065,GLOBAL POSIT,55,Goulburn-Murray Water,Goulburn Broken CMA,60,Merrigum
WRK010633,-36.3628148,145.2006881,G-MW DESKTOP,55,Goulburn-Murray Water,Goulburn Broken CMA,25,Merrigum
WRK012865,-36.34424767,145.1467253,NOT KNOWN,55,Goulburn-Murray Water,Goulburn Broken CMA,40,Merrigum
7839,-34.37238594,141.7639192,TRANSLATION,54,,(Not set),44,Merrinee
7844,-34.3659924,141.9149263,TRANSLATION,54,,(Not set),28,Merrinee
103159,-34.45814472,141.8977233,GPS - SKM VA,54,Lower Murray Water,Mallee CMA,640.56,Merrinee
103160,-34.458354,141.8974686,GPS - SKM VA,54,Lower Murray Water,Mallee CMA,298.78,Merrinee
103161,-34.45842417,141.897569,GPS - SKM VA,54,Lower Murray Water,Mallee CMA,78,Merrinee
8003348,-34.50785779,141.7316211,GLOBAL POSIT,54,Lower Murray Water,Mallee CMA,50,Merrinee
118949,-36.97682004,145.7631402,TRANSLATION,55,,(Not set),11.5,Merton
118950,-36.97682004,145.7631402,TRANSLATION,55,,(Not set),16,Merton
118954,-36.97260464,145.7059139,TRANSLATION,55,,(Not set),4.5,Merton
118955,-36.98597486,145.6922044,TRANSLATION,55,,(Not set),10,Merton
118956,-36.96343275,145.691467,TRANSLATION,55,,(Not set),12.5,Merton
WRK958082,-36.97022607,145.6959193,NOT KNOWN,55,,Goulburn Broken CMA,19.43,Merton
WRK956920,-37.00971345,144.6815046,NOT KNOWN,55,,North Central CMA,7,Mia Mia
WRK956921,-37.00339864,144.6899669,NOT KNOWN,55,,North Central CMA,6,Mia Mia
WRK956923,-36.92265272,144.586499,NOT KNOWN,55,,North Central CMA,8.5,Mia Mia
69519,-36.5995596,145.4535826,GPS - SKM VA,55,Goulburn-Murray Water,Goulburn Broken CMA,40,Miepoll
8003890,-36.89421261,141.5741216,GLOBAL POSIT,54,Grampians Wimmera Mallee Water,Wimmera CMA,112,Miga Lake
8003891,-36.89421261,141.5741216,GLOBAL POSIT,54,Grampians Wimmera Mallee Water,Wimmera CMA,105,Miga Lake
8003972,-36.89416776,141.5740763,GLOBAL POSIT,54,Grampians Wimmera Mallee Water,Wimmera CMA,33,Miga Lake
110739,-36.43535824,146.4646803,GLOBAL POSIT,55,Goulburn-Murray Water,North East CMA,128.5,Milawa
110740,-36.41349215,146.4556011,GPS - SKM VA,55,Goulburn-Murray Water,North East CMA,127.5,Milawa
WRK053414,-36.4135421,146.4557099,NOT KNOWN,55,Goulburn-Murray Water,North East CMA,112.5,Milawa
WRK053427,-36.413554,146.4557321,NOT KNOWN,55,Goulburn-Murray Water,North East CMA,12,Milawa
WRK056929,-36.42688134,146.4599496,NOT KNOWN,55,Goulburn-Murray Water,North East CMA,15,Milawa
7380,-34.16564836,142.1500748,TRANSLATION,54,,(Not set),15,Mildura
7963,-34.17960411,142.1886805,TRANSLATION,54,,(Not set),10.29,Mildura
7964,-34.18418866,142.1886306,TRANSLATION,54,,(Not set),25,Mildura
7965,-34.18418836,142.1886225,TRANSLATION,54,,(Not set),6,Mildura
7966,-34.18878872,142.1881343,TRANSLATION,54,,(Not set),25.2,Mildura
7967,-34.19727569,142.1870424,TRANSLATION,54,,(Not set),25,Mildura
27066,-34.17998837,142.1044125,TRANSLATION,54,,(Not set),11.57,Mildura
27080,-34.17717851,142.1153691,TRANSLATION,54,,(Not set),7.05,Mildura
79278,-34.17656863,142.0913321,GPS - SKM VA,54,Lower Murray Water,Mallee CMA,404,Mildura
79279,-34.17665933,142.0911969,GPS - SKM VA,54,Lower Murray Water,Mallee CMA,166.1,Mildura
79280,-34.17673899,142.0911841,GPS - SKM VA,54,Lower Murray Water,Mallee CMA,38,Mildura
124769,-34.20532911,142.1683414,TRANSLATION,54,,(Not set),24.8,Mildura
MMO10,-34.23613268,142.0799209,Not known,54,,(Not set),41,Mildura
119334,-37.58450245,144.0327102,GLOBAL POSIT,55,Southern Rural Water,Corangamite CMA,22,Millbrook
119335,-37.58455061,144.0327011,GPS - SKM VA,55,Southern Rural Water,Corangamite CMA,7,Millbrook
119336,-37.63030667,144.0521464,GPS - SKM VA,55,Southern Rural Water,Corangamite CMA,16,Millbrook
119429,-37.59495941,144.0624054,GLOBAL POSIT,55,Southern Rural Water,Corangamite CMA,31,Millbrook
WRK964549,-37.593265,144.032746,GPS - SKM VA,55,Southern Rural Water,Corangamite CMA,15.5,Millbrook
WRK964550,-37.58896746,144.0209762,GPS - SKM VA,55,Southern Rural Water,Corangamite CMA,19.2,Millbrook
5067,-36.37016485,144.393971,TRANSLATION,55,,(Not set),25,Milloo
5068,-36.34226214,144.3546631,TRANSLATION,55,,(Not set),26,Milloo
44090,-36.37016485,144.393971,TRANSLATION,55,,(Not set),16.5,Milloo
WRK007184,-36.33530913,144.4238803,Water Regist,55,,(Not set),9,Milloo
6471,-35.77905002,144.1027234,TRANSLATION,55,,(Not set),4.04,Milnes Bridge
6480,-35.80606417,144.1017418,TRANSLATION,55,,(Not set),4.5,Milnes Bridge
6482,-35.80786518,144.1016759,TRANSLATION,55,,(Not set),4.5,Milnes Bridge
6484,-35.80966619,144.1016109,TRANSLATION,55,,(Not set),3.5,Milnes Bridge
36382,-35.98410172,144.0407166,TRANSLATION,55,,(Not set),14.7,Mincha
36018,-35.88589676,144.1765801,TRANSLATION,55,,(Not set),15,Mincha West
36019,-35.88589676,144.1765801,TRANSLATION,55,,(Not set),6,Mincha West
36020,-35.88517675,144.1766061,TRANSLATION,55,,(Not set),15,Mincha West
36021,-35.88517675,144.1766061,TRANSLATION,55,,(Not set),8.54,Mincha West
36040,-35.89032881,144.1734322,TRANSLATION,55,,(Not set),15,Mincha West
36041,-35.89032881,144.1734322,TRANSLATION,55,,(Not set),5.76,Mincha West
CHWB24,-37.49230875,143.8154438,Not known,54,,(Not set),,Miners Rest
50946,-36.77706707,141.1524735,GLOBAL POSIT,54,Grampians Wimmera Mallee Water,Wimmera CMA,60.8,Minimay
140487,-36.73775876,141.2436195,GLOBAL POSIT,54,Grampians Wimmera Mallee Water,Wimmera CMA,30,Minimay
140488,-36.73773325,141.2436195,GLOBAL POSIT,54,Grampians Wimmera Mallee Water,Wimmera CMA,60,Minimay
140489,-36.74922312,141.1462972,GLOBAL POSIT,54,Grampians Wimmera Mallee Water,Wimmera CMA,57,Minimay
8001947,-36.77632307,141.1585515,GLOBAL POSIT,54,Grampians Wimmera Mallee Water,Wimmera CMA,48,Minimay
8003100,-36.71742701,141.2103818,GLOBAL POSIT,54,Goulburn-Murray Water,Mallee CMA,60,Minimay
79557,-37.59265287,142.995851,GLOBAL POSIT,54,Southern Rural Water,Glenelg Hopkins CMA,117,Mininera
79558,-37.59272156,142.9958498,GLOBAL POSIT,54,Southern Rural Water,Glenelg Hopkins CMA,69,Mininera
110107,-38.04804524,142.5284056,GPS - SKM VA,54,Southern Rural Water,Glenelg Hopkins CMA,70,Minjah
110108,-38.0480471,142.528473,GPS - SKM VA,54,Southern Rural Water,Glenelg Hopkins CMA,14,Minjah
50983,-36.01257796,143.7585902,GPS - SKM VA,54,Goulburn-Murray Water,North Central CMA,112.5,Minmindie
50984,-36.01252826,143.7586269,GPS - SKM VA,54,Goulburn-Murray Water,North Central CMA,76,Minmindie
61850,-36.43047761,142.649047,GPS - SKM VA,54,Grampians Wimmera Mallee Water,Wimmera CMA,129.7,Minyip
61851,-36.43040636,142.649219,GPS - SKM VA,54,Grampians Wimmera Mallee Water,Wimmera CMA,27,Minyip
8004416,-36.3555,141.34321,Not known,54,Grampians Wimmera Mallee Water,(Not set),105,Miram
117067,-37.39612301,142.3898417,TRANSLATION,54,,(Not set),11.1,Mirranatwa
117068,-37.39612301,142.3898417,TRANSLATION,54,,(Not set),4.6,Mirranatwa
117069,-37.39612301,142.3898417,TRANSLATION,54,,(Not set),8,Mirranatwa
117070,-37.39612301,142.3898417,TRANSLATION,54,,(Not set),12.3,Mirranatwa
117071,-37.39612301,142.3898417,TRANSLATION,54,,(Not set),3.1,Mirranatwa
117072,-37.39612301,142.3898417,TRANSLATION,54,,(Not set),19.7,Mirranatwa
117073,-37.39612301,142.3898417,TRANSLATION,54,,(Not set),19.7,Mirranatwa
117074,-37.39612301,142.3898417,TRANSLATION,54,,(Not set),25.2,Mirranatwa
117075,-37.39612301,142.3898417,TRANSLATION,54,,(Not set),25.9,Mirranatwa
117076,-37.39612301,142.3898417,TRANSLATION,54,,(Not set),7.4,Mirranatwa
117077,-37.39612301,142.3898417,TRANSLATION,54,,(Not set),4.9,Mirranatwa
WRK958433,-37.38571781,142.3914638,NOT KNOWN,54,,Glenelg Hopkins CMA,16,Mirranatwa
WRK958434,-37.38589624,142.3931501,NOT KNOWN,54,,Glenelg Hopkins CMA,9,Mirranatwa
WRK958435,-37.38589624,142.3931501,NOT KNOWN,54,,Glenelg Hopkins CMA,9,Mirranatwa
79712,-36.8564691,145.0780044,GPS - SKM VA,55,Goulburn-Murray Water,Goulburn Broken CMA,40,Mitchellstown
79713,-36.8564583,145.0779886,GPS - SKM VA,55,Goulburn-Murray Water,Goulburn Broken CMA,15,Mitchellstown
79717,-36.8122427,145.0777963,GPS - SKM VA,55,Goulburn-Murray Water,Goulburn Broken CMA,40,Mitchellstown
66867,-36.22592956,144.1631384,GLOBAL POSIT,55,Goulburn-Murray Water,North Central CMA,118,Mitiamo
66868,-36.22593035,144.1631717,GLOBAL POSIT,55,Goulburn-Murray Water,North Central CMA,42,Mitiamo
66869,-36.22591366,144.1632279,GLOBAL POSIT,55,Goulburn-Murray Water,North Central CMA,12,Mitiamo
79723,-36.21032496,144.2814972,GPS - SKM VA,55,Goulburn-Murray Water,North Central CMA,86.6,Mitiamo
79724,-36.21039027,144.2814917,GPS - SKM VA,55,Goulburn-Murray Water,North Central CMA,12,Mitiamo
WRK957772,-36.24070401,144.258304,NOT KNOWN,55,,North Central CMA,8.15,Mitiamo
8002850,-35.15411092,142.6161417,GLOBAL POSIT,54,Grampians Wimmera Mallee Water,Mallee CMA,24,Mittyack
40317,-35.9945056,144.51908,TRANSLATION,55,,(Not set),13.72,Moama
71854,-38.14250175,145.7335271,GLOBAL POSIT,55,Southern Rural Water,Melbourne Water CMA,72.15,Modella
71856,-38.14211256,145.7306094,GLOBAL POSIT,55,Southern Rural Water,Melbourne Water CMA,146,Modella
107631,-38.16004046,145.7490766,CALCULATED M,55,Southern Rural Water,Melbourne Water CMA,8,Modella
123140,-38.16023204,145.7490626,GLOBAL POSIT,55,Southern Rural Water,Melbourne Water CMA,70,Modella
WRK956796,-38.27833236,144.121252,NOT KNOWN,55,,Corangamite CMA,5,Modewarre
WRK956797,-38.27833236,144.121252,NOT KNOWN,55,,Corangamite CMA,20,Modewarre
107972,-38.17163589,146.2550736,GLOBAL POSIT,55,Southern Rural Water,West Gippsland CMA,256.64,Moe
WRK017730,-37.16157398,145.5483394,NOT KNOWN,55,Goulburn-Murray Water,Goulburn Broken CMA,30,Molesworth
79910,-36.64319875,145.3876136,GPS - SKM VA,55,Goulburn-Murray Water,Goulburn Broken CMA,38,Molka
79919,-36.1546056,144.1653895,GLOBAL POSIT,55,Goulburn-Murray Water,North Central CMA,100,Mologa
116634,-36.64775663,146.1113064,TRANSLATION,55,Goulburn-Murray Water,(Not set),61,Molyullah
118742,-36.64903674,146.1017826,TRANSLATION,55,,(Not set),19,Molyullah
118744,-36.64140067,146.1052264,TRANSLATION,55,,(Not set),13,Molyullah
118745,-36.64140067,146.1052264,TRANSLATION,55,,(Not set),10,Molyullah
118746,-36.64143462,146.1097014,TRANSLATION,55,,(Not set),14,Molyullah
118748,-36.63731968,146.1019184,TRANSLATION,55,,(Not set),10,Molyullah
118749,-36.63777867,146.1030314,TRANSLATION,55,,(Not set),13,Molyullah
118778,-36.64555654,146.1186033,TRANSLATION,55,,(Not set),11,Molyullah
118784,-36.66299816,146.1620429,TRANSLATION,55,,(Not set),7,Molyullah
118797,-36.65232189,146.1822974,TRANSLATION,55,,(Not set),9.5,Molyullah
118801,-36.63428581,146.1813692,TRANSLATION,55,,(Not set),16,Molyullah
118803,-36.65396914,146.1599028,TRANSLATION,55,,(Not set),12,Molyullah
118804,-36.65759812,146.1632208,TRANSLATION,55,,(Not set),11,Molyullah
118806,-36.66754512,146.1675889,TRANSLATION,55,,(Not set),12,Molyullah
118811,-36.65626475,146.1039357,TRANSLATION,55,,(Not set),18,Molyullah
98395,-37.85130142,145.4237606,GLOBAL POSIT,55,Southern Rural Water,Melbourne Water CMA,83,Monbulk
52872,-38.03154138,147.0534236,TRANSLATION,55,,(Not set),25,Montgomery
136539,-38.03324521,147.0697764,TRANSLATION,55,Southern Rural Water,(Not set),24,Montgomery
137478,-38.03369723,147.0680674,TRANSLATION,55,Southern Rural Water,(Not set),14,Montgomery
137479,-38.03369623,147.0681244,TRANSLATION,55,Southern Rural Water,(Not set),7,Montgomery
58326,-36.64673802,143.1523772,GPS - SKM VA,54,Grampians Wimmera Mallee Water,North Central CMA,74.15,Moolerr
138653,-37.09351125,143.9293422,GLOBAL POSIT,54,Goulburn-Murray Water,North Central CMA,84,Moolort
138654,-37.09288619,143.9294756,GLOBAL POSIT,54,Goulburn-Murray Water,North Central CMA,40,Moolort
WRK006534,-37.02249509,143.95253,G-MW FIELD V,54,Goulburn-Murray Water,(Not set),100,Moolort
WRK006636,-37.08566509,143.9493783,G-MW FIELD V,54,Goulburn-Murray Water,(Not set),95,Moolort
WRK006958,-37.08453349,143.9494328,G-MW <100M V,54,Goulburn-Murray Water,(Not set),109,Moolort
101708,-36.99002906,143.3366491,GPS - SKM VA,54,Grampians Wimmera Mallee Water,North Central CMA,53,Moonambel
116636,-36.97052774,143.2520643,TRANSLATION,54,,(Not set),30,Moonambel
116638,-36.99167484,143.2538117,TRANSLATION,54,Grampians Wimmera Mallee Water,(Not set),70,Moonambel
117798,-36.98979779,143.2576886,TRANSLATION,54,,(Not set),17.2,Moonambel
117799,-36.98979779,143.2576886,TRANSLATION,54,,(Not set),8.6,Moonambel
117800,-36.98979779,143.2576886,TRANSLATION,54,,(Not set),3.7,Moonambel
117802,-36.98126249,143.2799031,TRANSLATION,54,,(Not set),10,Moonambel
117803,-36.98126249,143.2799031,TRANSLATION,54,,(Not set),3.4,Moonambel
117804,-36.99893038,143.2984092,TRANSLATION,54,,(Not set),19.5,Moonambel
117805,-36.99893038,143.2984092,TRANSLATION,54,,(Not set),6.8,Moonambel
117806,-36.99893038,143.2984092,TRANSLATION,54,,(Not set),3,Moonambel
117807,-36.97214638,143.2852479,TRANSLATION,54,,(Not set),11,Moonambel
117809,-36.98471342,143.2878701,TRANSLATION,54,,(Not set),4.5,Moonambel
117810,-36.98471342,143.2878701,TRANSLATION,54,,(Not set),5.3,Moonambel
8003935,-36.99128513,143.3370892,GLOBAL POSIT,54,Grampians Wimmera Mallee Water,North Central CMA,35,Moonambel
WRK956209,-36.98866684,143.2931284,NOT KNOWN,54,,North Central CMA,18,Moonambel
WRK956247,-36.9895105,143.3224993,NOT KNOWN,54,,North Central CMA,7,Moonambel
WRK956250,-36.98989506,143.3263308,NOT KNOWN,54,,North Central CMA,4.5,Moonambel
WRK956251,-36.99318141,143.3205099,NOT KNOWN,54,,North Central CMA,19,Moonambel
WRK956252,-36.99498513,143.2677793,NOT KNOWN,54,,North Central CMA,17,Moonambel
WRK956253,-36.96813399,143.2764056,NOT KNOWN,54,,North Central CMA,22,Moonambel
WRK956254,-36.97769874,143.2912601,NOT KNOWN,54,,North Central CMA,11.5,Moonambel
WRK956255,-36.96680037,143.2834306,NOT KNOWN,54,,North Central CMA,22,Moonambel
WRK956265,-36.9773816,143.2899476,NOT KNOWN,54,,North Central CMA,13,Moonambel
WRK956266,-36.97993223,143.2927425,NOT KNOWN,54,,North Central CMA,11.5,Moonambel
WRK956269,-36.97960707,143.290913,NOT KNOWN,54,,North Central CMA,11.5,Moonambel
WRK956270,-36.97960707,143.290913,NOT KNOWN,54,,North Central CMA,5,Moonambel
WRK956271,-36.97824271,143.2896925,NOT KNOWN,54,,North Central CMA,11.5,Moonambel
WRK957885,-36.96631568,143.2649851,NOT KNOWN,54,,North Central CMA,19,Moonambel
WRK957964,-36.996054,143.2895526,NOT KNOWN,54,,North Central CMA,18,Moonambel
WRK957965,-37.01167304,143.2904595,NOT KNOWN,54,,North Central CMA,29,Moonambel
80239,-36.58630304,144.9557373,GPS - SKM VA,55,Goulburn-Murray Water,Goulburn Broken CMA,48,Moora
55208,-36.80339674,144.8964204,GPS - SKM VA,55,Goulburn-Murray Water,Goulburn Broken CMA,41,Moormbool West
80757,-36.85877378,144.8756396,GPS - SKM VA,55,Goulburn-Murray Water,Goulburn Broken CMA,30,Moormbool West
80758,-36.85880445,144.8756441,GPS - SKM VA,55,Goulburn-Murray Water,Goulburn Broken CMA,6.5,Moormbool West
118792,-36.73535447,146.0727775,TRANSLATION,55,,(Not set),16,Moorngag
118793,-36.73349954,146.0660805,TRANSLATION,55,,(Not set),15.5,Moorngag
WRK007040,-36.38484496,145.3454604,G-MW DESKTOP,55,Goulburn-Murray Water,(Not set),22.5,Mooroopna
WRK007792,-36.38371648,145.3629983,G-MW <30M VA,55,Goulburn-Murray Water,(Not set),59,Mooroopna
WRK953192,-36.42559794,145.337183,GPS - SKM VA,55,Goulburn-Murray Water,Goulburn Broken CMA,84,Mooroopna
WRK953193,-36.42559377,145.3371616,GPS - SKM VA,55,Goulburn-Murray Water,Goulburn Broken CMA,41,Mooroopna
81070,-36.34472989,145.3370682,GPS - SKM VA,55,Goulburn-Murray Water,Goulburn Broken CMA,30,Mooroopna North
81071,-36.34499806,145.3368997,GPS - SKM VA,55,Goulburn-Murray Water,Goulburn Broken CMA,122,Mooroopna North
81110,-36.3439595,145.3375263,GPS - SKM VA,55,Goulburn-Murray Water,Goulburn Broken CMA,17,Mooroopna North
109623,-36.31364275,145.3056633,GPS - SKM VA,55,Goulburn-Murray Water,Goulburn Broken CMA,12.5,Mooroopna North
109624,-36.31362749,145.3056484,GPS - SKM VA,55,Goulburn-Murray Water,Goulburn Broken CMA,12.5,Mooroopna North
WRK010348,-36.3100804,145.3274726,G-MW DESKTOP,55,Goulburn-Murray Water,Goulburn Broken CMA,21.6,Mooroopna North
WRK130001,-36.34472295,145.3370682,Not known,55,Goulburn-Murray Water,(Not set),28,Mooroopna North
81184,-36.35769135,145.2284785,GLOBAL POSIT,55,Goulburn-Murray Water,Goulburn Broken CMA,98.5,Mooroopna North West
81185,-36.35769414,145.2284542,GPS - SKM VA,55,Goulburn-Murray Water,Goulburn Broken CMA,29,Mooroopna North West
109616,-36.34091019,145.2592566,GPS - SKM VA,55,Goulburn-Murray Water,Goulburn Broken CMA,31,Mooroopna North West
109617,-36.34091424,145.2592749,GPS - SKM VA,55,Goulburn-Murray Water,Goulburn Broken CMA,31,Mooroopna North West
WRK006239,-36.35738446,145.239545,Water Regist,55,Goulburn-Murray Water,(Not set),15,Mooroopna North West
WRK006240,-36.35628155,145.2393138,G-MW DESKTOP,55,Goulburn-Murray Water,(Not set),21,Mooroopna North West
WRK958147,-37.22717116,144.9796122,NOT KNOWN,55,,Goulburn Broken CMA,19,Moranding
WRK958148,-37.24812527,144.9690753,NOT KNOWN,55,,Goulburn Broken CMA,19,Moranding
WRK958149,-37.22622638,144.9654928,NOT KNOWN,55,,Goulburn Broken CMA,13,Moranding
WRK958152,-37.22812272,144.9463942,NOT KNOWN,55,,Goulburn Broken CMA,43,Moranding
WRK956786,-38.24033331,144.1848985,NOT KNOWN,55,,Corangamite CMA,20,Moriac
112826,-38.10147713,142.8174208,GPS - SKM VA,54,Southern Rural Water,Glenelg Hopkins CMA,198.58,Mortlake
77436,-38.20456835,146.4539876,GLOBAL POSIT,55,Southern Rural Water,West Gippsland CMA,775.07,Morwell
64012,-37.84083663,143.3772255,GLOBAL POSIT,54,Southern Rural Water,Corangamite CMA,68,Mount Bute
64013,-37.8408388,143.3771898,GLOBAL POSIT,54,Southern Rural Water,Corangamite CMA,39,Mount Bute
WRK956295,-37.21980783,143.7853317,NOT KNOWN,54,,North Central CMA,15.8,Mount Cameron
WRK956296,-37.22757971,143.8137227,NOT KNOWN,54,,North Central CMA,10.2,Mount Cameron
WRK956159,-37.19480878,143.1091893,NOT KNOWN,54,,Wimmera CMA,60,Mount Cole Creek
WRK956161,-37.19480878,143.1091893,NOT KNOWN,54,,Wimmera CMA,20,Mount Cole Creek
WRK956162,-37.19480878,143.1091893,NOT KNOWN,54,,Wimmera CMA,9,Mount Cole Creek
WRK956168,-37.2283473,143.1301515,NOT KNOWN,54,,Wimmera CMA,7,Mount Cole Creek
98409,-37.79262094,145.4026728,GLOBAL POSIT,55,Southern Rural Water,Melbourne Water CMA,43,Mount Evelyn
98410,-37.80756488,145.4051249,GLOBAL POSIT,55,Southern Rural Water,Melbourne Water CMA,70,Mount Evelyn
116596,-36.35130577,145.6861859,TRANSLATION,55,Goulburn-Murray Water,(Not set),46,Mount Major
116729,-36.35577483,145.682767,TRANSLATION,55,Goulburn-Murray Water,(Not set),110,Mount Major
110197,-37.855714,143.877717,GLOBAL POSIT,54,Southern Rural Water,Corangamite CMA,45.5,Mount Mercer
WRK956789,-38.21774122,144.1978984,NOT KNOWN,55,,Corangamite CMA,15,Mount Moriac
SP068059,-37.389731,144.042117,GLOBAL POSIT,55,Goulburn-Murray Water,North Central CMA,54,Mount Prospect
69961,-38.06982058,141.2533831,GPS - SKM VA,54,Southern Rural Water,Glenelg Hopkins CMA,25.9,Mount Richmond
69962,-38.12636508,141.2859821,GPS - SKM VA,54,Southern Rural Water,Glenelg Hopkins CMA,1733.3,Mount Richmond
69963,-38.16313301,141.2891036,GPS - SKM VA,54,Southern Rural Water,Glenelg Hopkins CMA,404,Mount Richmond
105725,-37.75409613,147.6150123,GPS - SKM VA,55,Southern Rural Water,East Gippsland CMA,45.11,Mount Taylor
81956,-37.68821799,142.2281323,GPS - SKM VA,54,Southern Rural Water,Glenelg Hopkins CMA,78,Moutajup
81957,-37.68825915,142.2281481,GPS - SKM VA,54,Southern Rural Water,Glenelg Hopkins CMA,42,Moutajup
82095,-36.57686829,146.3670564,GLOBAL POSIT,55,Goulburn-Murray Water,North East CMA,36,Moyhu
135123,-36.57692587,146.3670524,GPS - SKM VA,55,Goulburn-Murray Water,North East CMA,85,Moyhu
139328,-36.57692587,146.3670524,GPS - SKM VA,55,Goulburn-Murray Water,North East CMA,49,Moyhu
WRK957286,-36.57911688,146.3886295,NOT KNOWN,55,,North East CMA,9.7,Moyhu
WRK956364,-36.87410359,143.4316027,NOT KNOWN,54,,North Central CMA,22,Moyreisk
WRK956419,-36.85435871,143.4319861,NOT KNOWN,54,,North Central CMA,22,Moyreisk
WRK957740,-36.88114818,143.3461708,NOT KNOWN,54,,North Central CMA,20.5,Moyreisk
WRK957746,-36.89223555,143.3588079,NOT KNOWN,54,,North Central CMA,17.5,Moyreisk
WRK957747,-36.89223555,143.3588079,NOT KNOWN,54,,North Central CMA,5,Moyreisk
WRK957748,-36.90045563,143.3804495,NOT KNOWN,54,,North Central CMA,17.5,Moyreisk
WRK957749,-36.90045563,143.3804495,NOT KNOWN,54,,North Central CMA,5.5,Moyreisk
82181,-37.33180926,142.6503725,GPS - SKM VA,54,Grampians Wimmera Mallee Water,Wimmera CMA,34.5,Moyston
109556,-36.01404767,145.6473242,GPS - SKM VA,55,Goulburn-Murray Water,Goulburn Broken CMA,126.5,Muckatah
109557,-36.01404044,145.6473316,GPS - SKM VA,55,Goulburn-Murray Water,Goulburn Broken CMA,126.5,Muckatah
WRK006710,-35.99351566,145.6585383,Water Regist,55,Goulburn-Murray Water,(Not set),12,Muckatah
118216,-37.08103015,144.1674823,TRANSLATION,55,,(Not set),20,Muckleford
118217,-37.07820819,144.1625263,TRANSLATION,55,,(Not set),20,Muckleford
118218,-37.07820819,144.1625263,TRANSLATION,55,,(Not set),6,Muckleford
118219,-37.07814022,144.1597174,TRANSLATION,55,,(Not set),10,Muckleford
118220,-37.07814022,144.1597174,TRANSLATION,55,,(Not set),6,Muckleford
118221,-37.07564111,144.1682452,TRANSLATION,55,,(Not set),20,Muckleford
76977,-37.85666482,140.9860259,GPS - SKM VA,54,Southern Rural Water,Glenelg Hopkins CMA,1719.34,Mumbannar
76986,-37.84473145,141.0004871,GPS - SKM VA,54,Southern Rural Water,Glenelg Hopkins CMA,23.2,Mumbannar
82350,-37.89325079,141.0769303,GPS - SKM VA,54,Southern Rural Water,Glenelg Hopkins CMA,201.24,Mumbannar
87530,-37.88982906,141.0344598,GLOBAL POSIT,54,Southern Rural Water,Glenelg Hopkins CMA,41,Mumbannar
87537,-37.95800707,141.0497226,GLOBAL POSIT,54,Southern Rural Water,Glenelg Hopkins CMA,19.81,Mumbannar
100515,-37.92135346,141.1247108,GLOBAL POSIT,54,Southern Rural Water,Glenelg Hopkins CMA,10,Mumbannar
100533,-37.98787648,141.0697466,GPS - SKM VA,54,Southern Rural Water,Glenelg Hopkins CMA,42.5,Mumbannar
110748,-37.999924,141.1748001,GLOBAL POSIT,54,Southern Rural Water,Glenelg Hopkins CMA,1852.5,Mumbannar
82513,-36.1269194,145.3505382,GPS - SKM VA,55,Goulburn-Murray Water,Goulburn Broken CMA,254,Mundoona
93222,-36.19912293,145.3386367,GPS - SKM VA,55,Goulburn-Murray Water,Goulburn Broken CMA,114.25,Mundoona
93230,-36.19913355,145.3386482,GPS - SKM VA,55,Goulburn-Murray Water,Goulburn Broken CMA,16.5,Mundoona
110981,-36.12663185,145.3504022,GPS - SKM VA,55,Goulburn-Murray Water,Goulburn Broken CMA,2,Mundoona
110982,-36.12662928,145.3503989,GPS - SKM VA,55,Goulburn-Murray Water,Goulburn Broken CMA,15,Mundoona
82540,-36.60983161,145.1863777,GPS - SKM VA,55,Goulburn-Murray Water,Goulburn Broken CMA,36,Murchison
82541,-36.66088374,145.2000662,GLOBAL POSIT,55,Goulburn-Murray Water,Goulburn Broken CMA,13.5,Murchison
109640,-36.66086858,145.1999872,GPS - SKM VA,55,Goulburn-Murray Water,Goulburn Broken CMA,41,Murchison
WRK130000,-36.66085896,145.1999871,Not known,55,Goulburn-Murray Water,(Not set),41,Murchison
58267,-36.61057574,145.2580166,GPS - SKM VA,55,Goulburn-Murray Water,Goulburn Broken CMA,37,Murchison East
58268,-36.6105695,145.2580214,GPS - SKM VA,55,Goulburn-Murray Water,Goulburn Broken CMA,15,Murchison East
WRK007301,-36.59752249,145.2482791,G-MW <30M VA,55,Goulburn-Murray Water,(Not set),25.5,Murchison East
82615,-36.55764131,145.2742087,GPS - SKM VA,55,Goulburn-Murray Water,Goulburn Broken CMA,50,Murchison North
109642,-36.557817,145.3083094,GPS - SKM VA,55,Goulburn-Murray Water,Goulburn Broken CMA,30,Murchison North
109643,-36.557817,145.3083094,GPS - SKM VA,55,Goulburn-Murray Water,Goulburn Broken CMA,30,Murchison North
109644,-36.55764461,145.2740385,GPS - SKM VA,55,Goulburn-Murray Water,Goulburn Broken CMA,36,Murchison North
109645,-36.55764461,145.2740385,GPS - SKM VA,55,Goulburn-Murray Water,Goulburn Broken CMA,36,Murchison North
109646,-36.55771669,145.2424462,GPS - SKM VA,55,Goulburn-Murray Water,Goulburn Broken CMA,19,Murchison North
109647,-36.55771669,145.2424462,GPS - SKM VA,55,Goulburn-Murray Water,Goulburn Broken CMA,19,Murchison North
WRK005680,-36.55800001,145.25572,G-MW DESKTOP,55,Goulburn-Murray Water,(Not set),9.8,Murchison North
WRK006908,-36.5491268,145.2762783,G-MW DESKTOP,55,Goulburn-Murray Water,(Not set),12.5,Murchison North
WRK007464,-36.56645001,145.24338,G-MW <30M VA,55,Goulburn-Murray Water,(Not set),15.5,Murchison North
WRK007932,-36.54908776,145.2437648,G-MW <30M VA,55,Goulburn-Murray Water,(Not set),14.5,Murchison North
WRK007965,-36.54658001,145.27474,G-MW <30M VA,55,Goulburn-Murray Water,(Not set),10.5,Murchison North
WRK011952,-36.57182001,145.29105,G-MW <30M VA,55,Goulburn-Murray Water,(Not set),10.4,Murchison North
WRK013858,-36.56015687,145.2721405,GLOBAL POSIT,55,Goulburn-Murray Water,(Not set),,Murchison North
WRK052800,-36.55739083,145.2691183,GLOBAL POSIT,55,Goulburn-Murray Water,(Not set),35,Murchison North
WRK957299,-36.41955259,146.6454131,NOT KNOWN,55,,North East CMA,17.48,Murmungee
WRK957300,-36.42332485,146.6467234,NOT KNOWN,55,,North East CMA,25.5,Murmungee
WRK957305,-36.4354648,146.6739807,NOT KNOWN,55,,North East CMA,8.5,Murmungee
WRK957306,-36.43546489,146.6740142,NOT KNOWN,55,,North East CMA,3.2,Murmungee
WRK957307,-36.43506604,146.6832538,NOT KNOWN,55,,North East CMA,17.35,Murmungee
WRK957308,-36.43212033,146.6841137,NOT KNOWN,55,,North East CMA,8.47,Murmungee
WRK957310,-36.4514867,146.6881641,NOT KNOWN,55,,North East CMA,6.15,Murmungee
WRK957311,-36.44080203,146.6910074,NOT KNOWN,55,,North East CMA,9.89,Murmungee
WRK957312,-36.4271528,146.6980004,NOT KNOWN,55,,North East CMA,5.2,Murmungee
WRK957314,-36.42852233,146.6544868,NOT KNOWN,55,,North East CMA,15.1,Murmungee
WRK957315,-36.41771369,146.6578475,NOT KNOWN,55,,North East CMA,7,Murmungee
WRK957316,-36.42664262,146.643741,NOT KNOWN,55,,North East CMA,17.75,Murmungee
WRK957321,-36.44414108,146.6260199,NOT KNOWN,55,,North East CMA,17.9,Murmungee
WRK957322,-36.44675453,146.6433813,NOT KNOWN,55,,North East CMA,17.2,Murmungee
WRK957326,-36.44509208,146.6670892,NOT KNOWN,55,,North East CMA,14.7,Murmungee
WRK957436,-36.42332485,146.6467234,NOT KNOWN,55,,North East CMA,7.04,Murmungee
WRK957437,-36.41955259,146.6454131,NOT KNOWN,55,,North East CMA,11.64,Murmungee
WRK957438,-36.41730003,146.6458361,NOT KNOWN,55,,North East CMA,6.25,Murmungee
WRK957445,-36.48035392,146.6618814,NOT KNOWN,55,,North East CMA,12.35,Murmungee
WRK957447,-36.41682511,146.6437747,NOT KNOWN,55,,North East CMA,9.02,Murmungee
WRK958127,-36.42351363,146.6258288,NOT KNOWN,55,,North East CMA,69,Murmungee
WRK958128,-36.4453994,146.6335123,NOT KNOWN,55,,North East CMA,100,Murmungee
82760,-35.50900642,143.9562438,GLOBAL POSIT,54,Goulburn-Murray Water,North Central CMA,232,Murrabit
82761,-35.50906645,143.9562488,GPS - SKM VA,54,Goulburn-Murray Water,North Central CMA,88,Murrabit
82762,-35.50909748,143.9562517,GPS - SKM VA,54,Goulburn-Murray Water,North Central CMA,24,Murrabit
26126,-35.30373913,143.4994891,TRANSLATION,54,,(Not set),7.19,Murrawee
26127,-35.30401318,143.4990671,TRANSLATION,54,,(Not set),10.04,Murrawee
7845,-34.12224535,141.1639754,TRANSLATION,54,,(Not set),16.2,Murray-Sunset
7930,-34.17184659,141.1651561,TRANSLATION,54,,(Not set),25,Murray-Sunset
7931,-34.17164957,141.1644886,TRANSLATION,54,,(Not set),26,Murray-Sunset
7932,-34.1985716,141.1639737,GPS - SKM VA,54,Lower Murray Water,Mallee CMA,25.34,Murray-Sunset
7933,-34.19858794,141.1639668,GPS - SKM VA,54,Lower Murray Water,Mallee CMA,11.95,Murray-Sunset
7934,-34.2166587,141.1639613,GPS - SKM VA,54,Lower Murray Water,Mallee CMA,56,Murray-Sunset
7938,-34.24678413,141.1638619,GPS - SKM VA,54,,(Not set),56.45,Murray-Sunset
27000,-34.27415988,140.9896127,TRANSLATION,54,,(Not set),67,Murray-Sunset
27111,-34.13239529,141.1076247,TRANSLATION,54,,(Not set),12,Murray-Sunset
27114,-34.11232329,141.1650402,TRANSLATION,54,,(Not set),10,Murray-Sunset
27115,-34.1907182,141.2096898,TRANSLATION,54,,(Not set),20,Murray-Sunset
27116,-34.19089853,141.2058685,TRANSLATION,54,,(Not set),10,Murray-Sunset
27124,-34.1183637,141.2236075,TRANSLATION,54,,(Not set),10,Murray-Sunset
27135,-34.14111022,141.1382611,TRANSLATION,54,,(Not set),10,Murray-Sunset
27137,-34.15989137,141.11876,TRANSLATION,54,,(Not set),10,Murray-Sunset
27166,-34.11077311,141.2545224,TRANSLATION,54,,(Not set),10,Murray-Sunset
27168,-34.07902071,141.0624351,TRANSLATION,54,,(Not set),10,Murray-Sunset
50074,-34.7337812,142.0492139,GPS - SKM VA,54,Lower Murray Water,Mallee CMA,75.5,Murray-Sunset
50075,-34.73999522,142.0194169,GPS - SKM VA,54,Lower Murray Water,Mallee CMA,69.5,Murray-Sunset
64014,-34.72093379,141.6574907,GPS - SKM VA,54,Lower Murray Water,Mallee CMA,83,Murray-Sunset
64361,-34.70515697,141.0604393,GLOBAL POSIT,54,Lower Murray Water,Mallee CMA,40,Murray-Sunset
65736,-34.73795376,141.989752,GPS - SKM VA,54,Lower Murray Water,Mallee CMA,71,Murray-Sunset
65738,-34.62972189,141.8272405,GPS - SKM VA,54,Lower Murray Water,Mallee CMA,80,Murray-Sunset
79619,-34.59491639,141.4973311,GPS - SKM VA,54,Lower Murray Water,Mallee CMA,62,Murray-Sunset
81832,-34.38824534,141.1635923,GPS - SKM VA,54,Lower Murray Water,Mallee CMA,653.52,Murray-Sunset
81834,-34.38798426,141.1636029,GPS - SKM VA,54,Lower Murray Water,Mallee CMA,48,Murray-Sunset
85568,-34.53893742,141.0543594,GPS - SKM VA,54,Lower Murray Water,Mallee CMA,60,Murray-Sunset
85570,-34.53869223,141.0543295,GPS - SKM VA,54,Lower Murray Water,Mallee CMA,223,Murray-Sunset
136354,-34.11332231,141.1959449,TRANSLATION,54,,(Not set),10,Murray-Sunset
136355,-34.11331929,141.1959645,TRANSLATION,54,,(Not set),13.5,Murray-Sunset
136362,-34.09881535,141.2621889,TRANSLATION,54,,(Not set),10,Murray-Sunset
136363,-34.09880397,141.2621961,TRANSLATION,54,,(Not set),20,Murray-Sunset
8003344,-34.70546754,141.2756696,GLOBAL POSIT,54,Lower Murray Water,Mallee CMA,35,Murray-Sunset
8003345,-34.63148961,141.8294363,GLOBAL POSIT,54,Lower Murray Water,Mallee CMA,80,Murray-Sunset
8003352,-34.95163847,141.5304649,GLOBAL POSIT,54,Lower Murray Water,Mallee CMA,35,Murray-Sunset
8003353,-34.77476115,141.6561094,GLOBAL POSIT,54,Lower Murray Water,Mallee CMA,27,Murray-Sunset
8003839,-34.70496887,141.0605967,NOT KNOWN,54,Lower Murray Water,Mallee CMA,76.85,Murray-Sunset
8004253,-34.38746999,141.1635694,NOT KNOWN,54,Lower Murray Water,Mallee CMA,182,Murray-Sunset
1A_2,-34.09019253,141.1372247,Not known,54,,(Not set),7.8,Murray-Sunset
1A_3,-34.08927993,141.1385834,Not known,54,,(Not set),5.3,Murray-Sunset
1A_4,-34.08897983,141.1389364,Not known,54,,(Not set),4.1,Murray-Sunset
3C_2D,-34.16445664,141.1948691,Not known,54,,(Not set),,Murray-Sunset
3C_3,-34.15792461,141.1918441,Not known,54,,(Not set),7.5,Murray-Sunset
3E_4,-34.19119219,141.168886,Not known,54,,(Not set),8.6,Murray-Sunset
REM005,-34.10772309,141.2428343,Not known,54,,(Not set),10,Murray-Sunset
REM006,-34.09316015,141.2691924,Not known,54,,(Not set),12,Murray-Sunset
REM007,-34.07848376,141.2432943,Not known,54,,,12,Murray-Sunset
REM008,-34.07101268,141.2361547,Not known,54,,,12,Murray-Sunset
REM009,-34.07482989,141.238801,Not known,54,,,12,Murray-Sunset
REM036,-34.0634816,141.0720319,Not known,54,,(Not set),12,Murray-Sunset
REM037,-34.07224342,141.0596136,Not known,54,,(Not set),12,Murray-Sunset
WRK950300,-34.16684084,141.1801167,NOT KNOWN,54,,(Not set),5.7,Murray-Sunset
WRK950301,-34.16646384,141.1791173,NOT KNOWN,54,,(Not set),5.6,Murray-Sunset
WRK950303,-34.16623426,141.1877876,NOT KNOWN,54,,(Not set),5.9,Murray-Sunset
WRK950304,-34.16536914,141.1873517,NOT KNOWN,54,,(Not set),6.1,Murray-Sunset
WRK950305,-34.16452217,141.1868399,NOT KNOWN,54,,(Not set),5.7,Murray-Sunset
WRK950307,-34.16480046,141.1950254,NOT KNOWN,54,,(Not set),5.9,Murray-Sunset
WRK950309,-34.16444258,141.1948577,NOT KNOWN,54,,(Not set),5.7,Murray-Sunset
WRK950310,-34.15619064,141.1887591,NOT KNOWN,54,,(Not set),7,Murray-Sunset
WRK950311,-34.17100881,141.2050857,NOT KNOWN,54,,(Not set),6.9,Murray-Sunset
WRK950312,-34.17016476,141.2081302,NOT KNOWN,54,,(Not set),15,Murray-Sunset
WRK950313,-34.16998605,141.2123271,NOT KNOWN,54,,(Not set),14.6,Murray-Sunset
WRK950314,-34.16914671,141.2159175,NOT KNOWN,54,,(Not set),13.5,Murray-Sunset
WRK950315,-34.18981782,141.1782591,NOT KNOWN,54,,(Not set),5.6,Murray-Sunset
WRK950316,-34.19001976,141.1752855,NOT KNOWN,54,,(Not set),8.8,Murray-Sunset
WRK950331,-34.08984031,141.1376139,TRANSLATION,54,,(Not set),4.4,Murray-Sunset
65743,-35.08692672,141.130745,TRANSLATION,54,Grampians Wimmera Mallee Water,(Not set),83.82,Murrayville
65758,-35.09622623,141.1588404,GPS - SKM VA,54,Grampians Wimmera Mallee Water,Mallee CMA,90,Murrayville
66476,-35.31666245,141.1958494,GPS - SKM VA,54,Grampians Wimmera Mallee Water,Mallee CMA,717.6,Murrayville
66477,-35.31662856,141.1960124,GPS - SKM VA,54,Grampians Wimmera Mallee Water,Mallee CMA,126,Murrayville
137191,-35.08537764,141.1296102,GPS - SKM VA,54,Grampians Wimmera Mallee Water,Mallee CMA,41,Murrayville
137198,-35.25850875,141.150115,GPS - SKM VA,54,Grampians Wimmera Mallee Water,Mallee CMA,82,Murrayville
137199,-35.25847537,141.1501244,GLOBAL POSIT,54,Grampians Wimmera Mallee Water,Mallee CMA,39,Murrayville
137200,-35.34028999,141.1484437,GPS - SKM VA,54,Grampians Wimmera Mallee Water,Mallee CMA,100,Murrayville
137201,-35.34026641,141.1484114,GPS - SKM VA,54,Grampians Wimmera Mallee Water,Mallee CMA,37,Murrayville
146092,-35.1119719,141.2068097,GLOBAL POSIT,54,Grampians Wimmera Mallee Water,(Not set),76,Murrayville
8002663,-35.18310821,141.1847378,GLOBAL POSIT,54,Grampians Wimmera Mallee Water,Mallee CMA,108,Murrayville
8002664,-35.18310813,141.1847927,GLOBAL POSIT,54,Grampians Wimmera Mallee Water,Mallee CMA,45,Murrayville
8002665,-35.17902482,141.2898874,GLOBAL POSIT,54,Grampians Wimmera Mallee Water,Mallee CMA,60,Murrayville
8003853,-35.12396406,141.2458571,NOT KNOWN,54,Grampians Wimmera Mallee Water,Mallee CMA,30,Murrayville
8003854,-35.17755031,141.2923243,NOT KNOWN,54,Grampians Wimmera Mallee Water,Mallee CMA,144,Murrayville
8003855,-35.08717839,141.199035,NOT KNOWN,54,Grampians Wimmera Mallee Water,Mallee CMA,34,Murrayville
8003857,-35.08706749,141.1989681,NOT KNOWN,54,Grampians Wimmera Mallee Water,Mallee CMA,74,Murrayville
8003923,-35.12390133,141.2458823,NOT KNOWN,54,Grampians Wimmera Mallee Water,Mallee CMA,96,Murrayville
8004432,-35.26601227,141.1808572,Not known,54,Grampians Wimmera Mallee Water,(Not set),149,Murrayville
WRK952881,-37.274413,145.471434,GLOBAL POSIT,55,Goulburn-Murray Water,Goulburn Broken CMA,5,Murrindindi
WRK952882,-37.274416,145.471418,GLOBAL POSIT,55,Goulburn-Murray Water,Goulburn Broken CMA,12,Murrindindi
82838,-38.41905939,143.7770727,GLOBAL POSIT,54,Southern Rural Water,Corangamite CMA,285.12,Murroon
82840,-38.41891307,143.7755866,GLOBAL POSIT,54,Southern Rural Water,Corangamite CMA,610.82,Murroon
82841,-38.41901975,143.776575,GLOBAL POSIT,54,Southern Rural Water,Corangamite CMA,484.63,Murroon
82845,-38.44132671,143.820791,GLOBAL POSIT,54,Southern Rural Water,Corangamite CMA,226,Murroon
117537,-38.39743764,143.8366307,TRANSLATION,54,Southern Rural Water,(Not set),18,Murroon
117538,-38.39743764,143.8366307,TRANSLATION,54,Southern Rural Water,(Not set),5,Murroon
117547,-38.40971437,143.7792837,TRANSLATION,54,,(Not set),20,Murroon
117548,-38.40971437,143.7792837,TRANSLATION,54,,(Not set),10,Murroon
117549,-38.40971437,143.7792837,TRANSLATION,54,,(Not set),5,Murroon
117550,-38.41559242,143.7783638,TRANSLATION,54,,(Not set),20,Murroon
117551,-38.41559242,143.7783638,TRANSLATION,54,,(Not set),10,Murroon
117552,-38.41559242,143.7783638,TRANSLATION,54,,(Not set),5,Murroon
117553,-38.41903145,143.7776949,TRANSLATION,54,,(Not set),20,Murroon
117554,-38.41903145,143.7776949,TRANSLATION,54,,(Not set),10,Murroon
117559,-38.42941575,143.7577044,TRANSLATION,54,,(Not set),20,Murroon
117560,-38.42941575,143.7577044,TRANSLATION,54,,(Not set),10,Murroon
117561,-38.42941575,143.7577044,TRANSLATION,54,,(Not set),5,Murroon
117562,-38.42920873,143.7588424,TRANSLATION,54,,(Not set),20,Murroon
117563,-38.42920873,143.7588424,TRANSLATION,54,,(Not set),10,Murroon
117564,-38.42920873,143.7588424,TRANSLATION,54,,(Not set),5,Murroon
WRK017610,-37.36749793,144.1966592,NOT KNOWN,55,Goulburn-Murray Water,North Central CMA,37,Musk
WRK017611,-37.3674892,144.1966708,NOT KNOWN,55,Goulburn-Murray Water,North Central CMA,61,Musk
WRK017608,-37.385067,144.123964,GLOBAL POSIT,55,Goulburn-Murray Water,North Central CMA,55,Musk Vale
WRK017609,-37.385056,144.123971,GLOBAL POSIT,55,Goulburn-Murray Water,North Central CMA,22,Musk Vale
WRK017613,-37.3850436,144.1239706,GLOBAL POSIT,55,Goulburn-Murray Water,North Central CMA,13,Musk Vale
83003,-36.64601041,144.5522939,GPS - SKM VA,55,Goulburn-Murray Water,North Central CMA,81,Muskerry
83004,-36.65903475,144.5497224,GLOBAL POSIT,55,Goulburn-Murray Water,North Central CMA,60,Muskerry
83005,-36.65896431,144.5497023,GPS - SKM VA,55,Goulburn-Murray Water,North Central CMA,25.4,Muskerry
83006,-36.64610948,144.5522908,GPS - SKM VA,55,Goulburn-Murray Water,North Central CMA,70.7,Muskerry
WRK011003,-36.72249137,144.537911,G-MW DESKTOP,55,Goulburn-Murray Water,North Central CMA,41,Muskerry
WRK011004,-36.72217336,144.5379133,G-MW FIELD V,55,Goulburn-Murray Water,North Central CMA,47,Muskerry
WRK059868,-36.6979351,144.5479941,NOT KNOWN,55,Goulburn-Murray Water,North Central CMA,54,Muskerry
WRK059869,-36.6979338,144.5479763,NOT KNOWN,55,Goulburn-Murray Water,North Central CMA,28,Muskerry
6445,-35.65949352,144.0015469,TRANSLATION,55,,(Not set),7.03,Myall
146026,-37.99750242,141.7163939,GPS - SKM VA,54,Southern Rural Water,Glenelg Hopkins CMA,35,Myamyn
146027,-37.9974439,141.7163973,GPS - SKM VA,54,Southern Rural Water,Glenelg Hopkins CMA,191,Myamyn
118464,-36.63483981,144.7061359,TRANSLATION,55,,(Not set),6,Myola
118465,-36.63476386,144.702224,TRANSLATION,55,,(Not set),10,Myola
118466,-36.6346779,144.697753,TRANSLATION,55,,(Not set),8,Myola
118467,-36.63459095,144.6932831,TRANSLATION,55,,(Not set),7,Myola
118468,-36.63453698,144.6904892,TRANSLATION,55,,(Not set),8,Myola
118469,-36.63445003,144.6860182,TRANSLATION,55,,(Not set),11,Myola
118470,-36.63436308,144.6815473,TRANSLATION,55,,(Not set),20,Myola
WRK059864,-36.6281634,144.5711186,NOT KNOWN,55,Goulburn-Murray Water,North Central CMA,78,Myola
WRK059865,-36.62814447,144.5710745,NOT KNOWN,55,Goulburn-Murray Water,North Central CMA,48,Myola
WRK059866,-36.62694523,144.6003858,NOT KNOWN,55,Goulburn-Murray Water,North Central CMA,60,Myola
WRK130005,-36.6282584,144.5710761,Not known,55,,,,Myola
WRK953017,-36.5950939,144.590188,GLOBAL POSIT,55,Goulburn-Murray Water,North Central CMA,8,Myola
WRK953018,-36.5950856,144.5901394,GLOBAL POSIT,55,Goulburn-Murray Water,North Central CMA,31,Myola
WRK953019,-36.5950915,144.5901718,GLOBAL POSIT,55,Goulburn-Murray Water,North Central CMA,15,Myola
116572,-36.92682374,144.3988193,TRANSLATION,55,Goulburn-Murray Water,(Not set),72,Myrtle Creek
52753,-38.06856129,147.0255119,GPS - SKM VA,55,Southern Rural Water,West Gippsland CMA,269.66,Myrtlebank
52874,-38.06364969,147.0406224,TRANSLATION,55,,(Not set),20,Myrtlebank
52890,-38.06364969,147.0406224,TRANSLATION,55,,(Not set),5.09,Myrtlebank
52891,-38.05554498,147.0103547,TRANSLATION,55,,(Not set),13.86,Myrtlebank
115630,-38.06794235,147.0737999,TRANSLATION,55,,(Not set),13.33,Myrtlebank
127899,-38.07182859,147.0539663,TRANSLATION,55,Southern Rural Water,(Not set),19,Myrtlebank
136529,-38.0626407,147.0394814,TRANSLATION,55,Southern Rural Water,(Not set),20.5,Myrtlebank
136531,-38.0624607,147.0395954,TRANSLATION,55,Southern Rural Water,(Not set),21,Myrtlebank
137481,-38.06327274,147.0361764,TRANSLATION,55,Southern Rural Water,(Not set),20,Myrtlebank
83229,-36.56886517,146.7161993,GPS - SKM VA,55,Goulburn-Murray Water,North East CMA,15,Myrtleford
83230,-36.56866965,146.7161657,GPS - SKM VA,55,Goulburn-Murray Water,North East CMA,15,Myrtleford
83231,-36.56801503,146.7172889,GPS - SKM VA,55,Goulburn-Murray Water,North East CMA,14.5,Myrtleford
83232,-36.56551489,146.7193135,GPS - SKM VA,55,Goulburn-Murray Water,North East CMA,13,Myrtleford
WRK053284,-36.5686912,146.7162062,NOT KNOWN,55,Goulburn-Murray Water,North East CMA,96,Myrtleford
WRK053285,-36.5680273,146.7172776,GLOBAL POSIT,55,Goulburn-Murray Water,North East CMA,64,Myrtleford
6566,-36.20542125,143.8210153,TRANSLATION,54,,(Not set),7.51,Mysia
6567,-36.2268627,143.7906401,TRANSLATION,54,,(Not set),14.71,Mysia
6568,-36.1876547,143.7714587,TRANSLATION,54,,(Not set),7.5,Mysia
6569,-36.22170321,143.7409607,TRANSLATION,54,,(Not set),14.5,Mysia
6570,-36.21574779,143.6856994,TRANSLATION,54,,(Not set),12.94,Mysia
6571,-36.18868063,143.6869979,TRANSLATION,54,,(Not set),19.68,Mysia
6600,-36.19242929,143.7204815,TRANSLATION,54,,(Not set),7.43,Mysia
36219,-36.23533477,143.6963816,TRANSLATION,54,,(Not set),22.4,Mysia
112596,-36.2262374,143.8173137,TRANSLATION,54,,(Not set),25.3,Mysia
112597,-36.2262374,143.8173137,TRANSLATION,54,,(Not set),11.81,Mysia
112598,-36.20905028,143.8200334,TRANSLATION,54,,(Not set),25,Mysia
112599,-36.20905028,143.8200334,TRANSLATION,54,,(Not set),8.65,Mysia
6184,-35.61606404,143.7486067,TRANSLATION,54,,(Not set),13.5,Mystic Park
6186,-35.61514555,143.7007803,TRANSLATION,54,,(Not set),6.5,Mystic Park
6802,-35.53085234,143.6814112,TRANSLATION,54,,(Not set),5.65,Mystic Park
26892,-35.57271988,143.7434831,TRANSLATION,54,,(Not set),25,Mystic Park
26893,-35.61489743,143.7118102,TRANSLATION,54,,(Not set),9.84,Mystic Park
26898,-35.57298079,143.7517659,TRANSLATION,54,,(Not set),25,Mystic Park
46916,-35.60854207,143.7434097,GPS - SKM VA,54,Grampians Wimmera Mallee Water,North Central CMA,243.7,Mystic Park
49557,-35.53250031,143.7571382,GPS - SKM VA,54,Goulburn-Murray Water,North Central CMA,74,Mystic Park
49558,-35.53249327,143.757166,GPS - SKM VA,54,Goulburn-Murray Water,North Central CMA,13,Mystic Park
49566,-35.50021626,143.7604438,GPS - SKM VA,54,Goulburn-Murray Water,North Central CMA,40,Mystic Park
49567,-35.50022295,143.7604512,GPS - SKM VA,54,Goulburn-Murray Water,North Central CMA,21,Mystic Park
49568,-35.54660455,143.7613269,GPS - SKM VA,54,Goulburn-Murray Water,North Central CMA,30,Mystic Park
49569,-35.54660264,143.761347,GPS - SKM VA,54,Goulburn-Murray Water,North Central CMA,9,Mystic Park
49571,-35.54661542,143.7613637,GPS - SKM VA,54,Goulburn-Murray Water,North Central CMA,81,Mystic Park
50309,-35.4957739,143.731347,GPS - SKM VA,54,Goulburn-Murray Water,North Central CMA,41,Mystic Park
50310,-35.49578464,143.7313464,GPS - SKM VA,54,Goulburn-Murray Water,North Central CMA,31,Mystic Park
50314,-35.55826787,143.6819754,GPS - SKM VA,54,Goulburn-Murray Water,North Central CMA,169.5,Mystic Park
50315,-35.55827618,143.6819385,GPS - SKM VA,54,Goulburn-Murray Water,North Central CMA,74,Mystic Park
50316,-35.55827549,143.6818963,GPS - SKM VA,54,Goulburn-Murray Water,North Central CMA,38,Mystic Park
50317,-35.55827399,143.6818425,GPS - SKM VA,54,Goulburn-Murray Water,North Central CMA,26,Mystic Park
113332,-35.51715132,143.7691508,TRANSLATION,54,,(Not set),28,Mystic Park
115415,-35.51876067,143.7377863,TRANSLATION,54,,(Not set),11.5,Mystic Park
WRK117057,-35.55822079,143.6819754,Not known,54,Goulburn-Murray Water,North Central CMA,,Mystic Park
WRK006321,-35.81196,145.52991,G-MW <30M VA,55,Goulburn-Murray Water,(Not set),7.3,Mywee
92729,-36.78735444,145.1676799,GPS - SKM VA,55,Goulburn-Murray Water,Goulburn Broken CMA,19.8,Nagambie
98144,-36.77038531,145.1946292,GPS - SKM VA,55,Goulburn-Murray Water,Goulburn Broken CMA,46,Nagambie
98145,-36.77040889,145.1946032,GPS - SKM VA,55,Goulburn-Murray Water,Goulburn Broken CMA,12,Nagambie
105284,-36.78850826,145.2192013,GLOBAL POSIT,55,Goulburn-Murray Water,(Not set),32.92,Nagambie
105287,-36.81727237,145.1818315,GPS - SKM VA,55,Goulburn-Murray Water,Goulburn Broken CMA,87,Nagambie
105317,-36.81726794,145.1818361,GPS - SKM VA,55,Goulburn-Murray Water,Goulburn Broken CMA,17,Nagambie
WRK007039,-36.80925291,145.1483203,G-MW <30M VA,55,Goulburn-Murray Water,(Not set),40.6,Nagambie
WRK007668,-36.752608,145.2201473,G-MW DESKTOP,55,Goulburn-Murray Water,(Not set),30.4,Nagambie
WRK953186,-36.7737345,145.2116868,TRANSLATION,55,Goulburn-Murray Water,Goulburn Broken CMA,85.5,Nagambie
WRK953187,-36.7737543,145.211666,TRANSLATION,55,Goulburn-Murray Water,Goulburn Broken CMA,58,Nagambie
117492,-38.34502553,143.46939,TRANSLATION,54,,(Not set),17.4,Nalangil
146931,-38.33034114,143.4389581,GLOBAL POSIT,54,Southern Rural Water,Corangamite CMA,24,Nalangil
116675,-36.43918476,145.7265437,TRANSLATION,55,Goulburn-Murray Water,(Not set),83,Nalinga
118701,-36.44534394,145.712496,TRANSLATION,55,,(Not set),19.7,Nalinga
118702,-36.44534394,145.712496,TRANSLATION,55,,(Not set),6.8,Nalinga
118703,-36.44534394,145.712496,TRANSLATION,55,,(Not set),3.1,Nalinga
118704,-36.43407189,145.7121239,TRANSLATION,55,,(Not set),16.6,Nalinga
118705,-36.43408388,145.7132398,TRANSLATION,55,,(Not set),4.9,Nalinga
41973,-38.09701322,146.8273913,TRANSLATION,55,,(Not set),13.71,Nambrok
42005,-38.09558233,146.8168344,TRANSLATION,55,,(Not set),12.49,Nambrok
42006,-38.0942724,146.8093215,TRANSLATION,55,,(Not set),16.15,Nambrok
42020,-38.09753317,146.8322142,TRANSLATION,55,,(Not set),18.59,Nambrok
42026,-38.09240657,146.7932467,TRANSLATION,55,,(Not set),19.2,Nambrok
42038,-38.07530243,146.888338,TRANSLATION,55,,(Not set),13.71,Nambrok
42039,-38.08085233,146.8095843,TRANSLATION,55,,(Not set),18.28,Nambrok
42041,-38.08977454,146.8852373,TRANSLATION,55,,(Not set),15.84,Nambrok
42051,-38.07281462,146.8702592,TRANSLATION,55,,(Not set),44,Nambrok
42058,-38.08913274,146.8665355,TRANSLATION,55,,(Not set),20.42,Nambrok
42063,-38.0683754,146.7969283,TRANSLATION,55,,(Not set),17.37,Nambrok
42067,-38.05395448,146.8738148,TRANSLATION,55,,(Not set),32.61,Nambrok
42068,-38.05158166,146.855856,TRANSLATION,55,,(Not set),20.42,Nambrok
42069,-38.04928784,146.8384563,TRANSLATION,55,,(Not set),19.2,Nambrok
42084,-38.09223335,146.903856,TRANSLATION,55,,(Not set),15.24,Nambrok
42095,-38.07053081,146.8518174,TRANSLATION,55,,(Not set),22.25,Nambrok
42108,-38.06811899,146.8342767,TRANSLATION,55,,(Not set),10.97,Nambrok
42117,-38.08273104,146.8361939,TRANSLATION,55,,(Not set),18.89,Nambrok
42118,-38.08670393,146.8483288,TRANSLATION,55,,(Not set),14.1,Nambrok
45761,-38.10469027,146.8261524,TRANSLATION,55,,(Not set),28,Nambrok
45762,-38.10469027,146.8261524,TRANSLATION,55,,(Not set),13,Nambrok
45763,-38.10469027,146.8261524,TRANSLATION,55,,(Not set),7,Nambrok
58937,-38.06889132,146.8547333,GLOBAL POSIT,55,Southern Rural Water,West Gippsland CMA,872.36,Nambrok
59308,-38.05416507,146.8757494,GPS - SKM VA,55,Southern Rural Water,West Gippsland CMA,250.7,Nambrok
59328,-38.05367448,146.8734168,TRANSLATION,55,,(Not set),5.36,Nambrok
59336,-38.09240657,146.7932467,TRANSLATION,55,,(Not set),6.17,Nambrok
115937,-38.0572715,146.8735929,TRANSLATION,55,,(Not set),20.5,Nambrok
136999,-38.0559813,146.8906126,TRANSLATION,55,,(Not set),20,Nambrok
40619,-35.30937168,142.7150461,GPS - SKM VA,54,Grampians Wimmera Mallee Water,Mallee CMA,20,Nandaly
7035,-34.47950393,142.3621362,TRANSLATION,54,,(Not set),7.2,Nangiloc
7874,-34.4563606,142.3076267,TRANSLATION,54,,(Not set),11.8,Nangiloc
83758,-36.31274449,144.8080805,GPS - SKM VA,55,Goulburn-Murray Water,North Central CMA,92,Nanneella
83759,-36.31277274,144.8081465,GPS - SKM VA,55,Goulburn-Murray Water,North Central CMA,18,Nanneella
WRK007913,-36.33926001,144.80772,G-MW <30M VA,55,Goulburn-Murray Water,(Not set),10,Nanneella
WRK956331,-37.69072759,143.8187164,NOT KNOWN,54,,Corangamite CMA,7,Napoleons
WRK956333,-37.68957518,143.8198066,NOT KNOWN,54,,Corangamite CMA,11.5,Napoleons
84038,-38.06910682,145.5760404,GPS - SKM VA,55,Southern Rural Water,Melbourne Water CMA,48,Nar Nar Goon North
88257,-37.80693675,142.4833048,GPS - SKM VA,54,Southern Rural Water,Glenelg Hopkins CMA,80,Nareeb
WRK053547,-36.3982453,147.8234111,NOT KNOWN,55,Goulburn-Murray Water,North East CMA,54,Nariel Valley
83964,-36.06561758,145.5955126,GPS - SKM VA,55,Goulburn-Murray Water,Goulburn Broken CMA,129,Naring
83965,-36.06558064,145.5955065,GPS - SKM VA,55,Goulburn-Murray Water,Goulburn Broken CMA,30,Naring
WRK007701,-36.04074143,145.5899615,G-MW <30M VA,55,Goulburn-Murray Water,(Not set),131,Naring
WRK011463,-36.04095755,145.6181097,Water Regist,55,Goulburn-Murray Water,Goulburn Broken CMA,86.5,Naring
WRK013594,-36.03694066,145.6033598,G-MW <30M VA,55,Goulburn-Murray Water,(Not set),132,Naring
141234,-38.38369917,142.7286684,GLOBAL POSIT,54,Southern Rural Water,Glenelg Hopkins CMA,30,Naringal
WRK961323,-38.37775793,142.7299972,GPS - SKM VA,54,Southern Rural Water,Glenelg Hopkins CMA,15,Naringal
WRK961324,-38.37916844,142.7296759,GPS - SKM VA,54,Southern Rural Water,Glenelg Hopkins CMA,15,Naringal
86197,-38.4299888,142.7564115,GLOBAL POSIT,54,Southern Rural Water,Glenelg Hopkins CMA,1128.31,Naringal East
26200,-34.78484697,143.2369007,TRANSLATION,54,,(Not set),25.75,Narrung
26201,-34.80011686,143.2143561,TRANSLATION,54,,(Not set),31.96,Narrung
26267,-34.77427127,143.2524501,TRANSLATION,54,,(Not set),11.3,Narrung
26272,-34.76015948,143.1968537,TRANSLATION,54,,(Not set),33,Narrung
26273,-34.7601615,143.196866,TRANSLATION,54,,(Not set),16.5,Narrung
48195,-36.02545481,145.2314041,GPS - SKM VA,55,Goulburn-Murray Water,Goulburn Broken CMA,223.5,Nathalia
48198,-36.02545701,145.2313928,GPS - SKM VA,55,Goulburn-Murray Water,Goulburn Broken CMA,16,Nathalia
48199,-36.06034574,145.2309527,GPS - SKM VA,55,Goulburn-Murray Water,Goulburn Broken CMA,16,Nathalia
48200,-36.06037635,145.2309272,GPS - SKM VA,55,Goulburn-Murray Water,Goulburn Broken CMA,255,Nathalia
68450,-36.12745819,145.2318819,GPS - SKM VA,55,Goulburn-Murray Water,Goulburn Broken CMA,31,Nathalia
68451,-36.12737356,145.2318944,GPS - SKM VA,55,Goulburn-Murray Water,Goulburn Broken CMA,150,Nathalia
97885,-36.09604139,145.2319017,GPS - SKM VA,55,Goulburn-Murray Water,Goulburn Broken CMA,13,Nathalia
97886,-36.09607457,145.2319071,GPS - SKM VA,55,Goulburn-Murray Water,Goulburn Broken CMA,19.5,Nathalia
109757,-36.09607419,145.2319119,GPS - SKM VA,55,Goulburn-Murray Water,Goulburn Broken CMA,148.13,Nathalia
109758,-36.09607419,145.2319119,GPS - SKM VA,55,Goulburn-Murray Water,Goulburn Broken CMA,148.13,Nathalia
WRK005892,-36.03377,145.21408,G-MW DESKTOP,55,Goulburn-Murray Water,(Not set),8.5,Nathalia
WRK005942,-36.03809,145.26815,G-MW <30M VA,55,Goulburn-Murray Water,(Not set),9.7,Nathalia
WRK005949,-36.04094479,145.2203797,G-MW <30M VA,55,Goulburn-Murray Water,(Not set),13.11,Nathalia
WRK005959,-36.03742444,145.2602743,Water Regist,55,Goulburn-Murray Water,(Not set),8,Nathalia
WRK006720,-36.03941,145.22433,G-MW <30M VA,55,Goulburn-Murray Water,(Not set),11.5,Nathalia
WRK006923,-36.02979634,145.1813774,Water Regist,55,,(Not set),7.92,Nathalia
WRK007454,-36.03556,145.25185,G-MW <30M VA,55,Goulburn-Murray Water,(Not set),7.62,Nathalia
WRK007600,-36.03731841,145.2275091,G-MW <30M VA,55,Goulburn-Murray Water,(Not set),9,Nathalia
WRK008281,-36.03726,145.22714,G-MW <30M VA,55,Goulburn-Murray Water,(Not set),8.54,Nathalia
WRK009565,-36.06144001,145.2279,G-MW <30M VA,55,Goulburn-Murray Water,Goulburn Broken CMA,10.5,Nathalia
WRK011234,-35.99822645,145.1707653,G-MW <30M VA,55,Goulburn-Murray Water,Goulburn Broken CMA,8.2,Nathalia
WRK060378,-36.06458793,145.2483925,NOT KNOWN,55,Goulburn-Murray Water,(Not set),10,Nathalia
84745,-36.76807444,141.944017,GPS - SKM VA,54,Grampians Wimmera Mallee Water,Wimmera CMA,147,Natimuk
84746,-36.76807871,141.9440696,GPS - SKM VA,54,Grampians Wimmera Mallee Water,Wimmera CMA,27,Natimuk
116642,-36.95872386,143.5038346,TRANSLATION,54,Goulburn-Murray Water,(Not set),81,Natte Yallock
117813,-36.92397787,143.4847383,TRANSLATION,54,,(Not set),19.5,Natte Yallock
117814,-36.92397787,143.4847383,TRANSLATION,54,,(Not set),6.2,Natte Yallock
117815,-36.9245487,143.5004711,TRANSLATION,54,,(Not set),18,Natte Yallock
117816,-36.9245487,143.5004711,TRANSLATION,54,,(Not set),8,Natte Yallock
117817,-36.94673164,143.5169162,TRANSLATION,54,,(Not set),18,Natte Yallock
117818,-36.94673164,143.5169162,TRANSLATION,54,,(Not set),7,Natte Yallock
117819,-36.93820934,143.450396,TRANSLATION,54,,(Not set),18,Natte Yallock
117820,-36.93820934,143.450396,TRANSLATION,54,,(Not set),5,Natte Yallock
117822,-36.95692285,143.5037756,TRANSLATION,54,,(Not set),12,Natte Yallock
117823,-36.90643303,143.4617233,TRANSLATION,54,,(Not set),5.5,Natte Yallock
117824,-36.90643303,143.4617233,TRANSLATION,54,,(Not set),18.2,Natte Yallock
117825,-36.90929713,143.4539594,TRANSLATION,54,,(Not set),5.4,Natte Yallock
117826,-36.90929713,143.4539594,TRANSLATION,54,,(Not set),18.2,Natte Yallock
8003928,-36.9105716,143.4542625,GLOBAL POSIT,54,Grampians Wimmera Mallee Water,North Central CMA,72,Natte Yallock
WRK956368,-36.98231909,143.4706095,NOT KNOWN,54,,North Central CMA,14.5,Natte Yallock
WRK956379,-36.90385272,143.4587615,NOT KNOWN,54,,North Central CMA,20,Natte Yallock
WRK956380,-36.90385272,143.4587615,NOT KNOWN,54,,North Central CMA,6,Natte Yallock
WRK956381,-36.90303125,143.4714158,NOT KNOWN,54,,North Central CMA,20,Natte Yallock
WRK956382,-36.90303125,143.4714158,NOT KNOWN,54,,North Central CMA,6,Natte Yallock
WRK957750,-36.91228448,143.4145883,NOT KNOWN,54,,North Central CMA,11.5,Natte Yallock
26173,-34.95055678,143.29997,TRANSLATION,54,,(Not set),25.7,Natya
26175,-34.9491403,143.2838617,TRANSLATION,54,,(Not set),25.53,Natya
26176,-34.9499871,143.2502482,TRANSLATION,54,,(Not set),25.66,Natya
26177,-34.95166892,143.1979411,TRANSLATION,54,,(Not set),25.42,Natya
26178,-34.95994395,143.1376825,TRANSLATION,54,,(Not set),28.1,Natya
26181,-34.95265754,143.3065942,TRANSLATION,54,,(Not set),10.47,Natya
26185,-34.95023713,143.3046875,TRANSLATION,54,,(Not set),11.35,Natya
WRK119924,-34.90446535,143.3109419,Not known,0,,(Not set),,Natya
WRK119925,-34.91012334,143.3276473,Not known,0,,(Not set),,Natya
WRK119927,-34.91035016,143.3322719,Not known,0,,(Not set),,Natya
117881,-36.92807595,143.0324636,TRANSLATION,54,,(Not set),18.3,Navarre
117882,-36.92807595,143.0324636,TRANSLATION,54,,(Not set),5.5,Navarre
WRK956156,-36.92338782,143.0329962,NOT KNOWN,54,,Wimmera CMA,71,Navarre
WRK956259,-36.88896313,143.095468,NOT KNOWN,54,,Wimmera CMA,11,Navarre
WRK956260,-36.89028986,143.0948535,NOT KNOWN,54,,Wimmera CMA,36,Navarre
WRK956261,-36.89028986,143.0948535,NOT KNOWN,54,,Wimmera CMA,24,Navarre
WRK956263,-36.89090635,143.1007725,NOT KNOWN,54,,Wimmera CMA,32,Navarre
7838,-34.24447722,141.333976,TRANSLATION,54,,(Not set),12,Neds Corner
7914,-34.2119497,141.5335384,TRANSLATION,54,,(Not set),25.3,Neds Corner
7915,-34.14356271,141.3278046,TRANSLATION,54,,(Not set),28,Neds Corner
7916,-34.1390557,141.3267026,TRANSLATION,54,,(Not set),8.95,Neds Corner
7919,-34.14356271,141.3278046,TRANSLATION,54,,(Not set),15.05,Neds Corner
7921,-34.14807173,141.3278217,TRANSLATION,54,,(Not set),16.5,Neds Corner
7923,-34.15596047,141.3346251,TRANSLATION,54,,(Not set),16.35,Neds Corner
7951,-34.22010692,141.5357212,TRANSLATION,54,,(Not set),36.36,Neds Corner
7952,-34.22890985,141.5346221,TRANSLATION,54,,(Not set),34.69,Neds Corner
7953,-34.25557168,141.5313199,TRANSLATION,54,,(Not set),28.3,Neds Corner
27024,-34.1831783,141.3340475,TRANSLATION,54,,(Not set),13.55,Neds Corner
104800,-34.26549022,141.3343614,GPS - SKM VA,54,Lower Murray Water,Mallee CMA,649.92,Neds Corner
104801,-34.2651423,141.3344682,GPS - SKM VA,54,Lower Murray Water,Mallee CMA,73,Neds Corner
REM012,-34.13321099,141.3649572,Not known,54,,(Not set),12,Neds Corner
REM013,-34.1397475,141.362143,Not known,54,,(Not set),12,Neds Corner
REM014,-34.1538135,141.3524473,Not known,54,,(Not set),12,Neds Corner
REM015,-34.12632623,141.3676256,Not known,54,,(Not set),12,Neds Corner
REM017,-34.15102842,141.4174497,Not known,54,,(Not set),12,Neds Corner
REM018,-34.15382585,141.4186801,Not known,54,,(Not set),12,Neds Corner
REM019,-34.1749199,141.4192339,Not known,54,,(Not set),12,Neds Corner
REM026,-34.21718711,141.5930882,Not known,54,,(Not set),13.75,Neds Corner
REM13A,-34.14656013,141.3592885,Not known,54,,,12,Neds Corner
WRK119811,-34.15454648,141.2661846,Not known,54,,(Not set),,Neds Corner
84796,-36.90545242,143.9666005,GPS - SKM VA,54,Goulburn-Murray Water,North Central CMA,100,Neereman
WRK010927,-36.91676733,143.9616284,G-MW DESKTOP,54,Goulburn-Murray Water,North Central CMA,79,Neereman
65058,-38.05839476,141.0927209,GPS - SKM VA,54,Southern Rural Water,Glenelg Hopkins CMA,140,Nelson
65070,-38.04031305,141.0493224,GLOBAL POSIT,54,Southern Rural Water,Glenelg Hopkins CMA,33.24,Nelson
101238,-38.0614764,141.1152406,GPS - SKM VA,54,Southern Rural Water,Glenelg Hopkins CMA,29,Nelson
101239,-38.05939398,141.1110459,GLOBAL POSIT,54,Southern Rural Water,Glenelg Hopkins CMA,1786.5,Nelson
101241,-38.07514363,141.1655493,GLOBAL POSIT,54,Southern Rural Water,Glenelg Hopkins CMA,11.16,Nelson
101246,-38.11026623,141.1992036,GLOBAL POSIT,54,Southern Rural Water,Glenelg Hopkins CMA,32,Nelson
85602,-37.76167382,143.0157155,GLOBAL POSIT,54,Southern Rural Water,Glenelg Hopkins CMA,98.39,Nerrin Nerrin
110097,-37.75559794,143.1247206,GLOBAL POSIT,54,Southern Rural Water,Glenelg Hopkins CMA,304.2,Nerrin Nerrin
110098,-37.75557071,143.1247464,GLOBAL POSIT,54,Southern Rural Water,Glenelg Hopkins CMA,69,Nerrin Nerrin
110099,-37.75555038,143.1247643,GPS - SKM VA,54,Southern Rural Water,Glenelg Hopkins CMA,90,Nerrin Nerrin
60436,-36.6228235,141.0746566,GPS - SKM VA,54,Grampians Wimmera Mallee Water,Wimmera CMA,107,Neuarpurr
129744,-36.74433333,141.0396544,GLOBAL POSIT,54,Grampians Wimmera Mallee Water,Wimmera CMA,48,Neuarpurr
129745,-36.74391272,141.0395836,GLOBAL POSIT,54,Grampians Wimmera Mallee Water,Wimmera CMA,48,Neuarpurr
129746,-36.69339286,141.0230399,GLOBAL POSIT,54,Grampians Wimmera Mallee Water,Wimmera CMA,48,Neuarpurr
129751,-36.76673372,141.0596204,GLOBAL POSIT,54,Grampians Wimmera Mallee Water,Wimmera CMA,48,Neuarpurr
129752,-36.71872065,141.0548642,GLOBAL POSIT,54,Grampians Wimmera Mallee Water,Wimmera CMA,45,Neuarpurr
141273,-36.70544156,140.9695118,GLOBAL POSIT,54,Grampians Wimmera Mallee Water,Wimmera CMA,45,Neuarpurr
8003880,-36.70552908,140.9694351,GLOBAL POSIT,54,Grampians Wimmera Mallee Water,Wimmera CMA,146,Neuarpurr
84156,-38.20105336,146.3067817,GLOBAL POSIT,55,Southern Rural Water,West Gippsland CMA,249.9,Newborough
WRK015389,-36.74222305,143.9294515,NOT KNOWN,54,Goulburn-Murray Water,(Not set),61,Newbridge
WRK952851,-36.74317933,143.9842071,TRANSLATION,54,Goulburn-Murray Water,North Central CMA,33,Newbridge
WRK952852,-36.73713948,143.9671122,TRANSLATION,54,Goulburn-Murray Water,North Central CMA,71,Newbridge
WRK952853,-36.73716648,143.9671113,TRANSLATION,54,Goulburn-Murray Water,North Central CMA,40,Newbridge
87250,-38.55317902,143.0157759,GPS - SKM VA,54,Southern Rural Water,Corangamite CMA,658.5,Newfield
87251,-38.5535619,143.0158069,GPS - SKM VA,54,Southern Rural Water,Corangamite CMA,268,Newfield
CHWB26,-37.56854515,143.8167396,Not known,54,,(Not set),,Newington
116382,-37.40222874,143.9674185,GLOBAL POSIT,54,Goulburn-Murray Water,North Central CMA,95,Newlyn
138658,-37.419552,143.977847,TRANSLATION,54,Goulburn-Murray Water,North Central CMA,61,Newlyn
SP068047,-37.386943,143.983759,GLOBAL POSIT,54,Goulburn-Murray Water,North Central CMA,156,Newlyn
SP068048,-37.386936,143.983705,GLOBAL POSIT,54,Goulburn-Murray Water,North Central CMA,28,Newlyn
SP068752,-37.386931,143.983651,GLOBAL POSIT,54,Goulburn-Murray Water,North Central CMA,78,Newlyn
SP068753,-37.386924,143.983592,GLOBAL POSIT,54,Goulburn-Murray Water,North Central CMA,120,Newlyn
WRK952869,-37.377483,144.006589,GLOBAL POSIT,55,Goulburn-Murray Water,North Central CMA,80,Newlyn North
WRK952870,-37.37736132,144.0066082,GLOBAL POSIT,55,Goulburn-Murray Water,North Central CMA,24,Newlyn North
57909,-37.84026936,144.8701521,GLOBAL POSIT,55,Southern Rural Water,Melbourne Water CMA,42.67,Newport
57924,-37.83629557,144.8689103,GPS - SKM VA,55,Southern Rural Water,Melbourne Water CMA,24,Newport
76860,-37.91999814,146.9310346,TRANSLATION,55,Southern Rural Water,(Not set),20.13,Newry
76888,-37.92852765,146.8887884,TRANSLATION,55,,(Not set),25,Newry
76892,-37.91999814,146.9310346,TRANSLATION,55,Southern Rural Water,(Not set),5.75,Newry
76893,-37.90790412,146.8858226,Not known,55,,,7.4,Newry
76896,-37.92852765,146.8887884,TRANSLATION,55,,(Not set),5.45,Newry
130371,-37.93401419,146.9331268,TRANSLATION,55,Southern Rural Water,(Not set),10,Newry
131257,-37.93076132,146.9195879,TRANSLATION,55,Southern Rural Water,(Not set),11,Newry
144943,-37.91716026,146.9185337,TRANSLATION,55,Southern Rural Water,(Not set),11,Newry
92124,-37.11141206,144.0555886,GLOBAL POSIT,55,Goulburn-Murray Water,North Central CMA,57,Newstead
92132,-37.11701136,144.0618979,GLOBAL POSIT,55,Goulburn-Murray Water,North Central CMA,39.5,Newstead
47503,-36.32925047,141.6589938,GPS - SKM VA,54,Grampians Wimmera Mallee Water,Wimmera CMA,322.5,Nhill
112204,-36.31941135,141.4272763,GLOBAL POSIT,54,Grampians Wimmera Mallee Water,Wimmera CMA,288,Nhill
112205,-36.31940253,141.4272477,GPS - SKM VA,54,Grampians Wimmera Mallee Water,Wimmera CMA,173,Nhill
112206,-36.31942315,141.427228,GPS - SKM VA,54,Grampians Wimmera Mallee Water,Wimmera CMA,89,Nhill
113245,-36.26328207,141.527873,GLOBAL POSIT,54,Grampians Wimmera Mallee Water,Wimmera CMA,303.4,Nhill
113247,-36.26327398,141.5278477,GLOBAL POSIT,54,Grampians Wimmera Mallee Water,Wimmera CMA,131.8,Nhill
113248,-36.26326366,141.5278155,GLOBAL POSIT,54,Grampians Wimmera Mallee Water,Wimmera CMA,47,Nhill
8003864,-36.15327557,141.7255961,GLOBAL POSIT,54,Grampians Wimmera Mallee Water,Wimmera CMA,48,Nhill
8003865,-36.15330262,141.7255963,GLOBAL POSIT,54,Grampians Wimmera Mallee Water,Wimmera CMA,75,Nhill
8003871,-36.32834208,141.6705057,GLOBAL POSIT,54,Grampians Wimmera Mallee Water,Wimmera CMA,267,Nhill
8003872,-36.32834208,141.6705057,GLOBAL POSIT,54,Grampians Wimmera Mallee Water,Wimmera CMA,70,Nhill
8003873,-36.32834208,141.6705057,GLOBAL POSIT,54,Grampians Wimmera Mallee Water,Wimmera CMA,108,Nhill
8003884,-36.42903823,141.7383281,GLOBAL POSIT,54,Grampians Wimmera Mallee Water,Wimmera CMA,249.5,Nhill
8003885,-36.42892049,141.7384163,GLOBAL POSIT,54,Grampians Wimmera Mallee Water,Wimmera CMA,66,Nhill
8003886,-36.42887528,141.7384382,GLOBAL POSIT,54,Grampians Wimmera Mallee Water,Wimmera CMA,108,Nhill
WRK064715,-36.3337,141.6584,TRANSLATION,54,Grampians Wimmera Mallee Water,(Not set),146.3,Nhill
7955,-34.22394881,142.2340027,TRANSLATION,54,,(Not set),25.48,Nichols Point
7956,-34.22463897,142.2297046,TRANSLATION,54,,(Not set),25.58,Nichols Point
7960,-34.22495415,142.2160508,TRANSLATION,54,,(Not set),10.37,Nichols Point
7961,-34.22543721,142.2140057,TRANSLATION,54,,(Not set),25.6,Nichols Point
WRK070075,-34.19597949,142.2211815,Not known,54,,(Not set),15.5,Nichols Point
WRK990061,-38.147923,146.012976,NOT KNOWN,55,Southern Rural Water,West Gippsland CMA,102,Nilma North
WRK990062,-38.147913,146.012921,NOT KNOWN,55,Southern Rural Water,West Gippsland CMA,18,Nilma North
40612,-35.44041259,142.7762905,GPS - SKM VA,54,Grampians Wimmera Mallee Water,Mallee CMA,6.1,Ninda
40613,-35.45293478,142.8028691,GPS - SKM VA,54,Grampians Wimmera Mallee Water,Mallee CMA,5,Ninda
85932,-36.00359042,143.4016347,GPS - SKM VA,54,Grampians Wimmera Mallee Water,North Central CMA,98.9,Ninyeunook
85933,-36.00360251,143.4016251,GPS - SKM VA,54,Grampians Wimmera Mallee Water,North Central CMA,42,Ninyeunook
119382,-35.99208901,143.3836181,GPS - SKM VA,54,Grampians Wimmera Mallee Water,North Central CMA,14,Ninyeunook
141239,-38.51310389,142.742007,GLOBAL POSIT,54,Southern Rural Water,Glenelg Hopkins CMA,35.3,Nirranda
141240,-38.51307646,142.7419974,GLOBAL POSIT,54,Southern Rural Water,Glenelg Hopkins CMA,75,Nirranda
52363,-35.81010257,143.6952473,GPS - SKM VA,54,Goulburn-Murray Water,North Central CMA,154.82,Normanville
52364,-35.81011566,143.6953428,GPS - SKM VA,54,Goulburn-Murray Water,North Central CMA,70,Normanville
52365,-35.81007644,143.6954439,GPS - SKM VA,54,Goulburn-Murray Water,North Central CMA,12.5,Normanville
86160,-36.08234691,146.3332651,GLOBAL POSIT,55,Goulburn-Murray Water,North East CMA,21.33,Norong
WRK957273,-36.08227985,146.333689,NOT KNOWN,55,,North East CMA,24.3,Norong
WRK957274,-36.14352839,146.2968355,NOT KNOWN,55,,North East CMA,19.84,Norong
121453,-38.11598897,144.3399378,GPS - SKM VA,55,Southern Rural Water,Corangamite CMA,8,North Geelong
121458,-38.11536701,144.3583644,GPS - SKM VA,55,Southern Rural Water,Corangamite CMA,18,North Geelong
121459,-38.10602758,144.3588679,GPS - SKM VA,55,Southern Rural Water,Corangamite CMA,6.5,North Geelong
121452,-38.08820778,144.3760703,GPS - SKM VA,55,Southern Rural Water,Corangamite CMA,6,North Shore
WRK053420,-36.3305931,146.3460697,NOT KNOWN,55,Goulburn-Murray Water,North East CMA,12,North Wangaratta
WRK053434,-36.33063325,146.345998,NOT KNOWN,55,Goulburn-Murray Water,North East CMA,102,North Wangaratta
86174,-36.97303636,145.1171771,GPS - SKM VA,55,Goulburn-Murray Water,Goulburn Broken CMA,29,Northwood
85937,-38.46896317,142.7445498,GLOBAL POSIT,54,Southern Rural Water,Glenelg Hopkins CMA,1685.54,Nullawarre
85942,-38.51216146,142.7412527,GLOBAL POSIT,54,Southern Rural Water,Glenelg Hopkins CMA,990,Nullawarre
141241,-38.49087779,142.805212,GLOBAL POSIT,54,Southern Rural Water,Corangamite CMA,30,Nullawarre
141238,-38.4399399,142.8116415,GLOBAL POSIT,54,Southern Rural Water,Glenelg Hopkins CMA,35,Nullawarre North
8002842,-35.88997156,143.0607917,GLOBAL POSIT,54,Grampians Wimmera Mallee Water,Mallee CMA,37,Nullawil
8002861,-35.81472496,143.1463886,NOT KNOWN,54,Grampians Wimmera Mallee Water,Mallee CMA,48,Nullawil
48281,-36.07461317,145.4316408,GPS - SKM VA,55,Goulburn-Murray Water,Goulburn Broken CMA,116.43,Numurkah
48288,-36.07463715,145.431649,GPS - SKM VA,55,Goulburn-Murray Water,Goulburn Broken CMA,16.5,Numurkah
61288,-36.13178876,145.4500109,GPS - SKM VA,55,Goulburn-Murray Water,Goulburn Broken CMA,205,Numurkah
61289,-36.13178957,145.4500249,GPS - SKM VA,55,Goulburn-Murray Water,Goulburn Broken CMA,29.5,Numurkah
61290,-36.13174513,145.4500041,GPS - SKM VA,55,Goulburn-Murray Water,Goulburn Broken CMA,69.5,Numurkah
69706,-36.04882636,145.4316033,GPS - SKM VA,55,Goulburn-Murray Water,Goulburn Broken CMA,99.67,Numurkah
69708,-36.05650191,145.4518384,GPS - SKM VA,55,Goulburn-Murray Water,Goulburn Broken CMA,66,Numurkah
69709,-36.05536229,145.4803099,GPS - SKM VA,55,Goulburn-Murray Water,Goulburn Broken CMA,19,Numurkah
WRK005688,-36.02057001,145.37968,G-MW <30M VA,55,Goulburn-Murray Water,(Not set),8,Numurkah
WRK005690,-36.03097,145.40951,G-MW <30M VA,55,,(Not set),4.5,Numurkah
WRK006259,-36.02081,145.37276,G-MW <30M VA,55,Goulburn-Murray Water,Goulburn Broken CMA,8,Numurkah
WRK006680,-36.04658249,145.5276705,G-MW <30M VA,55,Goulburn-Murray Water,(Not set),139.2,Numurkah
WRK006797,-36.07300965,145.4798434,TRANSLATION,55,Goulburn-Murray Water,(Not set),102,Numurkah
WRK006805,-36.05772,145.35389,G-MW <30M VA,55,Goulburn-Murray Water,(Not set),9.1,Numurkah
WRK007372,-36.0578,145.46065,G-MW <30M VA,55,Goulburn-Murray Water,(Not set),9.71,Numurkah
WRK009645,-36.09168,145.48045,G-MW <30M VA,55,Goulburn-Murray Water,Goulburn Broken CMA,7.4,Numurkah
WRK013686,-36.03339319,145.4138534,GLOBAL POSIT,55,Goulburn-Murray Water,(Not set),,Numurkah
WRK014905,-36.05874471,145.3505504,NOT KNOWN,55,Goulburn-Murray Water,Goulburn Broken CMA,10.5,Numurkah
WRK015179,-36.0734085,145.4110291,NOT KNOWN,55,Goulburn-Murray Water,(Not set),102,Numurkah
WRK078812,-36.07920068,145.4491423,NOT KNOWN,55,Goulburn-Murray Water,(Not set),140,Numurkah
68434,-36.56612554,141.6514434,GPS - SKM VA,54,Grampians Wimmera Mallee Water,Wimmera CMA,57,Nurcoung
68436,-36.56624963,141.6515162,GPS - SKM VA,54,Grampians Wimmera Mallee Water,Wimmera CMA,238.55,Nurcoung
8003963,-36.5582,141.6495,GLOBAL POSIT,54,Grampians Wimmera Mallee Water,Wimmera CMA,102,Nurcoung
56444,-36.94139562,142.028973,GLOBAL POSIT,54,Grampians Wimmera Mallee Water,Wimmera CMA,20,Nurrabiel
26157,-35.18517726,143.3762965,TRANSLATION,54,,(Not set),31,Nyah
WRK119928,-35.14340761,143.3705008,Not known,0,,(Not set),,Nyah
WRK119929,-35.1511561,143.3771464,Not known,0,,(Not set),,Nyah
WRK119931,-35.11500681,143.359661,Not known,0,,(Not set),,Nyah
26158,-35.18519621,143.3648814,TRANSLATION,54,,(Not set),25.48,Nyah West
26159,-35.18537389,143.3308746,TRANSLATION,54,,(Not set),25.3,Nyah West
110130,-35.18560566,143.3348574,TRANSLATION,54,,(Not set),132,Nyah West
6026,-35.36141883,142.6521388,GPS - SKM VA,54,Grampians Wimmera Mallee Water,Mallee CMA,38,Nyarrin
6032,-35.36536823,142.7199084,GPS - SKM VA,54,Grampians Wimmera Mallee Water,Mallee CMA,22,Nyarrin
6520,-35.36532824,142.7200705,GPS - SKM VA,54,Grampians Wimmera Mallee Water,Mallee CMA,65,Nyarrin
89308,-35.90654418,143.5759373,GPS - SKM VA,54,Goulburn-Murray Water,North Central CMA,173,Oakvale
89309,-35.90647786,143.5759407,GPS - SKM VA,54,Goulburn-Murray Water,North Central CMA,92,Oakvale
89310,-35.90643559,143.5759363,GPS - SKM VA,54,Goulburn-Murray Water,North Central CMA,27,Oakvale
WRK957461,-38.04533578,145.4222633,NOT KNOWN,55,,Melbourne Water CMA,10.5,Officer
WRK957462,-38.04533578,145.4222633,NOT KNOWN,55,,Melbourne Water CMA,5,Officer
WRK957472,-38.04361499,145.4229725,NOT KNOWN,55,,Melbourne Water CMA,16.29,Officer
79930,-37.8371463,145.3919316,GLOBAL POSIT,55,Southern Rural Water,Melbourne Water CMA,31,Olinda
110534,-38.16979346,143.8504071,GLOBAL POSIT,54,Southern Rural Water,Corangamite CMA,31.7,Ombersley
110535,-38.1850367,143.8448022,GLOBAL POSIT,54,Southern Rural Water,Corangamite CMA,31,Ombersley
110536,-38.23093621,143.8399266,GLOBAL POSIT,54,Southern Rural Water,Corangamite CMA,40,Ombersley
111786,-38.17041162,143.8177549,GLOBAL POSIT,54,Southern Rural Water,Corangamite CMA,1527.46,Ombersley
111787,-38.17072043,143.8178098,GLOBAL POSIT,54,Southern Rural Water,Corangamite CMA,30.5,Ombersley
WRK053612,-36.9473898,147.6079311,NOT KNOWN,55,Goulburn-Murray Water,North East CMA,74,Omeo Valley
WRK053613,-36.9474176,147.6080364,NOT KNOWN,55,Goulburn-Murray Water,North East CMA,19,Omeo Valley
26687,-38.27290794,143.6245194,GPS - SKM VA,54,Southern Rural Water,Corangamite CMA,10.39,Ondit
26843,-38.257841,143.6434852,GLOBAL POSIT,54,Southern Rural Water,Corangamite CMA,13,Ondit
142699,-38.21194981,143.5925849,GPS - SKM VA,54,Southern Rural Water,Corangamite CMA,15,Ondit
142705,-38.24330087,143.5858082,GPS - SKM VA,54,Southern Rural Water,Corangamite CMA,54,Ondit
115732,-37.72036951,148.4515685,GPS - SKM VA,55,Southern Rural Water,East Gippsland CMA,45.2,Orbost
2090,-36.4095779,145.4600875,GPS - SKM VA,55,Goulburn-Murray Water,Goulburn Broken CMA,5.5,Orrvale
90911,-36.40955157,145.4601011,GPS - SKM VA,55,Goulburn-Murray Water,Goulburn Broken CMA,122.5,Orrvale
90912,-36.4095408,145.4600842,GPS - SKM VA,55,Goulburn-Murray Water,Goulburn Broken CMA,18,Orrvale
26255,-34.95426309,142.4083789,TRANSLATION,54,,(Not set),27,Ouyen
86881,-35.08007319,142.275197,GPS - SKM VA,54,Grampians Wimmera Mallee Water,Mallee CMA,60,Ouyen
86884,-35.08282464,142.2968529,GPS - SKM VA,54,Grampians Wimmera Mallee Water,Mallee CMA,333,Ouyen
86885,-35.08269501,142.2968677,GPS - SKM VA,54,Grampians Wimmera Mallee Water,Mallee CMA,195,Ouyen
95114,-35.18556081,142.1763631,GPS - SKM VA,54,Grampians Wimmera Mallee Water,Mallee CMA,30,Ouyen
95115,-35.18556487,142.1763929,GPS - SKM VA,54,Grampians Wimmera Mallee Water,Mallee CMA,7.2,Ouyen
95116,-35.18456426,142.1734563,GPS - SKM VA,54,Grampians Wimmera Mallee Water,Mallee CMA,26,Ouyen
95117,-35.18461038,142.1734474,GPS - SKM VA,54,Grampians Wimmera Mallee Water,Mallee CMA,7,Ouyen
116760,-35.21665042,142.1966737,TRANSLATION,54,,(Not set),78,Ouyen
116762,-34.95149741,142.2309298,TRANSLATION,54,,(Not set),78,Ouyen
8002851,-34.94245122,142.0445262,GLOBAL POSIT,54,Grampians Wimmera Mallee Water,Mallee CMA,48,Ouyen
8002862,-34.89841156,142.1934553,GLOBAL POSIT,54,Grampians Wimmera Mallee Water,Mallee CMA,51,Ouyen
48048,-36.60921662,146.78551,GPS - SKM VA,55,Goulburn-Murray Water,North East CMA,53.03,Ovens
48051,-36.6148269,146.7864461,GPS - SKM VA,55,Goulburn-Murray Water,North East CMA,37.18,Ovens
48052,-36.61415683,146.7900579,GPS - SKM VA,55,Goulburn-Murray Water,North East CMA,45.11,Ovens
48054,-36.6113654,146.7925657,GPS - SKM VA,55,Goulburn-Murray Water,North East CMA,57.6,Ovens
48070,-36.61162504,146.7925181,GPS - SKM VA,55,Goulburn-Murray Water,North East CMA,12,Ovens
48071,-36.61421133,146.7900857,GPS - SKM VA,55,Goulburn-Murray Water,North East CMA,12,Ovens
48072,-36.6139253,146.7878543,GPS - SKM VA,55,Goulburn-Murray Water,North East CMA,12,Ovens
48073,-36.61478451,146.786439,GPS - SKM VA,55,Goulburn-Murray Water,North East CMA,11,Ovens
110738,-36.44293463,146.3778311,GLOBAL POSIT,55,Goulburn-Murray Water,North East CMA,101,Oxley
WRK957269,-36.47193791,146.3799622,NOT KNOWN,55,,North East CMA,14.45,Oxley
WRK957270,-36.47061727,146.3860783,NOT KNOWN,55,,North East CMA,13.95,Oxley
WRK957280,-36.44289168,146.3783077,NOT KNOWN,55,,North East CMA,8.63,Oxley
WRK957284,-36.49715516,146.3961971,NOT KNOWN,55,,North East CMA,17.2,Oxley
WRK054466,-36.3983638,146.4104422,NOT KNOWN,55,Goulburn-Murray Water,North East CMA,102,Oxley Flats
WRK054545,-36.3983694,146.4104801,NOT KNOWN,55,Goulburn-Murray Water,North East CMA,35,Oxley Flats
60610,-36.80644979,141.3434839,GPS - SKM VA,54,Grampians Wimmera Mallee Water,Wimmera CMA,151,Ozenkadnook
60623,-36.80620072,141.3435144,GPS - SKM VA,54,Grampians Wimmera Mallee Water,Wimmera CMA,184,Ozenkadnook
60636,-36.8124644,141.3452199,GPS - SKM VA,54,Grampians Wimmera Mallee Water,Wimmera CMA,58,Ozenkadnook
60637,-36.81242572,141.3452539,GPS - SKM VA,54,Grampians Wimmera Mallee Water,Wimmera CMA,12,Ozenkadnook
60639,-36.81310752,141.345652,GPS - SKM VA,54,Grampians Wimmera Mallee Water,Wimmera CMA,10.2,Ozenkadnook
84032,-38.11032879,145.5373292,GLOBAL POSIT,55,Southern Rural Water,Melbourne Water CMA,67,Pakenham
WRK957455,-38.0738886,145.5066166,NOT KNOWN,55,,Melbourne Water CMA,17.5,Pakenham
WRK957458,-38.06674834,145.5078219,NOT KNOWN,55,,Melbourne Water CMA,20,Pakenham
WRK957459,-38.07207479,145.5106891,NOT KNOWN,55,,Melbourne Water CMA,15,Pakenham
71184,-38.13902434,145.4884449,GPS - SKM VA,55,Southern Rural Water,Melbourne Water CMA,81.99,Pakenham South
49676,-34.9195104,141.0297475,GPS - SKM VA,54,Lower Murray Water,Mallee CMA,458.03,Panitya
49678,-34.91508522,141.0358486,GLOBAL POSIT,54,Lower Murray Water,Mallee CMA,97,Panitya
54612,-35.23951061,141.0416425,GPS - SKM VA,54,Grampians Wimmera Mallee Water,Mallee CMA,152,Panitya
85806,-35.35269926,141.0693649,GPS - SKM VA,54,Grampians Wimmera Mallee Water,Mallee CMA,205,Panitya
130694,-35.08751152,140.9807031,GLOBAL POSIT,54,Grampians Wimmera Mallee Water,Mallee CMA,90,Panitya
130695,-35.13204876,140.9875528,GLOBAL POSIT,54,Grampians Wimmera Mallee Water,(Not set),62,Panitya
130696,-35.21521487,140.9996924,GLOBAL POSIT,54,Grampians Wimmera Mallee Water,(Not set),74,Panitya
134949,-35.07712628,141.0752586,TRANSLATION,54,Grampians Wimmera Mallee Water,Mallee CMA,96,Panitya
134950,-35.15844032,140.9754379,GLOBAL POSIT,54,Grampians Wimmera Mallee Water,(Not set),78,Panitya
134951,-35.05201822,140.9748996,GLOBAL POSIT,54,Grampians Wimmera Mallee Water,(Not set),71,Panitya
137190,-35.07680464,141.0752519,GPS - SKM VA,54,Grampians Wimmera Mallee Water,Mallee CMA,40,Panitya
137194,-35.05106715,141.0344427,GLOBAL POSIT,54,Grampians Wimmera Mallee Water,Mallee CMA,82,Panitya
137195,-34.98986298,141.0171634,GPS - SKM VA,54,Lower Murray Water,Mallee CMA,81,Panitya
137196,-34.98986701,141.0171719,GLOBAL POSIT,54,Lower Murray Water,Mallee CMA,32,Panitya
137294,-34.91940061,141.0303952,GLOBAL POSIT,54,Lower Murray Water,Mallee CMA,34.5,Panitya
138359,-35.14569247,140.9996267,GLOBAL POSIT,54,Grampians Wimmera Mallee Water,(Not set),105,Panitya
143069,-35.13204875,140.9874979,GLOBAL POSIT,54,Grampians Wimmera Mallee Water,(Not set),41,Panitya
8003858,-34.91936943,141.0296154,NOT KNOWN,54,Lower Murray Water,Mallee CMA,86,Panitya
8004040,-35.28758423,141.0689642,GLOBAL POSIT,54,Grampians Wimmera Mallee Water,Mallee CMA,99,Panitya
8004041,-35.28758422,141.0689862,GLOBAL POSIT,54,Grampians Wimmera Mallee Water,Mallee CMA,50,Panitya
141233,-38.31769457,142.7122207,GLOBAL POSIT,54,Southern Rural Water,Glenelg Hopkins CMA,60,Panmure
WRK961325,-38.37519028,142.730331,TRANSLATION,54,Southern Rural Water,Glenelg Hopkins CMA,31.5,Panmure
117924,-36.84034267,143.1019052,TRANSLATION,54,,(Not set),18,Paradise
117925,-36.84034267,143.1019052,TRANSLATION,54,,(Not set),9,Paradise
117926,-36.85033178,143.0976934,TRANSLATION,54,,(Not set),18,Paradise
117927,-36.85033178,143.0976934,TRANSLATION,54,,(Not set),9,Paradise
117928,-36.8630229,143.0935537,TRANSLATION,54,,(Not set),18,Paradise
117929,-36.8630229,143.0935537,TRANSLATION,54,,(Not set),9,Paradise
117930,-36.85048888,143.0887255,TRANSLATION,54,,(Not set),20,Paradise
117931,-36.85062697,143.0808786,TRANSLATION,54,,(Not set),29,Paradise
117932,-36.84915717,143.0617739,TRANSLATION,54,,(Not set),9,Paradise
117933,-36.84923522,143.0572899,TRANSLATION,54,,(Not set),27,Paradise
WRK956407,-36.86974363,143.0869893,NOT KNOWN,54,,North Central CMA,18,Paradise
WRK956408,-36.870904,143.0886587,NOT KNOWN,54,,North Central CMA,13,Paradise
WRK958081,-36.85077965,143.0931801,NOT KNOWN,54,,North Central CMA,79,Paradise
WRK956770,-38.27481138,144.1802752,NOT KNOWN,55,,Corangamite CMA,20,Paraparap
WRK956773,-38.28379918,144.1793557,NOT KNOWN,55,,Corangamite CMA,5,Paraparap
WRK956774,-38.28379918,144.1793557,NOT KNOWN,55,,Corangamite CMA,20,Paraparap
WRK956776,-38.28265101,144.1691012,NOT KNOWN,55,,Corangamite CMA,20,Paraparap
WRK956779,-38.27730526,144.1715949,NOT KNOWN,55,,Corangamite CMA,20,Paraparap
110164,-35.39036259,142.0849558,GLOBAL POSIT,54,Grampians Wimmera Mallee Water,Mallee CMA,179.6,Patchewollock
110422,-35.39035766,142.084862,GLOBAL POSIT,54,Grampians Wimmera Mallee Water,Mallee CMA,276,Patchewollock
110520,-35.39031242,142.084981,GPS - SKM VA,54,Grampians Wimmera Mallee Water,Mallee CMA,60,Patchewollock
8002844,-35.38709888,142.293378,GLOBAL POSIT,54,Grampians Wimmera Mallee Water,Mallee CMA,55,Patchewollock
40320,-35.96847048,144.4256509,TRANSLATION,55,,(Not set),18.29,Patho
40321,-35.97651755,144.4226171,TRANSLATION,55,,(Not set),18.29,Patho
40322,-35.98682763,144.4200643,TRANSLATION,55,,(Not set),13.72,Patho
40323,-35.99588165,144.4219874,TRANSLATION,55,,(Not set),18.29,Patho
97152,-36.03407375,144.4356497,GPS - SKM VA,55,Goulburn-Murray Water,North Central CMA,145,Patho
97153,-36.03414502,144.4356991,GPS - SKM VA,55,Goulburn-Murray Water,North Central CMA,20.5,Patho
128276,-35.9666741,144.4597474,TRANSLATION,55,Goulburn-Murray Water,(Not set),10.5,Patho
128279,-35.96253744,144.4263978,TRANSLATION,55,Goulburn-Murray Water,(Not set),10.5,Patho
51844,-36.91797933,141.204813,GPS - SKM VA,54,Grampians Wimmera Mallee Water,Wimmera CMA,51.81,Patyah
51845,-36.87807133,141.1808502,GPS - SKM VA,54,Grampians Wimmera Mallee Water,Wimmera CMA,70.1,Patyah
67829,-36.9795583,141.3069578,GPS - SKM VA,54,Grampians Wimmera Mallee Water,Wimmera CMA,150,Patyah
67847,-36.97921768,141.3070106,GPS - SKM VA,54,Grampians Wimmera Mallee Water,Wimmera CMA,150,Patyah
WRK950427,-36.893187,141.2344978,NOT KNOWN,54,Grampians Wimmera Mallee Water,Wimmera CMA,67,Patyah
WRK950428,-36.8932142,141.234499,NOT KNOWN,54,Grampians Wimmera Mallee Water,Wimmera CMA,38,Patyah
112993,-38.13429102,147.0446545,TRANSLATION,55,,(Not set),13.46,Pearsondale
140202,-38.12654624,147.0215228,TRANSLATION,55,Southern Rural Water,(Not set),15,Pearsondale
140204,-38.13208133,147.015477,TRANSLATION,55,Southern Rural Water,(Not set),13,Pearsondale
140277,-38.13862918,147.0328238,TRANSLATION,55,Southern Rural Water,(Not set),17,Pearsondale
WRK957179,-36.13839984,146.2129887,NOT KNOWN,55,,North East CMA,10.76,Peechelba
WRK957180,-36.13775101,146.2089273,NOT KNOWN,55,,North East CMA,9.63,Peechelba
WRK053412,-36.1627586,146.2377829,NOT KNOWN,55,Goulburn-Murray Water,North East CMA,65,Peechelba East
WRK957252,-36.1909449,146.2512926,NOT KNOWN,55,,North East CMA,5.35,Peechelba East
WRK957258,-36.19090891,146.2513041,NOT KNOWN,55,,North East CMA,16.78,Peechelba East
WRK957259,-36.18835743,146.2556213,NOT KNOWN,55,,North East CMA,15.48,Peechelba East
WRK957260,-36.18391998,146.2642015,NOT KNOWN,55,,North East CMA,14.35,Peechelba East
82846,-38.42475678,143.8513378,GLOBAL POSIT,54,Southern Rural Water,Corangamite CMA,131,Pennyroyal
117543,-38.41929567,143.8455019,TRANSLATION,54,Southern Rural Water,(Not set),18,Pennyroyal
69835,-37.80409383,142.2899835,GPS - SKM VA,54,Southern Rural Water,Glenelg Hopkins CMA,128,Penshurst
87939,-35.3656062,143.5821147,GPS - SKM VA,54,Goulburn-Murray Water,North Central CMA,294.95,Pental Island
87940,-35.36559882,143.5819939,GPS - SKM VA,54,Goulburn-Murray Water,North Central CMA,92,Pental Island
87941,-35.4157911,143.7482132,GPS - SKM VA,54,Goulburn-Murray Water,North Central CMA,90.5,Pental Island
87942,-35.4157631,143.7482394,GPS - SKM VA,54,Goulburn-Murray Water,North Central CMA,14,Pental Island
87943,-35.38601366,143.6687269,GPS - SKM VA,54,Goulburn-Murray Water,North Central CMA,41.5,Pental Island
87944,-35.38600441,143.6687414,GPS - SKM VA,54,Goulburn-Murray Water,North Central CMA,20,Pental Island
87945,-35.44191493,143.7909626,GPS - SKM VA,54,Goulburn-Murray Water,North Central CMA,40,Pental Island
87946,-35.44193647,143.7909442,GPS - SKM VA,54,Goulburn-Murray Water,North Central CMA,32,Pental Island
87947,-35.44193841,143.7909902,GPS - SKM VA,54,Goulburn-Murray Water,North Central CMA,23,Pental Island
140460,-36.73940914,141.3116185,GLOBAL POSIT,54,Grampians Wimmera Mallee Water,Wimmera CMA,66,Peronne
140463,-36.73942717,141.3116186,GLOBAL POSIT,54,Grampians Wimmera Mallee Water,Wimmera CMA,30,Peronne
8003102,-36.68826202,141.3553801,NOT KNOWN,54,Grampians Wimmera Mallee Water,Mallee CMA,84,Peronne
77914,-38.0416809,147.2847761,TRANSLATION,55,Southern Rural Water,(Not set),10.7,Perry Bridge
77918,-38.03166022,147.3419391,TRANSLATION,55,Southern Rural Water,(Not set),19,Perry Bridge
77924,-38.03759426,147.3407472,TRANSLATION,55,Southern Rural Water,(Not set),19,Perry Bridge
77927,-38.04553032,147.3388694,TRANSLATION,55,Southern Rural Water,(Not set),20.97,Perry Bridge
77929,-38.04553032,147.3388694,TRANSLATION,55,Southern Rural Water,(Not set),5.49,Perry Bridge
77930,-38.02322751,147.3114794,TRANSLATION,55,Southern Rural Water,(Not set),21.28,Perry Bridge
77933,-38.02949857,147.3086576,TRANSLATION,55,Southern Rural Water,(Not set),21.28,Perry Bridge
77936,-38.03435061,147.3077087,TRANSLATION,55,Southern Rural Water,(Not set),21.7,Perry Bridge
77938,-38.03435061,147.3077087,TRANSLATION,55,Southern Rural Water,(Not set),4.91,Perry Bridge
77939,-38.04031965,147.3067088,TRANSLATION,55,Southern Rural Water,(Not set),21.14,Perry Bridge
77942,-38.05001272,147.304789,TRANSLATION,55,Southern Rural Water,(Not set),21.35,Perry Bridge
77945,-38.00480681,147.2866994,GPS - SKM VA,55,Southern Rural Water,West Gippsland CMA,875.75,Perry Bridge
77947,-38.00498047,147.2862533,GPS - SKM VA,55,Southern Rural Water,West Gippsland CMA,116.13,Perry Bridge
109044,-37.95572712,147.2011047,GLOBAL POSIT,55,Southern Rural Water,West Gippsland CMA,156,Perry Bridge
WRK017753,-37.48818611,145.3049265,GLOBAL POSIT,55,Goulburn-Murray Water,Goulburn Broken CMA,67,Pheasant Creek
WRK952885,-37.468863,145.281131,GLOBAL POSIT,55,Goulburn-Murray Water,Goulburn Broken CMA,35,Pheasant Creek
26162,-35.05238937,143.329592,TRANSLATION,54,,(Not set),25.35,Piangil
26163,-35.05206391,143.3251155,TRANSLATION,54,,(Not set),25.5,Piangil
26164,-35.05277391,143.3200381,TRANSLATION,54,,(Not set),25.5,Piangil
26165,-35.05450296,143.3084417,TRANSLATION,54,,(Not set),25.5,Piangil
26166,-35.05534854,143.2784694,TRANSLATION,54,,(Not set),27.05,Piangil
26183,-35.05535634,143.2784542,TRANSLATION,54,,(Not set),7.93,Piangil
26269,-35.05240317,143.3305241,TRANSLATION,54,,(Not set),10.68,Piangil
26280,-35.05930228,143.1795412,TRANSLATION,54,,(Not set),54,Piangil
88000,-35.0556169,143.2202966,GPS - SKM VA,54,Grampians Wimmera Mallee Water,Mallee CMA,392,Piangil
128043,-35.05755143,143.1911421,TRANSLATION,54,,(Not set),6.07,Piangil
128046,-35.0555221,143.225401,TRANSLATION,54,,(Not set),7.42,Piangil
84016,-36.02699429,145.0546128,GPS - SKM VA,55,Goulburn-Murray Water,Goulburn Broken CMA,233,Picola
84021,-36.02700286,145.0546415,GPS - SKM VA,55,Goulburn-Murray Water,Goulburn Broken CMA,14.5,Picola
88009,-35.96518285,145.1318324,GPS - SKM VA,55,Goulburn-Murray Water,Goulburn Broken CMA,239,Picola
88010,-35.96522952,145.1318318,GPS - SKM VA,55,Goulburn-Murray Water,Goulburn Broken CMA,17,Picola
WRK012291,-35.95049651,145.1444825,NOT KNOWN,55,Goulburn-Murray Water,(Not set),,Picola
116999,-36.62564163,142.0135273,TRANSLATION,54,,(Not set),17.7,Pimpinio
117000,-36.62489083,141.9956235,TRANSLATION,54,,(Not set),15.2,Pimpinio
117001,-36.62489083,141.9956235,TRANSLATION,54,,(Not set),11,Pimpinio
117002,-36.62495592,141.9877956,TRANSLATION,54,,(Not set),15.9,Pimpinio
117003,-36.62495592,141.9877956,TRANSLATION,54,,(Not set),8.7,Pimpinio
100500,-36.22350327,144.4314955,GPS - SKM VA,55,Goulburn-Murray Water,(Not set),138.85,Pine Grove
100501,-36.22348905,144.4315471,GPS - SKM VA,55,Goulburn-Murray Water,North Central CMA,121.2,Pine Grove
WRK013592,-36.20712003,144.46948,G-MW DESKTOP,55,Goulburn-Murray Water,(Not set),,Pine Grove
88034,-36.40849073,145.5300134,GPS - SKM VA,55,Goulburn-Murray Water,Goulburn Broken CMA,94,Pine Lodge
109657,-36.32785107,145.4981083,GPS - SKM VA,55,Goulburn-Murray Water,Goulburn Broken CMA,15.55,Pine Lodge
109658,-36.3278794,145.4980956,GPS - SKM VA,55,Goulburn-Murray Water,Goulburn Broken CMA,15.4,Pine Lodge
119384,-35.24287079,143.3633257,TRANSLATION,54,,(Not set),26,Pira
119385,-35.24322386,143.3899146,TRANSLATION,54,,(Not set),28,Pira
117854,-37.69228962,143.4602712,TRANSLATION,54,,(Not set),17.3,Pittong
77226,-37.65874387,144.702568,GPS - SKM VA,55,Southern Rural Water,Melbourne Water CMA,69,Plumpton
6034,-35.24418136,143.0887868,GPS - SKM VA,54,Grampians Wimmera Mallee Water,Mallee CMA,9,Polisbet
111230,-38.29441524,143.3674106,GLOBAL POSIT,54,Southern Rural Water,Corangamite CMA,33.6,Pomborneit East
111231,-38.29441292,143.3673873,GLOBAL POSIT,54,Southern Rural Water,Corangamite CMA,49,Pomborneit East
26841,-38.20174584,143.3315967,GLOBAL POSIT,54,Southern Rural Water,Corangamite CMA,10.5,Pomborneit North
89039,-38.22606523,143.3191703,GLOBAL POSIT,54,Southern Rural Water,Corangamite CMA,7.5,Pomborneit North
89040,-38.22606211,143.3191707,GPS - SKM VA,54,Southern Rural Water,Corangamite CMA,18,Pomborneit North
89085,-38.21627319,143.3211108,GLOBAL POSIT,54,Southern Rural Water,Corangamite CMA,368,Pomborneit North
111229,-38.21669222,143.3279315,GLOBAL POSIT,54,Southern Rural Water,Corangamite CMA,36,Pomborneit North
67849,-37.21122956,142.6054966,GPS - SKM VA,54,Grampians Wimmera Mallee Water,Wimmera CMA,142.04,Pomonal
82177,-37.27224095,142.6129303,GPS - SKM VA,54,Grampians Wimmera Mallee Water,Wimmera CMA,152.7,Pomonal
82179,-37.34703092,142.61377,GPS - SKM VA,54,Grampians Wimmera Mallee Water,Wimmera CMA,64.01,Pomonal
84874,-37.34713316,142.6216878,GLOBAL POSIT,54,Grampians Wimmera Mallee Water,Wimmera CMA,136,Pomonal
103182,-37.28816604,142.5372596,GPS - SKM VA,54,Grampians Wimmera Mallee Water,Wimmera CMA,64,Pomonal
88214,-36.42337244,144.0823914,GLOBAL POSIT,55,Goulburn-Murray Water,North Central CMA,128.02,Pompapiel
88238,-36.42342117,144.0824125,GLOBAL POSIT,55,Goulburn-Murray Water,North Central CMA,30,Pompapiel
88239,-36.4234119,144.0824017,GLOBAL POSIT,55,Goulburn-Murray Water,North Central CMA,14,Pompapiel
116813,-36.42353421,144.0514639,TRANSLATION,55,,(Not set),90.5,Pompapiel
118060,-36.42308887,144.0521977,TRANSLATION,55,,(Not set),11,Pompapiel
118061,-36.42308887,144.0521977,TRANSLATION,55,,(Not set),5,Pompapiel
118064,-36.42273762,144.0745124,TRANSLATION,55,,(Not set),13,Pompapiel
118065,-36.42273762,144.0745124,TRANSLATION,55,,(Not set),5,Pompapiel
118068,-36.42290155,144.0811963,TRANSLATION,55,,(Not set),11,Pompapiel
118069,-36.42290155,144.0811963,TRANSLATION,55,,(Not set),5,Pompapiel
118074,-36.42295552,144.0834253,TRANSLATION,55,,(Not set),11,Pompapiel
118075,-36.42295552,144.0834253,TRANSLATION,55,,(Not set),5,Pompapiel
118086,-36.42284117,144.1157668,TRANSLATION,55,,(Not set),11,Pompapiel
118087,-36.42284117,144.1157668,TRANSLATION,55,,(Not set),5,Pompapiel
WRK009397,-36.41837112,144.1275821,G-MW DESKTOP,55,Goulburn-Murray Water,North Central CMA,112,Pompapiel
WRK956439,-36.42328643,144.1359873,NOT KNOWN,55,,North Central CMA,14,Pompapiel
WRK956440,-36.42328643,144.1359873,NOT KNOWN,55,,North Central CMA,9,Pompapiel
74255,-37.20142462,141.0202448,GPS - SKM VA,54,Southern Rural Water,Wimmera CMA,30,Poolaijelo
76919,-37.16628107,141.1358669,GPS - SKM VA,54,Southern Rural Water,Wimmera CMA,28,Poolaijelo
88271,-36.70308478,146.9249225,GLOBAL POSIT,55,Goulburn-Murray Water,North East CMA,15,Porepunkah
88272,-36.70303979,146.9244945,GLOBAL POSIT,55,Goulburn-Murray Water,North East CMA,15,Porepunkah
88273,-36.70337785,146.9240639,GLOBAL POSIT,55,Goulburn-Murray Water,North East CMA,15,Porepunkah
88274,-36.69071037,146.8991366,GPS - SKM VA,55,Goulburn-Murray Water,North East CMA,90.5,Porepunkah
109652,-36.70290215,146.9246616,GLOBAL POSIT,55,Goulburn-Murray Water,North East CMA,60,Porepunkah
109653,-36.70290215,146.9246616,GLOBAL POSIT,55,Goulburn-Murray Water,North East CMA,60,Porepunkah
116737,-36.65645007,146.9145554,TRANSLATION,55,Goulburn-Murray Water,(Not set),58,Porepunkah
48567,-38.36168788,142.1473473,GLOBAL POSIT,54,Southern Rural Water,Glenelg Hopkins CMA,1483.77,Port Fairy
141298,-38.38194371,142.1856051,GLOBAL POSIT,54,Southern Rural Water,Glenelg Hopkins CMA,15,Port Fairy
141299,-38.38192142,142.1856348,GLOBAL POSIT,54,Southern Rural Water,Glenelg Hopkins CMA,36,Port Fairy
141300,-38.35796764,142.2512003,GLOBAL POSIT,54,Southern Rural Water,Glenelg Hopkins CMA,14,Port Fairy
141301,-38.35795868,142.251238,GLOBAL POSIT,54,Southern Rural Water,Glenelg Hopkins CMA,36,Port Fairy
WRK059112,-38.69619,146.45521,Not known,55,Southern Rural Water,West Gippsland CMA,,Port Welshpool
88367,-38.33365926,141.6075365,GLOBAL POSIT,54,Southern Rural Water,Glenelg Hopkins CMA,1438.48,Portland
88370,-38.38345148,141.6056539,GLOBAL POSIT,54,Southern Rural Water,Glenelg Hopkins CMA,1383.79,Portland
88372,-38.38050719,141.6085267,GLOBAL POSIT,54,Southern Rural Water,Glenelg Hopkins CMA,1595.32,Portland
73504,-36.46542301,143.8576059,GPS - SKM VA,54,Goulburn-Murray Water,North Central CMA,63,Powlett Plains
88554,-36.41225761,143.8918101,GPS - SKM VA,54,Goulburn-Murray Water,North Central CMA,73,Powlett Plains
88555,-36.41222387,143.891823,GLOBAL POSIT,54,Goulburn-Murray Water,North Central CMA,12,Powlett Plains
WRK129992,-36.41215995,143.891823,Not known,54,Goulburn-Murray Water,(Not set),12,Powlett Plains
6328,-36.29832276,144.1849358,TRANSLATION,55,,(Not set),7.1,Prairie
36347,-36.29920072,144.2812104,TRANSLATION,55,,(Not set),4.2,Prairie
36349,-36.29963094,144.2605977,TRANSLATION,55,,(Not set),5.2,Prairie
36351,-36.298723,144.1637671,TRANSLATION,55,,(Not set),6,Prairie
36352,-36.2991732,144.1448243,TRANSLATION,55,,(Not set),4.2,Prairie
92792,-36.31391026,144.1632922,GLOBAL POSIT,55,Goulburn-Murray Water,North Central CMA,114,Prairie
92793,-36.31394786,144.1633576,GLOBAL POSIT,55,Goulburn-Murray Water,North Central CMA,81,Prairie
92794,-36.31394998,144.1634466,GLOBAL POSIT,55,Goulburn-Murray Water,North Central CMA,42,Prairie
92795,-36.31387026,144.1635052,GLOBAL POSIT,55,Goulburn-Murray Water,North Central CMA,10,Prairie
88746,-36.75224114,145.4025548,GPS - SKM VA,55,Goulburn-Murray Water,Goulburn Broken CMA,10,Pranjip
88747,-36.75253676,145.4083085,GPS - SKM VA,55,Goulburn-Murray Water,Goulburn Broken CMA,60,Pranjip
75069,-38.64380968,143.2305404,GPS - SKM VA,54,Southern Rural Water,Corangamite CMA,209,Princetown
75070,-38.64390926,143.2306058,GPS - SKM VA,54,Southern Rural Water,Corangamite CMA,47,Princetown
97995,-38.64709256,143.1341511,GPS - SKM VA,54,Southern Rural Water,Corangamite CMA,501.5,Princetown
WRK118663,-38.643787,143.2305404,Not known,54,Southern Rural Water,Corangamite CMA,,Princetown
116650,-36.88454351,144.853515,TRANSLATION,55,,(Not set),37,Puckapunyal
116651,-36.89436162,144.8481913,TRANSLATION,55,,(Not set),50,Puckapunyal
72649,-37.81030056,143.0689048,GLOBAL POSIT,54,Southern Rural Water,Glenelg Hopkins CMA,175,Pura Pura
72650,-37.81021628,143.0688286,GLOBAL POSIT,54,Southern Rural Water,Glenelg Hopkins CMA,54,Pura Pura
95074,-37.87793717,143.0596809,GLOBAL POSIT,54,Southern Rural Water,Glenelg Hopkins CMA,6,Pura Pura
95075,-37.87792332,143.0596997,GLOBAL POSIT,54,Southern Rural Water,Glenelg Hopkins CMA,40,Pura Pura
95076,-37.86261059,143.0658932,GLOBAL POSIT,54,Southern Rural Water,Glenelg Hopkins CMA,42,Pura Pura
95077,-37.86261479,143.0658849,GLOBAL POSIT,54,Southern Rural Water,Glenelg Hopkins CMA,24.5,Pura Pura
95078,-37.86261069,143.0658514,GLOBAL POSIT,54,Southern Rural Water,Glenelg Hopkins CMA,17,Pura Pura
95079,-37.86006638,143.0428167,GLOBAL POSIT,54,Southern Rural Water,Glenelg Hopkins CMA,42,Pura Pura
95080,-37.86005255,143.0427924,GPS - SKM VA,54,Southern Rural Water,Glenelg Hopkins CMA,22,Pura Pura
95081,-37.86004025,143.0427646,GLOBAL POSIT,54,Southern Rural Water,Glenelg Hopkins CMA,7,Pura Pura
110110,-37.88396077,143.0649529,GPS - SKM VA,54,Southern Rural Water,Glenelg Hopkins CMA,47,Pura Pura
110111,-37.88395329,143.0649219,GPS - SKM VA,54,Southern Rural Water,Glenelg Hopkins CMA,23,Pura Pura
110112,-37.88395005,143.0648943,GPS - SKM VA,54,Southern Rural Water,Glenelg Hopkins CMA,14,Pura Pura
110113,-37.88922907,143.0751576,GLOBAL POSIT,54,Southern Rural Water,Glenelg Hopkins CMA,13,Pura Pura
110114,-37.88922563,143.0751636,GLOBAL POSIT,54,Southern Rural Water,Glenelg Hopkins CMA,49,Pura Pura
110115,-37.88919336,143.075169,GLOBAL POSIT,54,Southern Rural Water,Glenelg Hopkins CMA,19,Pura Pura
WRK958139,-37.06694062,144.8929522,NOT KNOWN,55,,Goulburn Broken CMA,43,Pyalong
WRK958142,-37.04956514,144.8818738,NOT KNOWN,55,,Goulburn Broken CMA,18.8,Pyalong
79394,-36.03376151,144.0490983,GLOBAL POSIT,55,Goulburn-Murray Water,North Central CMA,101,Pyramid Hill
79395,-36.03387996,144.0491143,GLOBAL POSIT,55,Goulburn-Murray Water,North Central CMA,51,Pyramid Hill
79396,-36.03391625,144.0491241,GLOBAL POSIT,55,Goulburn-Murray Water,North Central CMA,10,Pyramid Hill
52367,-35.77099358,143.5348886,GPS - SKM VA,54,Grampians Wimmera Mallee Water,North Central CMA,206,Quambatook
52368,-35.77099361,143.5349556,GPS - SKM VA,54,Grampians Wimmera Mallee Water,North Central CMA,140,Quambatook
96445,-35.89798651,143.4424358,GPS - SKM VA,54,Grampians Wimmera Mallee Water,North Central CMA,145,Quambatook
110186,-35.77099287,143.5347858,GLOBAL POSIT,54,Grampians Wimmera Mallee Water,North Central CMA,60,Quambatook
110873,-35.89794511,143.4424326,GPS - SKM VA,54,Grampians Wimmera Mallee Water,North Central CMA,50,Quambatook
112521,-35.89892295,143.5139641,GPS - SKM VA,54,Grampians Wimmera Mallee Water,North Central CMA,127,Quambatook
112522,-35.89906778,143.513797,GPS - SKM VA,54,Grampians Wimmera Mallee Water,North Central CMA,96,Quambatook
112523,-35.89902931,143.5138263,GPS - SKM VA,54,Grampians Wimmera Mallee Water,North Central CMA,56,Quambatook
112524,-35.89899964,143.5138573,GPS - SKM VA,54,Grampians Wimmera Mallee Water,North Central CMA,25,Quambatook
112525,-35.770984,143.5348644,GLOBAL POSIT,54,Grampians Wimmera Mallee Water,North Central CMA,19,Quambatook
119383,-35.93137215,143.4731383,GPS - SKM VA,54,Grampians Wimmera Mallee Water,North Central CMA,16.5,Quambatook
WRK116005,-35.77095599,143.5349556,Not known,54,Grampians Wimmera Mallee Water,North Central CMA,,Quambatook
97856,-36.72663305,142.0513735,GPS - SKM VA,54,Grampians Wimmera Mallee Water,Wimmera CMA,130.6,Quantong
97857,-36.7266485,142.0514192,GPS - SKM VA,54,Grampians Wimmera Mallee Water,Wimmera CMA,26.5,Quantong
97858,-36.72664481,142.051435,GPS - SKM VA,54,Grampians Wimmera Mallee Water,Wimmera CMA,21,Quantong
117025,-36.76853492,142.0635851,TRANSLATION,54,,(Not set),17.7,Quantong
117026,-36.76853492,142.0635851,TRANSLATION,54,,(Not set),8.5,Quantong
WRK958419,-36.77536849,142.0642779,Not known,54,,,2,Quantong
SP036786,-37.36380929,143.3468177,Not known,54,,,,Raglan
WRK047179,-37.36361632,143.346552,NOT KNOWN,54,Southern Rural Water,Glenelg Hopkins CMA,86,Raglan
WRK950389,-35.9040443,142.1672182,NOT KNOWN,54,Grampians Wimmera Mallee Water,Mallee CMA,34,Rainbow
WRK958400,-35.89564318,141.9707297,NOT KNOWN,54,,Wimmera CMA,9999,Rainbow
116652,-36.99111254,143.5487125,TRANSLATION,54,Goulburn-Murray Water,(Not set),69,Rathscar
WRK956210,-36.99187498,143.5509441,NOT KNOWN,54,,North Central CMA,18,Rathscar
WRK956391,-36.98318616,143.5702111,NOT KNOWN,54,,North Central CMA,20,Rathscar
WRK956392,-36.98318616,143.5702111,NOT KNOWN,54,,North Central CMA,6,Rathscar
8003924,-37.03902,143.47805,Not known,54,Grampians Wimmera Mallee Water,North Central CMA,44,Rathscar West
8003934,-37.00416016,143.4962967,GLOBAL POSIT,54,Grampians Wimmera Mallee Water,North Central CMA,86,Rathscar West
8003936,-37.00420087,143.4962891,GLOBAL POSIT,54,Grampians Wimmera Mallee Water,North Central CMA,11,Rathscar West
8003937,-37.00418279,143.4962918,GLOBAL POSIT,54,Grampians Wimmera Mallee Water,North Central CMA,88,Rathscar West
WRK956393,-37.00590467,143.4843741,NOT KNOWN,54,,North Central CMA,6,Rathscar West
WRK957894,-36.85235689,144.1802528,NOT KNOWN,55,,North Central CMA,7,Ravenswood
36401,-36.54554731,144.0827288,GLOBAL POSIT,55,Goulburn-Murray Water,North Central CMA,25.18,Raywood
36403,-36.54552284,144.1046314,GLOBAL POSIT,55,Goulburn-Murray Water,North Central CMA,25.22,Raywood
36404,-36.54552284,144.1046314,GLOBAL POSIT,55,Goulburn-Murray Water,North Central CMA,11.65,Raywood
36406,-36.54554425,144.1297266,GLOBAL POSIT,55,Goulburn-Murray Water,North Central CMA,10.05,Raywood
36407,-36.51675201,144.157247,GPS - SKM VA,55,Goulburn-Murray Water,North Central CMA,25,Raywood
36408,-36.51675409,144.1572847,GLOBAL POSIT,55,Goulburn-Murray Water,North Central CMA,9.75,Raywood
36409,-36.50975394,144.1347895,GLOBAL POSIT,55,Goulburn-Murray Water,North Central CMA,25,Raywood
36410,-36.50993795,144.0951075,GLOBAL POSIT,55,Goulburn-Murray Water,North Central CMA,25,Raywood
36411,-36.50979007,144.1142472,GLOBAL POSIT,55,Goulburn-Murray Water,North Central CMA,25.09,Raywood
36412,-36.50978926,144.1142138,GLOBAL POSIT,55,Goulburn-Murray Water,North Central CMA,5.88,Raywood
106558,-36.49029394,144.1406725,GPS - SKM VA,55,Goulburn-Murray Water,North Central CMA,53,Raywood
106559,-36.49028416,144.1406405,GLOBAL POSIT,55,Goulburn-Murray Water,North Central CMA,13,Raywood
116613,-36.49313443,144.3084853,TRANSLATION,55,,(Not set),50,Raywood
7053,-34.3805566,142.3281898,TRANSLATION,54,,(Not set),22,Red Cliffs
7055,-34.35351038,142.3013033,TRANSLATION,54,,(Not set),19.5,Red Cliffs
7056,-34.35851211,142.3274561,TRANSLATION,54,,(Not set),20,Red Cliffs
7059,-34.34492678,142.3277312,TRANSLATION,54,,(Not set),14.5,Red Cliffs
7064,-34.35295371,142.3646753,TRANSLATION,54,,(Not set),30,Red Cliffs
7464,-34.28556244,142.2283614,TRANSLATION,54,,(Not set),7.5,Red Cliffs
7480,-34.35750564,142.3731459,TRANSLATION,54,,(Not set),30,Red Cliffs
7481,-34.33959734,142.3918128,TRANSLATION,54,,(Not set),30,Red Cliffs
7538,-34.34087437,142.2307059,TRANSLATION,54,,(Not set),30,Red Cliffs
7589,-34.37194534,142.1380566,TRANSLATION,54,,(Not set),30,Red Cliffs
7590,-34.37197293,142.1380402,TRANSLATION,54,,(Not set),5.65,Red Cliffs
7616,-34.34499833,142.3589486,TRANSLATION,54,,(Not set),7.7,Red Cliffs
7620,-34.34613293,142.3568326,TRANSLATION,54,,(Not set),10.8,Red Cliffs
7635,-34.38129041,142.2522435,TRANSLATION,54,,(Not set),30,Red Cliffs
7636,-34.38125807,142.252144,TRANSLATION,54,,(Not set),15.2,Red Cliffs
7643,-34.33536292,142.3740691,TRANSLATION,54,,(Not set),15,Red Cliffs
7649,-34.38082569,142.3579332,TRANSLATION,54,,(Not set),30,Red Cliffs
7650,-34.38083191,142.35788,TRANSLATION,54,,(Not set),9.03,Red Cliffs
7656,-34.34275546,142.1862892,TRANSLATION,54,,(Not set),7.7,Red Cliffs
7661,-34.362418,142.2305346,TRANSLATION,54,,(Not set),30,Red Cliffs
7671,-34.33882819,142.3572762,TRANSLATION,54,,(Not set),30.3,Red Cliffs
7672,-34.33879507,142.3572415,TRANSLATION,54,,(Not set),10,Red Cliffs
7678,-34.33472249,142.1319669,TRANSLATION,54,,(Not set),30.3,Red Cliffs
7686,-34.27787454,142.2343744,TRANSLATION,54,,(Not set),30,Red Cliffs
7687,-34.27791272,142.2343842,TRANSLATION,54,,(Not set),10.7,Red Cliffs
7688,-34.27573349,142.2276639,TRANSLATION,54,,(Not set),30.2,Red Cliffs
7689,-34.27577531,142.2276883,TRANSLATION,54,,(Not set),10.6,Red Cliffs
7694,-34.28992707,142.2064704,TRANSLATION,54,,(Not set),30.3,Red Cliffs
7695,-34.29543834,142.1866612,TRANSLATION,54,,(Not set),30.3,Red Cliffs
7698,-34.32639263,142.2176346,TRANSLATION,54,,(Not set),30.3,Red Cliffs
7699,-34.32641757,142.2176309,TRANSLATION,54,,(Not set),3.5,Red Cliffs
7700,-34.31957675,142.2367475,TRANSLATION,54,,(Not set),30.2,Red Cliffs
7740,-34.30887904,142.2115256,TRANSLATION,54,,(Not set),30.3,Red Cliffs
7747,-34.28388077,142.1676469,TRANSLATION,54,,(Not set),30.2,Red Cliffs
7860,-34.33879084,142.397102,TRANSLATION,54,,(Not set),9.05,Red Cliffs
7879,-34.34047265,142.264992,TRANSLATION,54,,(Not set),39,Red Cliffs
7969,-34.3396174,142.3918073,TRANSLATION,54,,(Not set),25.28,Red Cliffs
7993,-34.32819395,142.2433171,TRANSLATION,54,,(Not set),11.7,Red Cliffs
7995,-34.32202494,142.2455676,TRANSLATION,54,,(Not set),10,Red Cliffs
7996,-34.31123372,142.2495193,TRANSLATION,54,,(Not set),30.46,Red Cliffs
7997,-34.31139931,142.2497618,TRANSLATION,54,,(Not set),6.7,Red Cliffs
8002526_A,-34.28490645,142.2351667,Not known,54,,(Not set),,Red Cliffs
8002526_B,-34.28493444,142.2384363,Not known,54,,(Not set),,Red Cliffs
8002526_C,-34.28501778,142.2455486,Not known,54,,(Not set),,Red Cliffs
B12A,-34.28431857,142.2169129,Not known,54,,(Not set),,Red Cliffs
B12D,-34.28438883,142.2168805,Not known,54,,(Not set),,Red Cliffs
MMO14,-34.30061343,142.2296525,Not known,54,,(Not set),29,Red Cliffs
WRK070078,-34.33540437,142.2777005,Not known,54,,(Not set),14,Red Cliffs
WRK070079,-34.32244596,142.1858612,Not known,54,,(Not set),33,Red Cliffs
WRK070080,-34.35244088,142.3843095,Not known,54,,(Not set),10.9,Red Cliffs
WRK957464,-38.33859782,145.0271438,NOT KNOWN,55,,Melbourne Water CMA,14.54,Red Hill
SP068248,-37.194951,143.73122,GLOBAL POSIT,54,Goulburn-Murray Water,North Central CMA,36,Red Lion
SP068249,-37.195008,143.731206,GLOBAL POSIT,54,Goulburn-Murray Water,North Central CMA,30,Red Lion
89425,-36.93806475,143.3235918,TRANSLATION,54,,(Not set),,Redbank
WRK956383,-36.9196248,143.3768588,NOT KNOWN,54,,North Central CMA,20,Redbank
WRK956384,-36.9196248,143.3768588,NOT KNOWN,54,,North Central CMA,9.78,Redbank
WRK956385,-36.9236901,143.3573861,NOT KNOWN,54,,North Central CMA,20,Redbank
WRK956388,-36.9327748,143.3170935,NOT KNOWN,54,,North Central CMA,20,Redbank
WRK956389,-36.9327748,143.3170935,NOT KNOWN,54,,North Central CMA,6,Redbank
WRK957741,-36.91063092,143.312944,NOT KNOWN,54,,North Central CMA,16,Redbank
WRK957742,-36.91063092,143.312944,NOT KNOWN,54,,North Central CMA,5.5,Redbank
WRK957744,-36.91111327,143.3168643,NOT KNOWN,54,,North Central CMA,11.5,Redbank
116708,-36.74896775,144.8572997,TRANSLATION,55,Goulburn-Murray Water,(Not set),30,Redcastle
116709,-36.7479758,144.8522877,TRANSLATION,55,Goulburn-Murray Water,(Not set),30,Redcastle
58527,-35.68666635,143.8788954,GPS - SKM VA,54,Goulburn-Murray Water,North Central CMA,29.7,Reedy Lake
58528,-35.68666548,143.8788864,GLOBAL POSIT,54,Goulburn-Murray Water,North Central CMA,11.5,Reedy Lake
58529,-35.67088777,143.8740413,GPS - SKM VA,54,Goulburn-Murray Water,North Central CMA,29.5,Reedy Lake
58530,-35.67090271,143.8740497,GPS - SKM VA,54,Goulburn-Murray Water,North Central CMA,11.5,Reedy Lake
58531,-35.67163504,143.8829078,GPS - SKM VA,54,Goulburn-Murray Water,North Central CMA,24,Reedy Lake
58533,-35.64118893,143.8788197,GPS - SKM VA,54,Goulburn-Murray Water,North Central CMA,27.5,Reedy Lake
58534,-35.67194349,143.8850948,GPS - SKM VA,54,Goulburn-Murray Water,North Central CMA,31,Reedy Lake
58535,-35.67195391,143.8850887,GPS - SKM VA,54,Goulburn-Murray Water,North Central CMA,16,Reedy Lake
58536,-35.67226641,143.8695741,GPS - SKM VA,54,Goulburn-Murray Water,North Central CMA,18,Reedy Lake
58537,-35.67227258,143.8695719,GPS - SKM VA,54,Goulburn-Murray Water,North Central CMA,7,Reedy Lake
58538,-35.67196508,143.8850738,GPS - SKM VA,54,Goulburn-Murray Water,North Central CMA,53,Reedy Lake
58539,-35.67226277,143.8879665,GPS - SKM VA,54,Goulburn-Murray Water,North Central CMA,102,Reedy Lake
58540,-35.67228368,143.8879963,GPS - SKM VA,54,Goulburn-Murray Water,North Central CMA,7,Reedy Lake
58541,-35.67261858,143.8910816,GPS - SKM VA,54,Goulburn-Murray Water,North Central CMA,35,Reedy Lake
58542,-35.67262695,143.8910897,GPS - SKM VA,54,Goulburn-Murray Water,North Central CMA,11.5,Reedy Lake
58543,-35.67321556,143.8970059,GLOBAL POSIT,54,Goulburn-Murray Water,North Central CMA,25,Reedy Lake
58544,-35.65557027,143.8814162,GPS - SKM VA,54,Goulburn-Murray Water,North Central CMA,35,Reedy Lake
58545,-35.65556694,143.881401,GPS - SKM VA,54,Goulburn-Murray Water,North Central CMA,15,Reedy Lake
58546,-35.65346742,143.8850758,GPS - SKM VA,54,Goulburn-Murray Water,North Central CMA,25,Reedy Lake
58547,-35.6534564,143.8850881,GPS - SKM VA,54,Goulburn-Murray Water,North Central CMA,8.5,Reedy Lake
58548,-35.65311641,143.8869118,GPS - SKM VA,54,Goulburn-Murray Water,North Central CMA,35,Reedy Lake
58549,-35.64116984,143.875734,GPS - SKM VA,54,Goulburn-Murray Water,North Central CMA,38,Reedy Lake
58550,-35.64114746,143.8757288,GPS - SKM VA,54,Goulburn-Murray Water,North Central CMA,21,Reedy Lake
58551,-35.64113546,143.8757231,GPS - SKM VA,54,Goulburn-Murray Water,North Central CMA,12,Reedy Lake
58552,-35.64142375,143.8769953,GPS - SKM VA,54,Goulburn-Murray Water,North Central CMA,35,Reedy Lake
58553,-35.64117931,143.8788315,GPS - SKM VA,54,Goulburn-Murray Water,North Central CMA,35,Reedy Lake
58554,-35.64118299,143.8788207,GPS - SKM VA,54,Goulburn-Murray Water,North Central CMA,5.52,Reedy Lake
58555,-35.63520554,143.8710915,GPS - SKM VA,54,Goulburn-Murray Water,North Central CMA,36,Reedy Lake
58556,-35.63519303,143.871074,GPS - SKM VA,54,Goulburn-Murray Water,North Central CMA,21,Reedy Lake
58557,-35.63521198,143.871081,GPS - SKM VA,54,Goulburn-Murray Water,North Central CMA,10,Reedy Lake
58558,-35.63366887,143.8725341,GPS - SKM VA,54,Goulburn-Murray Water,North Central CMA,36,Reedy Lake
58559,-35.63368063,143.87255,GPS - SKM VA,54,Goulburn-Murray Water,North Central CMA,20,Reedy Lake
58560,-35.656,143.875,GPS - SKM VA,54,Goulburn-Murray Water,North Central CMA,28,Reedy Lake
58561,-35.656,143.875,GPS - SKM VA,54,Goulburn-Murray Water,North Central CMA,11,Reedy Lake
58562,-35.6654509,143.8668104,GPS - SKM VA,54,Goulburn-Murray Water,North Central CMA,25,Reedy Lake
58563,-35.66544411,143.8668251,GPS - SKM VA,54,Goulburn-Murray Water,North Central CMA,11,Reedy Lake
58564,-35.66543178,143.8668132,GPS - SKM VA,54,Goulburn-Murray Water,North Central CMA,6,Reedy Lake
58565,-35.63428571,143.8627648,GPS - SKM VA,54,Goulburn-Murray Water,North Central CMA,37,Reedy Lake
58566,-35.63428986,143.8627697,GPS - SKM VA,54,Goulburn-Murray Water,North Central CMA,27,Reedy Lake
58567,-35.63429485,143.8627737,GPS - SKM VA,54,Goulburn-Murray Water,North Central CMA,117,Reedy Lake
58570,-35.64813105,143.859839,GPS - SKM VA,54,Goulburn-Murray Water,North Central CMA,35,Reedy Lake
58571,-35.64815763,143.8598306,GPS - SKM VA,54,Goulburn-Murray Water,North Central CMA,6,Reedy Lake
58572,-35.65227271,143.8553699,GPS - SKM VA,54,Goulburn-Murray Water,North Central CMA,35,Reedy Lake
58573,-35.65226144,143.855373,GPS - SKM VA,54,Goulburn-Murray Water,North Central CMA,19,Reedy Lake
58574,-35.65864274,143.8553106,GPS - SKM VA,54,Goulburn-Murray Water,North Central CMA,35,Reedy Lake
58575,-35.65863317,143.855307,GPS - SKM VA,54,Goulburn-Murray Water,North Central CMA,8,Reedy Lake
58578,-35.68058898,143.8717013,GPS - SKM VA,54,Goulburn-Murray Water,North Central CMA,30,Reedy Lake
58579,-35.6805747,143.8717012,GPS - SKM VA,54,Goulburn-Murray Water,North Central CMA,13,Reedy Lake
79084,-35.68892602,143.8793323,GPS - SKM VA,54,Goulburn-Murray Water,North Central CMA,29.7,Reedy Lake
79085,-35.68892708,143.8792881,GPS - SKM VA,54,Goulburn-Murray Water,North Central CMA,11.5,Reedy Lake
118133,-36.67478897,143.7116488,TRANSLATION,54,,(Not set),19.5,Rheola
118134,-36.67478897,143.7116488,TRANSLATION,54,,(Not set),12.8,Rheola
119075,-38.46656981,145.2612939,TRANSLATION,55,,(Not set),19.9,Rhyll
116546,-36.42963373,142.9792328,TRANSLATION,54,Grampians Wimmera Mallee Water,(Not set),84,Rich Avon
117990,-36.42963373,142.9792328,TRANSLATION,54,,(Not set),26,Rich Avon
117991,-36.42261443,142.9121346,TRANSLATION,54,,(Not set),20,Rich Avon
117935,-36.50869861,142.9399317,TRANSLATION,54,Southern Rural Water,(Not set),9,Rich Avon East
117936,-36.50777859,142.9410247,TRANSLATION,54,,(Not set),19,Rich Avon East
117937,-36.50777859,142.9410247,TRANSLATION,54,,(Not set),9,Rich Avon East
WRK957751,-36.48892243,142.9220974,NOT KNOWN,54,,North Central CMA,18,Rich Avon East
WRK957752,-36.48892243,142.9220974,NOT KNOWN,54,,North Central CMA,5,Rich Avon East
WRK957953,-36.5386267,142.9146371,NOT KNOWN,54,,North Central CMA,20.5,Rich Avon East
89507,-36.47908348,142.8163925,GLOBAL POSIT,54,Grampians Wimmera Mallee Water,North Central CMA,66,Rich Avon West
89508,-36.47871513,142.8207763,GPS - SKM VA,54,Grampians Wimmera Mallee Water,North Central CMA,30,Rich Avon West
WRK956894,-37.4368127,144.6998503,NOT KNOWN,55,,Melbourne Water CMA,9,Riddells Creek
95401,-38.01397228,146.9636987,TRANSLATION,55,Southern Rural Water,(Not set),5.22,Riverslea
95482,-37.99374351,146.907339,GLOBAL POSIT,55,Southern Rural Water,West Gippsland CMA,178,Riverslea
95485,-37.99366279,146.9072192,TRANSLATION,55,,(Not set),34,Riverslea
95486,-37.99366279,146.9073332,TRANSLATION,55,,(Not set),15,Riverslea
95497,-38.01012368,146.9249692,TRANSLATION,55,,(Not set),17.4,Riverslea
95499,-38.01012368,146.9249692,TRANSLATION,55,,(Not set),5.48,Riverslea
130372,-37.99125529,146.9515235,TRANSLATION,55,Southern Rural Water,(Not set),11.75,Riverslea
26224,-34.6132183,142.7502909,TRANSLATION,54,,(Not set),25.06,Robinvale
26226,-34.64506177,142.7456408,TRANSLATION,54,,(Not set),25,Robinvale
26251,-34.60162837,142.7898207,TRANSLATION,54,,(Not set),25.83,Robinvale
26252,-34.61321689,142.7502776,TRANSLATION,54,,(Not set),4.9,Robinvale
26253,-34.6245892,142.7480572,TRANSLATION,54,,(Not set),5.81,Robinvale
5692,-36.39229006,144.6606455,TRANSLATION,55,,(Not set),20,Rochester
60130,-36.40656136,144.6580794,GPS - SKM VA,55,Goulburn-Murray Water,North Central CMA,50,Rochester
60134,-36.39227018,144.6304175,GPS - SKM VA,55,Goulburn-Murray Water,North Central CMA,135,Rochester
60143,-36.350669,144.646538,TRANSLATION,55,,(Not set),,Rochester
60151,-36.32915983,144.6527546,TRANSLATION,55,,(Not set),,Rochester
60163,-36.3453959,144.6533819,TRANSLATION,55,,(Not set),,Rochester
60168,-36.33089587,144.6493607,TRANSLATION,55,,(Not set),,Rochester
60174,-36.34853368,144.6755706,TRANSLATION,55,,(Not set),,Rochester
60231,-36.37720917,144.6440665,TRANSLATION,55,,(Not set),,Rochester
89574,-36.33400734,144.6693857,GPS - SKM VA,55,Goulburn-Murray Water,North Central CMA,106,Rochester
89579,-36.33620994,144.6919762,GPS - SKM VA,55,Goulburn-Murray Water,North Central CMA,50,Rochester
89580,-36.33398982,144.6693765,GPS - SKM VA,55,Goulburn-Murray Water,North Central CMA,50,Rochester
89581,-36.35231073,144.6525958,GPS - SKM VA,55,Goulburn-Murray Water,North Central CMA,50,Rochester
89582,-36.31465012,144.6366264,GPS - SKM VA,55,Goulburn-Murray Water,North Central CMA,50,Rochester
89583,-36.33220984,144.636266,GPS - SKM VA,55,Goulburn-Murray Water,North Central CMA,50,Rochester
89584,-36.3569164,144.6443473,GPS - SKM VA,55,Goulburn-Murray Water,North Central CMA,147.8,Rochester
89586,-36.33621124,144.6920422,GPS - SKM VA,55,Goulburn-Murray Water,North Central CMA,77.5,Rochester
89596,-36.35692768,144.6443476,GPS - SKM VA,55,Goulburn-Murray Water,North Central CMA,15,Rochester
109519,-36.37074271,144.6718257,GPS - SKM VA,55,Goulburn-Murray Water,North Central CMA,50,Rochester
109520,-36.37073071,144.6718247,GPS - SKM VA,55,Goulburn-Murray Water,North Central CMA,50,Rochester
109521,-36.37059155,144.690532,GPS - SKM VA,55,Goulburn-Murray Water,North Central CMA,50,Rochester
109522,-36.37059411,144.6905255,GPS - SKM VA,55,Goulburn-Murray Water,North Central CMA,50,Rochester
110151,-36.37070629,144.655114,GPS - SKM VA,55,Goulburn-Murray Water,North Central CMA,118,Rochester
110152,-36.37071302,144.6551625,GPS - SKM VA,55,Goulburn-Murray Water,North Central CMA,98.5,Rochester
110153,-36.37071459,144.6551934,GPS - SKM VA,55,Goulburn-Murray Water,North Central CMA,36,Rochester
WRK006345,-36.33285002,144.65935,G-MW <30M VA,55,Goulburn-Murray Water,(Not set),106.3,Rochester
WRK006403,-36.34010001,144.68165,G-MW <30M VA,55,Goulburn-Murray Water,(Not set),89,Rochester
WRK006459,-36.40646002,144.63894,G-MW <30M VA,55,Goulburn-Murray Water,(Not set),113,Rochester
WRK006614,-36.36940463,144.6475864,G-MW DESKTOP,55,Goulburn-Murray Water,(Not set),76,Rochester
WRK007737,-36.34581115,144.6637444,G-MW <30M VA,55,Goulburn-Murray Water,(Not set),100,Rochester
WRK008402,-36.34196002,144.63069,G-MW <30M VA,55,Goulburn-Murray Water,(Not set),99,Rochester
WRK008506,-36.38003002,144.63332,G-MW DESKTOP,55,,,131,Rochester
WRK008778,-36.38520002,144.64772,G-MW <30M VA,55,Goulburn-Murray Water,North Central CMA,79.5,Rochester
WRK010072,-36.35196502,144.634825,G-MW FIELD V,55,Goulburn-Murray Water,(Not set),97,Rochester
WRK010330,-36.33811846,144.7177973,G-MW DESKTOP,55,Goulburn-Murray Water,(Not set),11,Rochester
WRK010570,-36.3243627,144.6622664,TRANSLATION,55,Goulburn-Murray Water,North Central CMA,25,Rochester
WRK010847,-36.38196463,144.6364181,NOT KNOWN,55,Goulburn-Murray Water,North Central CMA,21,Rochester
WRK011966,-36.38039001,144.65599,G-MW <30M VA,55,Goulburn-Murray Water,(Not set),71,Rochester
WRK058483,-36.34217412,144.6392706,NOT KNOWN,55,Goulburn-Murray Water,(Not set),127,Rochester
WRK078137,-36.33173173,144.6490517,NOT KNOWN,55,Goulburn-Murray Water,(Not set),102,Rochester
WRK953404,-36.37039702,144.6446009,GPS - SKM VA,55,Goulburn-Murray Water,North Central CMA,70.5,Rochester
26662,-37.90086679,143.7013728,GLOBAL POSIT,54,Southern Rural Water,Corangamite CMA,13.37,Rokewood
26663,-37.90118238,143.704892,GLOBAL POSIT,54,Southern Rural Water,Corangamite CMA,13,Rokewood
110103,-37.9548323,143.7492319,GLOBAL POSIT,54,Southern Rural Water,Corangamite CMA,146,Rokewood
110656,-37.89493641,143.837984,GLOBAL POSIT,54,Southern Rural Water,Corangamite CMA,76.3,Rokewood
110657,-37.89497047,143.8379801,GLOBAL POSIT,54,Southern Rural Water,Corangamite CMA,45,Rokewood
112239,-37.91923158,143.7984983,GLOBAL POSIT,54,Southern Rural Water,Corangamite CMA,91,Rokewood
100022,-38.37450713,144.889049,GPS - SKM VA,55,Southern Rural Water,Melbourne Water CMA,66,Rosebud
45764,-38.10390751,146.8046198,TRANSLATION,55,,(Not set),25,Rosedale
67442,-38.16201438,146.9299221,GLOBAL POSIT,55,Southern Rural Water,West Gippsland CMA,1158.66,Rosedale
89809,-38.15540563,146.83762,GLOBAL POSIT,55,Southern Rural Water,West Gippsland CMA,903.3,Rosedale
89818,-38.16045281,146.8041608,TRANSLATION,55,Southern Rural Water,(Not set),22.55,Rosedale
89841,-38.16205794,146.793975,TRANSLATION,55,Southern Rural Water,(Not set),9.3,Rosedale
89845,-38.16045281,146.8041608,TRANSLATION,55,,(Not set),30,Rosedale
89850,-38.15598551,146.8292843,TRANSLATION,55,,(Not set),4.75,Rosedale
113000,-38.16218391,146.8871445,TRANSLATION,55,,(Not set),21.69,Rosedale
WRK986711,-38.19032843,146.7978759,NOT KNOWN,55,Southern Rural Water,West Gippsland CMA,18,Rosedale
WRK986712,-38.15955994,146.7688764,GLOBAL POSIT,55,Southern Rural Water,West Gippsland CMA,13,Rosedale
WRK986713,-38.15421887,146.775285,NOT KNOWN,55,Southern Rural Water,West Gippsland CMA,9,Rosedale
WRK986714,-38.16525569,146.7829224,GLOBAL POSIT,55,Southern Rural Water,West Gippsland CMA,7.5,Rosedale
WRK986715,-38.16525569,146.7829224,GLOBAL POSIT,55,Southern Rural Water,(Not set),20,Rosedale
94911,-37.49249509,142.8947771,GLOBAL POSIT,54,Southern Rural Water,Glenelg Hopkins CMA,109,Rossbridge
111699,-37.50771574,142.8445912,GLOBAL POSIT,54,Southern Rural Water,Glenelg Hopkins CMA,44,Rossbridge
111700,-37.50774275,142.8446049,GLOBAL POSIT,54,Southern Rural Water,Glenelg Hopkins CMA,20,Rossbridge
112234,-37.48875013,142.8662981,GLOBAL POSIT,54,Southern Rural Water,Glenelg Hopkins CMA,34,Rossbridge
WRK956211,-37.53305613,142.849039,NOT KNOWN,54,,Wimmera CMA,4,Rossbridge
WRK054553,-36.5282726,147.0524231,NOT KNOWN,55,Goulburn-Murray Water,North East CMA,40,Running Creek
WRK054554,-36.5286267,147.052103,NOT KNOWN,55,Goulburn-Murray Water,North East CMA,12,Running Creek
89888,-36.52456426,144.6821247,GPS - SKM VA,55,Goulburn-Murray Water,North Central CMA,100,Runnymede
118461,-36.5695517,144.6857221,TRANSLATION,55,,(Not set),22.2,Runnymede
WRK059862,-36.56873095,144.6119991,NOT KNOWN,55,Goulburn-Murray Water,North Central CMA,48,Runnymede
WRK059872,-36.54457974,144.6370259,NOT KNOWN,55,Goulburn-Murray Water,North Central CMA,36,Runnymede
WRK953013,-36.54770427,144.6368058,GLOBAL POSIT,55,Goulburn-Murray Water,North Central CMA,47,Runnymede
WRK956710,-36.52377004,144.6252863,NOT KNOWN,55,,North Central CMA,10,Runnymede
112218,-36.6825666,142.632059,TRANSLATION,54,Grampians Wimmera Mallee Water,Wimmera CMA,41.3,Rupanyup
112219,-36.68217166,142.6320779,GLOBAL POSIT,54,Grampians Wimmera Mallee Water,Wimmera CMA,18,Rupanyup
116749,-36.72626838,142.7119275,TRANSLATION,54,Grampians Wimmera Mallee Water,(Not set),40,Rupanyup
117164,-36.69489799,142.7308187,TRANSLATION,54,,(Not set),9.2,Rupanyup
117166,-36.65433276,142.731029,TRANSLATION,54,,(Not set),19.7,Rupanyup
117167,-36.64726614,142.7823262,TRANSLATION,54,,(Not set),19.6,Rupanyup
117168,-36.64726614,142.7823262,TRANSLATION,54,,(Not set),8.6,Rupanyup
117169,-36.66847262,142.750367,TRANSLATION,54,,(Not set),19.6,Rupanyup
WRK955713,-36.57866858,142.7782961,NOT KNOWN,54,,North Central CMA,8.35,Rupanyup
WRK955714,-36.578741,142.7806895,NOT KNOWN,54,,North Central CMA,8.4,Rupanyup
WRK955715,-36.57233234,142.7873032,NOT KNOWN,54,,North Central CMA,7.6,Rupanyup
WRK955718,-36.69626931,142.7025604,NOT KNOWN,54,,North Central CMA,19,Rupanyup
WRK955719,-36.69023978,142.705662,NOT KNOWN,54,,North Central CMA,17,Rupanyup
98865,-36.35002909,146.330962,GPS - SKM VA,55,Goulburn-Murray Water,North East CMA,52,Rural City of Wangaratta
98866,-36.35003704,146.3309974,GPS - SKM VA,55,Goulburn-Murray Water,North East CMA,28,Rural City of Wangaratta
98867,-36.35002999,146.3310114,GPS - SKM VA,55,Goulburn-Murray Water,North East CMA,10.5,Rural City of Wangaratta
99102,-36.38536872,146.3015161,GLOBAL POSIT,55,Goulburn-Murray Water,North East CMA,130.15,Rural City of Wangaratta
80238,-36.5539383,145.0134437,GPS - SKM VA,55,Goulburn-Murray Water,Goulburn Broken CMA,34,Rushworth
100594,-36.61537484,145.100331,GPS - SKM VA,55,Goulburn-Murray Water,Goulburn Broken CMA,51,Rushworth
WRK957169,-36.03462779,146.4346791,NOT KNOWN,55,,North East CMA,15.05,Rutherglen
WRK957170,-36.03462779,146.4346791,NOT KNOWN,55,,North East CMA,4.45,Rutherglen
WRK957171,-36.03725383,146.4566614,NOT KNOWN,55,,North East CMA,10.9,Rutherglen
WRK957172,-36.03119898,146.4515417,NOT KNOWN,55,,North East CMA,11.52,Rutherglen
WRK957174,-36.03623364,146.4484542,NOT KNOWN,55,,North East CMA,11.2,Rutherglen
WRK957175,-36.03914847,146.4470907,NOT KNOWN,55,,North East CMA,17.85,Rutherglen
WRK957176,-36.03914847,146.4470907,NOT KNOWN,55,,North East CMA,6.64,Rutherglen
WRK957177,-36.04139987,146.4504608,NOT KNOWN,55,,North East CMA,16.4,Rutherglen
WRK957178,-36.04139987,146.4504608,NOT KNOWN,55,,North East CMA,7.3,Rutherglen
WRK957294,-36.03142487,146.4516511,NOT KNOWN,55,,North East CMA,21.94,Rutherglen
WRK957295,-36.03727272,146.45685,NOT KNOWN,55,,North East CMA,37.4,Rutherglen
WRK957296,-36.04331549,146.473516,NOT KNOWN,55,,North East CMA,36.34,Rutherglen
WRK957297,-36.04376475,146.4772874,NOT KNOWN,55,,North East CMA,10.62,Rutherglen
WRK957298,-36.04404389,146.4813598,NOT KNOWN,55,,North East CMA,26.1,Rutherglen
84882,-38.38745371,144.7882687,GPS - SKM VA,55,Southern Rural Water,Melbourne Water CMA,35,Rye
84883,-38.38583331,144.8161899,GLOBAL POSIT,55,Southern Rural Water,Melbourne Water CMA,40,Rye
84887,-38.39632401,144.8250683,GPS - SKM VA,55,Southern Rural Water,Melbourne Water CMA,942.55,Rye
84892,-38.36405141,144.791031,GPS - SKM VA,55,Southern Rural Water,Melbourne Water CMA,62,Rye
84893,-38.36769743,144.7896398,GPS - SKM VA,55,Southern Rural Water,Melbourne Water CMA,62,Rye
84895,-38.38700316,144.8309845,GLOBAL POSIT,55,Southern Rural Water,Melbourne Water CMA,84,Rye
NEW_MOON,-36.70046065,144.2419402,Not known,55,Goulburn-Murray Water,(Not set),,Sailors Gully
109603,-37.76687303,144.8057063,GPS - SKM VA,55,Southern Rural Water,Melbourne Water CMA,33,Saint Albans
109604,-37.76685959,144.8057109,GPS - SKM VA,55,Southern Rural Water,Melbourne Water CMA,33,Saint Albans
WRK052890,-37.557157,145.318531,GLOBAL POSIT,55,Southern Rural Water,Melbourne Water CMA,61,Saint Andrews
63276,-38.41743761,144.8364693,GPS - SKM VA,55,Southern Rural Water,Melbourne Water CMA,60,Saint Andrews Beach
84885,-38.4082732,144.8150922,GLOBAL POSIT,55,Southern Rural Water,Melbourne Water CMA,78,Saint Andrews Beach
97750,-36.23549859,145.1497158,GPS - SKM VA,55,Goulburn-Murray Water,Goulburn Broken CMA,70,Saint Germains
90121,-36.24076423,145.8754335,GPS - SKM VA,55,Goulburn-Murray Water,Goulburn Broken CMA,90,Saint James
52754,-38.08318123,147.0208152,GPS - SKM VA,55,Southern Rural Water,West Gippsland CMA,961.17,Sale
90149,-38.1467599,147.0893532,GPS - SKM VA,55,Southern Rural Water,West Gippsland CMA,206.9,Sale
90423,-38.12434539,147.0968456,TRANSLATION,55,,(Not set),21.17,Sale
90424,-38.11586627,147.1044213,TRANSLATION,55,,(Not set),21.5,Sale
90428,-38.118905,147.1304929,TRANSLATION,55,,(Not set),14.07,Sale
112991,-38.089233,147.0252411,TRANSLATION,55,,(Not set),11.17,Sale
115631,-38.07317039,147.072665,TRANSLATION,55,,(Not set),12.91,Sale
136537,-38.07964926,147.0878359,TRANSLATION,55,Southern Rural Water,(Not set),10.97,Sale
145207,-38.10762659,147.0710677,TRANSLATION,55,Southern Rural Water,(Not set),27,Sale
145214,-38.10762659,147.0710677,TRANSLATION,55,Southern Rural Water,(Not set),27,Sale
145215,-38.08898459,147.0621665,TRANSLATION,55,Southern Rural Water,(Not set),19.5,Sale
145216,-38.08898459,147.0621665,TRANSLATION,55,Southern Rural Water,(Not set),19.5,Sale
145217,-38.09681328,147.0938671,TRANSLATION,55,Southern Rural Water,(Not set),20,Sale
145218,-38.09681328,147.0938671,TRANSLATION,55,Southern Rural Water,(Not set),20,Sale
145219,-38.08751338,147.0809012,TRANSLATION,55,Southern Rural Water,(Not set),22,Sale
145220,-38.08751338,147.0809012,TRANSLATION,55,Southern Rural Water,(Not set),22,Sale
71105,-35.76460893,143.7223179,GPS - SKM VA,54,Goulburn-Murray Water,North Central CMA,137.19,Sandhill Lake
71106,-35.76465444,143.7222345,GPS - SKM VA,54,Goulburn-Murray Water,North Central CMA,75,Sandhill Lake
WRK957812,-35.72236361,143.6491714,NOT KNOWN,54,,North Central CMA,13,Sandhill Lake
WRK957813,-35.73158679,143.6694299,NOT KNOWN,54,,North Central CMA,8,Sandhill Lake
WRK957814,-35.73189399,143.6827604,NOT KNOWN,54,,North Central CMA,7,Sandhill Lake
WRK957815,-35.73622492,143.7034787,NOT KNOWN,54,,North Central CMA,7,Sandhill Lake
100975,-38.83313108,146.1315479,GLOBAL POSIT,55,Southern Rural Water,West Gippsland CMA,5.5,Sandy Point
100976,-38.83206104,146.1352615,GLOBAL POSIT,55,Southern Rural Water,West Gippsland CMA,5.5,Sandy Point
100977,-38.82940649,146.1307948,GLOBAL POSIT,55,Southern Rural Water,West Gippsland CMA,5.5,Sandy Point
100978,-38.82000538,146.1188269,GPS - SKM VA,55,Southern Rural Water,West Gippsland CMA,4,Sandy Point
100979,-38.82475749,146.1155439,GPS - SKM VA,55,Southern Rural Water,West Gippsland CMA,5.5,Sandy Point
100980,-38.82910161,146.1224393,GLOBAL POSIT,55,Southern Rural Water,West Gippsland CMA,7,Sandy Point
117612,-38.44766006,143.1344226,TRANSLATION,54,,(Not set),20,Scotts Creek
117613,-38.44766006,143.1344226,TRANSLATION,54,,(Not set),10,Scotts Creek
117614,-38.44766006,143.1344226,TRANSLATION,54,,(Not set),5,Scotts Creek
117618,-38.44715508,143.1324607,TRANSLATION,54,,(Not set),20,Scotts Creek
117627,-38.45416508,143.1359897,TRANSLATION,54,,(Not set),20,Scotts Creek
117628,-38.45416508,143.1359897,TRANSLATION,54,,(Not set),10,Scotts Creek
WRK955935,-38.44152844,143.1368589,NOT KNOWN,54,,Corangamite CMA,18,Scotts Creek
WRK955936,-38.44152844,143.1368589,NOT KNOWN,54,,Corangamite CMA,5,Scotts Creek
6415,-35.48996954,142.9382646,GPS - SKM VA,54,Grampians Wimmera Mallee Water,Mallee CMA,20,Sea Lake
6518,-35.48282318,142.9459754,TRANSLATION,54,,(Not set),80,Sea Lake
40614,-35.45976477,142.8295243,GLOBAL POSIT,54,Grampians Wimmera Mallee Water,Mallee CMA,15.24,Sea Lake
40616,-35.46106169,142.8342388,GPS - SKM VA,54,Grampians Wimmera Mallee Water,Mallee CMA,13,Sea Lake
40617,-35.45239812,142.859946,GPS - SKM VA,54,Grampians Wimmera Mallee Water,Mallee CMA,5.5,Sea Lake
40624,-35.42495469,142.9172221,GPS - SKM VA,54,Grampians Wimmera Mallee Water,Mallee CMA,15,Sea Lake
40632,-35.46472719,142.925659,GPS - SKM VA,54,Grampians Wimmera Mallee Water,Mallee CMA,7.5,Sea Lake
40633,-35.48320115,142.9466627,GPS - SKM VA,54,Grampians Wimmera Mallee Water,Mallee CMA,8,Sea Lake
50867,-38.12850231,147.3800992,TRANSLATION,55,Southern Rural Water,(Not set),6.55,Seacombe
50870,-38.1517783,147.3919194,TRANSLATION,55,Southern Rural Water,(Not set),23,Seacombe
50876,-38.14725438,147.3947009,GPS - SKM VA,55,Southern Rural Water,West Gippsland CMA,146,Seacombe
90614,-38.08500714,147.4675463,GLOBAL POSIT,55,Southern Rural Water,West Gippsland CMA,1246.39,Seacombe
90615,-38.08500515,147.4675506,GPS - SKM VA,55,Southern Rural Water,West Gippsland CMA,91,Seacombe
105483,-38.31975899,147.1568974,GPS - SKM VA,55,Southern Rural Water,West Gippsland CMA,1389.2,Seaspray
105484,-38.320037,147.1572538,GPS - SKM VA,55,Southern Rural Water,West Gippsland CMA,58.32,Seaspray
145091,-38.36871541,147.2009706,GLOBAL POSIT,55,Southern Rural Water,West Gippsland CMA,64,Seaspray
WRK119793,-38.319759,147.156897,Not known,55,Southern Rural Water,(Not set),654,Seaspray
47192,-37.59118402,143.838746,GLOBAL POSIT,54,Southern Rural Water,Corangamite CMA,98,Sebastopol
116557,-36.90141914,144.3503086,TRANSLATION,55,,(Not set),54,Sedgwick
116559,-36.94003941,144.3444803,TRANSLATION,55,Goulburn-Murray Water,(Not set),50,Sedgwick
116560,-36.89795405,144.3566004,TRANSLATION,55,,(Not set),100,Sedgwick
116562,-36.89388903,144.3561794,TRANSLATION,55,,(Not set),200,Sedgwick
116563,-36.88121999,144.3538122,TRANSLATION,55,Goulburn-Murray Water,(Not set),102,Sedgwick
WRK956709,-36.92082467,144.3438769,NOT KNOWN,55,,North Central CMA,7,Sedgwick
WRK956714,-36.92080666,144.3438775,NOT KNOWN,55,,North Central CMA,15,Sedgwick
WRK957702,-36.8976351,144.3141391,NOT KNOWN,55,,North Central CMA,17,Sedgwick
36415,-36.42343536,143.9864239,GPS - SKM VA,54,Goulburn-Murray Water,North Central CMA,25,Serpentine
36416,-36.4288069,143.9706489,GPS - SKM VA,54,Goulburn-Murray Water,North Central CMA,25,Serpentine
36417,-36.46623676,144.0046496,GLOBAL POSIT,55,Goulburn-Murray Water,North Central CMA,20.5,Serpentine
36418,-36.46631128,144.0137285,GLOBAL POSIT,55,Goulburn-Murray Water,North Central CMA,28,Serpentine
36436,-36.46630228,144.0137289,GLOBAL POSIT,55,Goulburn-Murray Water,North Central CMA,10.29,Serpentine
36456,-36.42367234,144.0232696,GLOBAL POSIT,55,Goulburn-Murray Water,North Central CMA,25.26,Serpentine
36457,-36.42368162,144.0232804,GLOBAL POSIT,55,Goulburn-Murray Water,North Central CMA,14.59,Serpentine
36458,-36.42365935,144.0100005,GPS - SKM VA,55,Goulburn-Murray Water,North Central CMA,16,Serpentine
67956,-36.37274594,143.9227451,GLOBAL POSIT,54,Goulburn-Murray Water,North Central CMA,72,Serpentine
67957,-36.37274791,143.922698,GLOBAL POSIT,54,Goulburn-Murray Water,North Central CMA,50,Serpentine
108322,-36.47643887,144.0444267,GLOBAL POSIT,55,Goulburn-Murray Water,North Central CMA,50,Serpentine
108323,-36.47647488,144.0444254,GLOBAL POSIT,55,Goulburn-Murray Water,North Central CMA,20,Serpentine
108337,-36.47642959,144.0444159,GLOBAL POSIT,55,Goulburn-Murray Water,North Central CMA,84,Serpentine
118058,-36.37144058,143.9618401,TRANSLATION,54,,(Not set),16,Serpentine
118059,-36.37144058,143.9618401,TRANSLATION,54,,(Not set),5,Serpentine
118096,-36.47768572,144.0010304,TRANSLATION,55,,(Not set),11,Serpentine
118097,-36.47768572,144.0010304,TRANSLATION,55,,(Not set),5,Serpentine
WRK006359,-36.42202114,144.0109331,G-MW <30M VA,55,Goulburn-Murray Water,(Not set),71.328,Serpentine
WRK006655,-36.40008851,144.0013066,G-MW <30M VA,55,Goulburn-Murray Water,(Not set),47,Serpentine
WRK006756,-36.37051174,144.0150117,G-MW FIELD V,55,Goulburn-Murray Water,(Not set),72,Serpentine
WRK007849,-36.42078337,144.0054166,G-MW <30M VA,55,Goulburn-Murray Water,(Not set),67.5,Serpentine
WRK008051,-36.38412215,144.0128983,G-MW <100M V,55,Goulburn-Murray Water,(Not set),96,Serpentine
WRK011260,-36.38130647,144.0062635,G-MW DESKTOP,55,Goulburn-Murray Water,North Central CMA,66,Serpentine
WRK012254,-36.38139902,143.9968717,G-MW <30M VA,54,,,72,Serpentine
WRK013266,-36.48988697,144.0008591,G-MW <30M VA,55,Goulburn-Murray Water,North Central CMA,60,Serpentine
75333,-36.36711372,141.0064039,GPS - SKM VA,54,Grampians Wimmera Mallee Water,Wimmera CMA,87,Serviceton
75351,-36.36706864,141.0064431,GLOBAL POSIT,54,Grampians Wimmera Mallee Water,(Not set),54.86,Serviceton
75365,-36.3505546,140.9828002,GPS - SKM VA,54,Grampians Wimmera Mallee Water,Wimmera CMA,141,Serviceton
8004489,-36.37607442,140.9851613,Not known,54,Grampians Wimmera Mallee Water,(Not set),87,Serviceton
90778,-37.02237809,145.1271347,GPS - SKM VA,55,Goulburn-Murray Water,(Not set),22.3,Seymour
WRK990058,-38.102656,146.066735,GLOBAL POSIT,55,Southern Rural Water,West Gippsland CMA,60,Shady Creek
WRK990059,-38.102696,146.0667,GLOBAL POSIT,55,Southern Rural Water,West Gippsland CMA,16,Shady Creek
118826,-36.77000628,145.6443415,TRANSLATION,55,,(Not set),11,Sheans Creek
118827,-36.77000628,145.6443415,TRANSLATION,55,,(Not set),7,Sheans Creek
118828,-36.77000628,145.6443415,TRANSLATION,55,,(Not set),3,Sheans Creek
WRK956982,-36.75271936,145.6586786,NOT KNOWN,55,,Goulburn Broken CMA,13.87,Sheans Creek
110140,-37.94725555,143.8664519,GLOBAL POSIT,54,Southern Rural Water,Corangamite CMA,152.5,Shelford
112240,-37.88952028,143.9084468,GLOBAL POSIT,54,Southern Rural Water,Corangamite CMA,88.3,Shelford
112241,-37.8895351,143.9083835,GLOBAL POSIT,54,Southern Rural Water,Corangamite CMA,31,Shelford
63734,-37.28422105,144.1279379,GPS - SKM VA,55,Goulburn-Murray Water,North Central CMA,25,Shepherds Flat
63735,-37.28431555,144.1279496,GPS - SKM VA,55,Goulburn-Murray Water,North Central CMA,25,Shepherds Flat
63736,-37.28439805,144.1279534,GPS - SKM VA,55,Goulburn-Murray Water,North Central CMA,29,Shepherds Flat
63737,-37.28440582,144.1281713,GPS - SKM VA,55,Goulburn-Murray Water,North Central CMA,19,Shepherds Flat
63740,-37.28421448,144.1280567,GPS - SKM VA,55,Goulburn-Murray Water,North Central CMA,20,Shepherds Flat
63742,-37.28486086,144.1287185,GPS - SKM VA,55,Goulburn-Murray Water,North Central CMA,16.5,Shepherds Flat
63743,-37.28442356,144.1287227,GPS - SKM VA,55,Goulburn-Murray Water,North Central CMA,24,Shepherds Flat
63744,-37.28450161,144.1287321,GPS - SKM VA,55,Goulburn-Murray Water,North Central CMA,20,Shepherds Flat
63747,-37.28282936,144.1279491,GPS - SKM VA,55,Goulburn-Murray Water,North Central CMA,41,Shepherds Flat
63748,-37.28287148,144.1281484,GPS - SKM VA,55,Goulburn-Murray Water,North Central CMA,40,Shepherds Flat
63750,-37.28298028,144.1281295,GPS - SKM VA,55,Goulburn-Murray Water,North Central CMA,40,Shepherds Flat
90895,-36.34781061,145.4106868,GPS - SKM VA,55,Goulburn-Murray Water,Goulburn Broken CMA,141,Shepparton
90910,-36.3498657,145.4106993,GPS - SKM VA,55,Goulburn-Murray Water,Goulburn Broken CMA,13.5,Shepparton
2682,-36.40830668,145.5293715,GPS - SKM VA,55,Goulburn-Murray Water,Goulburn Broken CMA,15,Shepparton East
WRK007028,-36.413418,145.4809498,G-MW <100M V,55,,(Not set),7.5,Shepparton East
WRK007041,-36.38616646,145.4423814,G-MW DESKTOP,55,Goulburn-Murray Water,(Not set),11.7,Shepparton East
WRK008105,-36.40179088,145.4874542,G-MW <30M VA,55,Goulburn-Murray Water,(Not set),6.5,Shepparton East
79928,-37.86219074,145.4116762,GLOBAL POSIT,55,Southern Rural Water,Melbourne Water CMA,58,Silvan
98394,-37.83169982,145.4275793,GLOBAL POSIT,55,Southern Rural Water,Melbourne Water CMA,86,Silvan
98397,-37.84441716,145.4478863,GPS - SKM VA,55,Southern Rural Water,Melbourne Water CMA,55,Silvan
98405,-37.81026442,145.4263952,GLOBAL POSIT,55,Southern Rural Water,Melbourne Water CMA,87,Silvan
98406,-37.80250839,145.4196039,GLOBAL POSIT,55,Southern Rural Water,Melbourne Water CMA,35,Silvan
98407,-37.82099981,145.4334992,GLOBAL POSIT,55,Southern Rural Water,Melbourne Water CMA,76,Silvan
98408,-37.82111745,145.4123508,GLOBAL POSIT,55,Southern Rural Water,Melbourne Water CMA,87,Silvan
56832,-38.53356309,143.2383167,GPS - SKM VA,54,Southern Rural Water,Corangamite CMA,411.5,Simpson
117595,-38.51519928,143.3257642,TRANSLATION,54,,(Not set),20,Simpson
91822,-37.34354383,143.9702827,TRANSLATION,54,Goulburn-Murray Water,(Not set),64,Smeaton
SP068051,-37.34971471,143.9735834,GLOBAL POSIT,54,Goulburn-Murray Water,North Central CMA,102,Smeaton
SP068052,-37.3497403,143.9736047,GLOBAL POSIT,54,Goulburn-Murray Water,North Central CMA,38,Smeaton
SP068057,-37.343712,143.946818,GLOBAL POSIT,54,Goulburn-Murray Water,North Central CMA,102,Smeaton
SP068058,-37.34372,143.946869,GLOBAL POSIT,54,Goulburn-Murray Water,North Central CMA,43,Smeaton
SP069835,-37.343731,143.946953,GLOBAL POSIT,54,Goulburn-Murray Water,North Central CMA,100,Smeaton
97224,-38.2517638,145.2436017,GPS - SKM VA,55,Southern Rural Water,Melbourne Water CMA,64,Somerville
97225,-38.23893812,145.2507903,GPS - SKM VA,55,Southern Rural Water,Melbourne Water CMA,64.3,Somerville
97226,-38.2390074,145.2508559,GPS - SKM VA,55,Southern Rural Water,Melbourne Water CMA,22,Somerville
97227,-38.25275915,145.2114538,GPS - SKM VA,55,Southern Rural Water,Melbourne Water CMA,46,Somerville
84891,-38.35146678,144.7359223,GPS - SKM VA,55,Southern Rural Water,Melbourne Water CMA,112,Sorrento
141309,-38.29693707,142.403625,GLOBAL POSIT,54,Southern Rural Water,Glenelg Hopkins CMA,26,Southern Cross
141310,-38.29690981,142.4036216,GLOBAL POSIT,54,Southern Rural Water,Glenelg Hopkins CMA,60,Southern Cross
WRK134643,-36.79542309,144.2852073,GLOBAL POSIT,55,Goulburn-Murray Water,(Not set),30.5,Spring Gully
119339,-37.53578024,144.0856805,GPS - SKM VA,55,Southern Rural Water,Corangamite CMA,57,Springbank
119340,-37.53577798,144.0857074,GPS - SKM VA,55,Southern Rural Water,Corangamite CMA,12,Springbank
144991,-37.51056772,144.0635745,GLOBAL POSIT,55,Southern Rural Water,Corangamite CMA,68,Springbank
144992,-37.51057493,144.0636036,GLOBAL POSIT,55,Southern Rural Water,Corangamite CMA,40,Springbank
144993,-37.5105972,144.063651,GLOBAL POSIT,55,Southern Rural Water,Corangamite CMA,25,Springbank
WRK992384,-37.535752,144.085769,GLOBAL POSIT,55,Southern Rural Water,Corangamite CMA,69.5,Springbank
8002829,-35.57712979,143.1533462,GLOBAL POSIT,54,Grampians Wimmera Mallee Water,Mallee CMA,31,Springfield
118961,-36.21198312,146.4539338,Not known,55,,(Not set),8.3,Springhurst
118964,-36.21428246,146.4619837,Not known,55,,(Not set),3.5,Springhurst
118965,-36.2142734,146.4619727,Not known,55,,(Not set),2,Springhurst
118966,-36.21689959,146.4585725,Not known,55,,(Not set),10.2,Springhurst
118967,-36.2168725,146.4585615,Not known,55,,(Not set),2.3,Springhurst
118969,-36.22407158,146.4636191,Not known,55,,(Not set),4.4,Springhurst
118970,-36.22430349,146.4650751,Not known,55,,(Not set),3.4,Springhurst
118971,-36.22430358,146.4650974,Not known,55,,(Not set),5,Springhurst
118977,-36.22152403,146.4584627,Not known,55,,(Not set),4.6,Springhurst
118978,-36.22121795,146.4565733,Not known,55,,(Not set),10.2,Springhurst
118979,-36.2212179,146.4565622,Not known,55,,(Not set),4.1,Springhurst
118980,-36.22268607,146.4622489,Not known,55,,(Not set),21,Springhurst
118981,-36.22272208,146.4622375,Not known,55,,(Not set),6.8,Springhurst
118982,-36.2231526,146.4577505,Not known,55,,(Not set),3.2,Springhurst
118983,-36.22316172,146.4577727,Not known,55,,(Not set),3.2,Springhurst
118984,-36.22577566,146.4596462,Not known,55,,(Not set),3.6,Springhurst
118985,-36.22672306,146.457826,Not known,55,,(Not set),3.7,Springhurst
118986,-36.22674094,146.4577925,Not known,55,,(Not set),1.4,Springhurst
118987,-36.23253648,146.4418062,Not known,55,,(Not set),7.2,Springhurst
118988,-36.23256337,146.4417726,Not known,55,,(Not set),7.2,Springhurst
118989,-36.2308019,146.4429646,Not known,55,,(Not set),9.8,Springhurst
118991,-36.23323168,146.4439601,Not known,55,,(Not set),0.8,Springhurst
118992,-36.23352317,146.4465508,Not known,55,,(Not set),30,Springhurst
118993,-36.23142874,146.4537764,Not known,55,,(Not set),12.2,Springhurst
118994,-36.23142879,146.4537875,Not known,55,,(Not set),12.2,Springhurst
118995,-36.2306699,146.4554174,Not known,55,,(Not set),13.5,Springhurst
118996,-36.23075048,146.4552945,Not known,55,,(Not set),7.5,Springhurst
118997,-36.2307595,146.4552944,Not known,55,,(Not set),3,Springhurst
WRK957094,-36.23454129,146.4544093,NOT KNOWN,55,,North East CMA,19.7,Springhurst
WRK957095,-36.23284444,146.4579487,NOT KNOWN,55,,North East CMA,4.44,Springhurst
WRK957097,-36.23284444,146.4579487,NOT KNOWN,55,,North East CMA,2.1,Springhurst
WRK957098,-36.22873104,146.4574318,NOT KNOWN,55,,North East CMA,9.4,Springhurst
WRK957099,-36.22873104,146.4574318,NOT KNOWN,55,,North East CMA,5.22,Springhurst
WRK957100,-36.23429738,146.4503603,NOT KNOWN,55,,North East CMA,12,Springhurst
WRK957101,-36.23532924,146.4512545,NOT KNOWN,55,,North East CMA,12.75,Springhurst
WRK957112,-36.2134081,146.4290903,NOT KNOWN,55,,North East CMA,5.85,Springhurst
WRK957130,-36.22283245,146.4628801,NOT KNOWN,55,,North East CMA,31.48,Springhurst
WRK957131,-36.2282966,146.4590483,NOT KNOWN,55,,North East CMA,40.89,Springhurst
WRK957132,-36.2302594,146.4584784,NOT KNOWN,55,,North East CMA,18.49,Springhurst
WRK957596,-38.57584752,146.5196689,NOT KNOWN,55,,West Gippsland CMA,6,Staceys Bridge
WRK957598,-38.5753739,146.5228521,NOT KNOWN,55,,West Gippsland CMA,5.46,Staceys Bridge
64387,-36.42670187,144.9407181,GLOBAL POSIT,55,Goulburn-Murray Water,Goulburn Broken CMA,106,Stanhope
64388,-36.42652209,144.9407046,GLOBAL POSIT,55,Goulburn-Murray Water,Goulburn Broken CMA,9,Stanhope
64389,-36.42678695,144.9407175,GPS - SKM VA,55,Goulburn-Murray Water,Goulburn Broken CMA,91,Stanhope
64390,-36.46989253,144.968535,GPS - SKM VA,55,Goulburn-Murray Water,Goulburn Broken CMA,36,Stanhope
64391,-36.46989218,144.9685617,GPS - SKM VA,55,Goulburn-Murray Water,Goulburn Broken CMA,20,Stanhope
64449,-36.43012562,144.9948183,TRANSLATION,55,Goulburn-Murray Water,(Not set),18,Stanhope
109534,-36.42660062,144.9407163,GLOBAL POSIT,55,Goulburn-Murray Water,Goulburn Broken CMA,94.5,Stanhope
109535,-36.42660062,144.9407163,GLOBAL POSIT,55,Goulburn-Murray Water,Goulburn Broken CMA,94.5,Stanhope
WRK006542,-36.4301589,144.9657016,G-MW <30M VA,55,Goulburn-Murray Water,(Not set),21,Stanhope
WRK006810,-36.46002681,144.9883766,G-MW <30M VA,55,Goulburn-Murray Water,(Not set),9,Stanhope
WRK006887,-36.44245516,145.0074721,G-MW DESKTOP,55,Goulburn-Murray Water,(Not set),9.1,Stanhope
WRK006901,-36.4302653,144.9938187,GLOBAL POSIT,55,Goulburn-Murray Water,(Not set),,Stanhope
WRK008268,-36.44037001,145.01947,G-MW <30M VA,55,Goulburn-Murray Water,(Not set),11,Stanhope
WRK008674,-36.4269647,144.9766376,NOT KNOWN,55,Goulburn-Murray Water,(Not set),12,Stanhope
WRK009593,-36.46569422,144.9978941,G-MW <30M VA,55,Goulburn-Murray Water,(Not set),9.8,Stanhope
WRK011081,-36.44123894,145.0281304,G-MW DESKTOP,55,Goulburn-Murray Water,(Not set),11.5,Stanhope
WRK011918,-36.46791703,144.9944555,Water Regist,55,Goulburn-Murray Water,Goulburn Broken CMA,9.5,Stanhope
WRK117067,-36.42677053,144.9407174,Not known,55,Goulburn-Murray Water,Goulburn Broken CMA,,Stanhope
WRK117068,-36.42658421,144.9407163,Not known,55,Goulburn-Murray Water,Goulburn Broken CMA,,Stanhope
74022,-37.58746317,142.6321788,GPS - SKM VA,54,Southern Rural Water,Glenelg Hopkins CMA,20,Stavely
74035,-37.5843778,142.5973484,GPS - SKM VA,54,Southern Rural Water,Glenelg Hopkins CMA,37,Stavely
74037,-37.57278429,142.6354415,TRANSLATION,54,Southern Rural Water,Glenelg Hopkins CMA,12.5,Stavely
74038,-37.5795605,142.6340333,GPS - SKM VA,54,Southern Rural Water,Glenelg Hopkins CMA,16,Stavely
74039,-37.5985667,142.6299615,GPS - SKM VA,54,Southern Rural Water,Glenelg Hopkins CMA,9,Stavely
74041,-37.59405547,142.6305785,GPS - SKM VA,54,Southern Rural Water,Glenelg Hopkins CMA,10.2,Stavely
110516,-37.55819256,142.601816,GPS - SKM VA,54,Southern Rural Water,Glenelg Hopkins CMA,23.5,Stavely
110517,-37.58171659,142.5966117,GPS - SKM VA,54,Southern Rural Water,Glenelg Hopkins CMA,15.5,Stavely
62733,-37.58960232,143.2841558,GLOBAL POSIT,54,Southern Rural Water,Glenelg Hopkins CMA,84,Stoneleigh
62734,-37.58961111,143.2841674,GLOBAL POSIT,54,Southern Rural Water,Glenelg Hopkins CMA,127,Stoneleigh
64835,-38.2465018,147.0556152,GPS - SKM VA,55,Southern Rural Water,West Gippsland CMA,253.3,Stradbroke
WRK059124,-38.24641718,147.0556361,Not known,55,Southern Rural Water,West Gippsland CMA,,Stradbroke
97332,-35.38656181,142.6126158,GLOBAL POSIT,54,Grampians Wimmera Mallee Water,Mallee CMA,64,Straten
110161,-35.39923834,142.5791962,GPS - SKM VA,54,Grampians Wimmera Mallee Water,Mallee CMA,212,Straten
52879,-38.0029242,147.0559651,TRANSLATION,55,,(Not set),13.97,Stratford
92177,-37.9355489,147.0956621,GLOBAL POSIT,55,Southern Rural Water,West Gippsland CMA,123,Stratford
98119,-37.97751423,147.0411438,TRANSLATION,55,,(Not set),19.2,Stratford
98121,-37.97751423,147.0411438,TRANSLATION,55,,(Not set),4.68,Stratford
WRK952883,-37.21144874,145.2311184,GLOBAL POSIT,55,Goulburn-Murray Water,Goulburn Broken CMA,11,Strath Creek
WRK952884,-37.21143956,145.2311073,GLOBAL POSIT,55,Goulburn-Murray Water,Goulburn Broken CMA,36,Strath Creek
62033,-36.25738609,144.7447349,GPS - SKM VA,55,Goulburn-Murray Water,North Central CMA,51.81,Strathallan
62035,-36.25616861,144.7759753,GPS - SKM VA,55,Goulburn-Murray Water,North Central CMA,47.24,Strathallan
62036,-36.25617511,144.8103867,GPS - SKM VA,55,Goulburn-Murray Water,North Central CMA,137.16,Strathallan
62037,-36.2561839,144.8100074,GPS - SKM VA,55,Goulburn-Murray Water,North Central CMA,14.02,Strathallan
WRK006105,-36.25662227,144.7737144,G-MW DESKTOP,55,,(Not set),5,Strathallan
WRK956693,-36.77481845,144.3124172,NOT KNOWN,55,,North Central CMA,15,Strathdale
46217,-37.78488068,140.9712839,GPS - SKM VA,54,Southern Rural Water,Glenelg Hopkins CMA,1500.8,Strathdownie
82347,-37.81927136,141.0742904,GPS - SKM VA,54,Southern Rural Water,Glenelg Hopkins CMA,1228.34,Strathdownie
102621,-37.71564731,141.0914058,GPS - SKM VA,54,Southern Rural Water,Glenelg Hopkins CMA,103.44,Strathdownie
110746,-37.66688636,141.0652422,GLOBAL POSIT,54,Southern Rural Water,Glenelg Hopkins CMA,1000,Strathdownie
113474,-37.8183128,141.0829532,GLOBAL POSIT,54,Southern Rural Water,Glenelg Hopkins CMA,5,Strathdownie
WRK961329,-37.71488634,141.2228084,GPS - SKM VA,54,Southern Rural Water,Glenelg Hopkins CMA,19,Strathdownie
WRK961330,-37.81923732,141.0743862,GPS - SKM VA,54,Southern Rural Water,Glenelg Hopkins CMA,20,Strathdownie
WRK961331,-37.78485935,140.9713845,GPS - SKM VA,54,Southern Rural Water,Glenelg Hopkins CMA,24,Strathdownie
WRK957701,-36.81014992,144.3812527,NOT KNOWN,55,,North Central CMA,8,Strathfieldsaye
43872,-35.88317913,145.5314797,GPS - SKM VA,55,Goulburn-Murray Water,Goulburn Broken CMA,15.24,Strathmerton
92404,-35.87711905,145.431913,GPS - SKM VA,55,Goulburn-Murray Water,Goulburn Broken CMA,138.68,Strathmerton
92405,-35.8773935,145.4319093,GPS - SKM VA,55,Goulburn-Murray Water,Goulburn Broken CMA,131.37,Strathmerton
92444,-35.87739529,145.4319086,GPS - SKM VA,55,Goulburn-Murray Water,Goulburn Broken CMA,17.5,Strathmerton
92445,-35.9643267,145.4320577,GPS - SKM VA,55,Goulburn-Murray Water,Goulburn Broken CMA,8.5,Strathmerton
92446,-35.95518381,145.5310613,GPS - SKM VA,55,Goulburn-Murray Water,Goulburn Broken CMA,145,Strathmerton
92447,-35.88303601,145.5314949,GPS - SKM VA,55,Goulburn-Murray Water,Goulburn Broken CMA,126,Strathmerton
92448,-35.95518309,145.5311197,GPS - SKM VA,55,Goulburn-Murray Water,Goulburn Broken CMA,30,Strathmerton
92449,-35.96431138,145.4320373,GPS - SKM VA,55,Goulburn-Murray Water,Goulburn Broken CMA,14.5,Strathmerton
92450,-35.87738709,145.4319041,GPS - SKM VA,55,Goulburn-Murray Water,Goulburn Broken CMA,24,Strathmerton
109677,-35.89872985,145.4317475,GPS - SKM VA,55,Goulburn-Murray Water,Goulburn Broken CMA,135.64,Strathmerton
109678,-35.89872985,145.4317475,GPS - SKM VA,55,Goulburn-Murray Water,Goulburn Broken CMA,135.64,Strathmerton
109680,-35.96432812,145.4320366,GPS - SKM VA,55,Goulburn-Murray Water,Goulburn Broken CMA,155.49,Strathmerton
WRK005682,-35.94001,145.5026,G-MW <30M VA,55,,(Not set),10.4,Strathmerton
WRK005800,-35.95211392,145.5298582,G-MW <30M VA,55,,(Not set),79,Strathmerton
WRK005894,-35.96791446,145.4923185,G-MW DESKTOP,55,,(Not set),0.01,Strathmerton
WRK005952,-35.96139,145.48154,G-MW <30M VA,55,Goulburn-Murray Water,(Not set),11.27,Strathmerton
WRK006003,-35.95758114,145.4782575,Water Regist,55,Goulburn-Murray Water,(Not set),13,Strathmerton
WRK006164,-35.8963476,145.5080328,G-MW <30M VA,55,Goulburn-Murray Water,(Not set),39.62,Strathmerton
WRK006206,-35.92513023,145.4727005,G-MW <30M VA,55,Goulburn-Murray Water,(Not set),92.66,Strathmerton
WRK006588,-35.8717909,145.5196539,Water Regist,55,Goulburn-Murray Water,(Not set),47.9,Strathmerton
WRK006678,-35.96521,145.4865,G-MW <30M VA,55,Goulburn-Murray Water,(Not set),138,Strathmerton
WRK006719,-35.95213659,145.5214313,G-MW <30M VA,55,Goulburn-Murray Water,(Not set),140,Strathmerton
WRK007082,-35.88461,145.49966,G-MW <30M VA,55,Goulburn-Murray Water,(Not set),135,Strathmerton
WRK007085,-35.897212,145.3974186,G-MW <100M V,55,Goulburn-Murray Water,(Not set),93,Strathmerton
WRK007099,-35.85777279,145.3854112,G-MW <30M VA,55,Goulburn-Murray Water,(Not set),41.1,Strathmerton
WRK007315,-35.89554,145.49884,G-MW <30M VA,55,Goulburn-Murray Water,(Not set),45,Strathmerton
WRK007316,-35.89181116,145.5013707,G-MW <30M VA,55,Goulburn-Murray Water,(Not set),120,Strathmerton
WRK007412,-35.93728,145.49179,G-MW DESKTOP,55,Goulburn-Murray Water,(Not set),11,Strathmerton
WRK007549,-35.87180167,145.5204545,Water Regist,55,Goulburn-Murray Water,(Not set),129,Strathmerton
WRK007711,-35.92227333,145.3966,G-MW FIELD V,55,Goulburn-Murray Water,(Not set),78,Strathmerton
WRK007744,-35.93563707,145.4944469,G-MW <30M VA,55,Goulburn-Murray Water,(Not set),123,Strathmerton
WRK007929,-35.89047357,145.4038693,G-MW <30M VA,55,Goulburn-Murray Water,(Not set),76,Strathmerton
WRK008242,-35.95100537,145.5307855,G-MW DESKTOP,55,,(Not set),36,Strathmerton
WRK008407,-35.89103794,145.4785959,G-MW <30M VA,55,Goulburn-Murray Water,(Not set),54,Strathmerton
WRK008595,-35.95467,145.4777,G-MW <30M VA,55,Goulburn-Murray Water,Goulburn Broken CMA,11.5,Strathmerton
WRK011051,-35.89728,145.50826,G-MW <30M VA,55,Goulburn-Murray Water,(Not set),12.5,Strathmerton
WRK011393,-35.89482147,145.5107316,G-MW <30M VA,55,,,9.6,Strathmerton
WRK014612,-35.93935268,145.4951091,G-MW DESKTOP,55,,,63.5,Strathmerton
WRK059913,-35.96103978,145.4469266,NOT KNOWN,55,Goulburn-Murray Water,(Not set),73,Strathmerton
WRK060104,-35.95928052,145.5050202,NOT KNOWN,55,Goulburn-Murray Water,(Not set),84,Strathmerton
WRK060929,-35.96634353,145.451539,Water Regist,55,Goulburn-Murray Water,(Not set),46,Strathmerton
WRK078196,-35.95713291,145.5025602,NOT KNOWN,55,Goulburn-Murray Water,(Not set),122.5,Strathmerton
WRK953173,-35.9403045,145.3678806,GPS - SKM VA,55,Goulburn-Murray Water,Goulburn Broken CMA,132,Strathmerton
54474,-37.65677205,143.0863335,GLOBAL POSIT,54,Southern Rural Water,Glenelg Hopkins CMA,120,Streatham
54475,-37.65676967,143.0863461,GLOBAL POSIT,54,Southern Rural Water,Glenelg Hopkins CMA,15,Streatham
93541,-37.6937295,143.0043829,GPS - SKM VA,54,Southern Rural Water,Glenelg Hopkins CMA,144,Streatham
93542,-37.69372873,143.0044282,GPS - SKM VA,54,Southern Rural Water,Glenelg Hopkins CMA,57,Streatham
WRK060870,-37.67112623,143.0699755,NOT KNOWN,54,Southern Rural Water,(Not set),120,Streatham
WRK956587,-36.79745914,143.3332819,NOT KNOWN,54,,North Central CMA,21.97,Stuart Mill
WRK956588,-36.79746815,143.3332822,NOT KNOWN,54,,North Central CMA,13.49,Stuart Mill
WRK956589,-36.79667924,143.3335272,NOT KNOWN,54,,North Central CMA,21.05,Stuart Mill
WRK956590,-36.79667924,143.3335272,NOT KNOWN,54,,North Central CMA,10.48,Stuart Mill
WRK956591,-36.79667924,143.3335272,NOT KNOWN,54,,North Central CMA,10.35,Stuart Mill
WRK956592,-36.79354602,143.3292298,NOT KNOWN,54,,North Central CMA,11,Stuart Mill
WRK956593,-36.79354602,143.3292298,NOT KNOWN,54,,North Central CMA,8,Stuart Mill
8002832,-35.36591109,143.3424218,GLOBAL POSIT,54,Grampians Wimmera Mallee Water,Mallee CMA,42,Swan Hill West
54924,-38.38303784,143.2777239,GPS - SKM VA,54,Southern Rural Water,Corangamite CMA,7.5,Swan Marsh
54925,-38.38302687,143.2777371,GPS - SKM VA,54,Southern Rural Water,Corangamite CMA,20,Swan Marsh
88120,-38.37902353,143.3772415,GPS - SKM VA,54,Southern Rural Water,Corangamite CMA,321,Swan Marsh
WRK956939,-36.74466801,146.0024418,NOT KNOWN,55,,Goulburn Broken CMA,8,Swanpool
WRK957753,-36.49549339,142.9766942,NOT KNOWN,54,,North Central CMA,19,Swanwater West
92716,-36.84637982,145.1617193,GPS - SKM VA,55,Goulburn-Murray Water,Goulburn Broken CMA,69.5,Tabilk
92720,-36.84636848,145.1617025,GPS - SKM VA,55,Goulburn-Murray Water,Goulburn Broken CMA,15,Tabilk
92721,-36.82288756,145.1240291,GPS - SKM VA,55,Goulburn-Murray Water,Goulburn Broken CMA,35,Tabilk
92722,-36.82286076,145.1240384,GPS - SKM VA,55,Goulburn-Murray Water,Goulburn Broken CMA,15,Tabilk
110142,-36.84651869,145.2147089,GLOBAL POSIT,55,Goulburn-Murray Water,Goulburn Broken CMA,18,Tabilk
110143,-36.84638857,145.2295085,GPS - SKM VA,55,Goulburn-Murray Water,Goulburn Broken CMA,10,Tabilk
110144,-36.84638357,145.2295357,GPS - SKM VA,55,Goulburn-Murray Water,Goulburn Broken CMA,22,Tabilk
110468,-36.82143371,145.2152586,GPS - SKM VA,55,Goulburn-Murray Water,Goulburn Broken CMA,13,Tabilk
WRK007298,-36.87845714,145.1604952,G-MW <30M VA,55,Goulburn-Murray Water,(Not set),48.6,Tabilk
WRK007304,-36.81924001,145.19501,G-MW <30M VA,55,Goulburn-Murray Water,(Not set),34.5,Tabilk
WRK007305,-36.82532001,145.19487,G-MW <30M VA,55,Goulburn-Murray Water,(Not set),34.6,Tabilk
WRK007731,-36.81969731,145.1826431,G-MW <30M VA,55,Goulburn-Murray Water,(Not set),48,Tabilk
WRK017726,-37.32902536,145.7128697,GLOBAL POSIT,55,Goulburn-Murray Water,Goulburn Broken CMA,30,Taggerty
WRK957234,-36.05387868,147.1098968,NOT KNOWN,55,,North East CMA,72.05,Talgarno
WRK957235,-36.05252487,147.1114493,NOT KNOWN,55,,North East CMA,22.54,Talgarno
WRK957236,-36.05054302,147.1096701,NOT KNOWN,55,,North East CMA,19.76,Talgarno
WRK957237,-36.04647374,147.1222207,NOT KNOWN,55,,North East CMA,41.3,Talgarno
WRK957238,-36.04503109,147.1223295,NOT KNOWN,55,,North East CMA,18.89,Talgarno
WRK957240,-36.04322769,147.1225488,NOT KNOWN,55,,North East CMA,24.17,Talgarno
WRK957241,-36.04322769,147.1225488,NOT KNOWN,55,,North East CMA,12.25,Talgarno
WRK053556,-36.3993941,147.2261945,NOT KNOWN,55,Goulburn-Murray Water,North East CMA,54,Tallandoon
WRK053585,-36.3993697,147.2261773,NOT KNOWN,55,Goulburn-Murray Water,North East CMA,12,Tallandoon
WRK053614,-36.2225703,147.3396303,NOT KNOWN,55,Goulburn-Murray Water,North East CMA,18,Tallangatta Valley
WRK017741,-37.08978319,145.0479898,GLOBAL POSIT,55,Goulburn-Murray Water,Goulburn Broken CMA,61,Tallarook
56422,-36.27622751,145.4333171,GLOBAL POSIT,55,Goulburn-Murray Water,Goulburn Broken CMA,122,Tallygaroopna
56426,-36.27624577,145.4333347,GLOBAL POSIT,55,Goulburn-Murray Water,Goulburn Broken CMA,18.5,Tallygaroopna
56427,-36.27624287,145.4333057,GPS - SKM VA,55,Goulburn-Murray Water,Goulburn Broken CMA,71,Tallygaroopna
93284,-36.41978332,146.167694,GPS - SKM VA,55,Goulburn-Murray Water,Goulburn Broken CMA,35,Taminick
WRK956448,-36.42212079,144.1649113,NOT KNOWN,55,,North Central CMA,18,Tandarra
WRK956449,-36.42212079,144.1649113,NOT KNOWN,55,,North Central CMA,11,Tandarra
8003926,-37.00538545,143.4142411,GLOBAL POSIT,54,Grampians Wimmera Mallee Water,North Central CMA,6,Tanwood
8003927,-37.00538924,143.4142761,GLOBAL POSIT,54,Grampians Wimmera Mallee Water,North Central CMA,18,Tanwood
93705,-37.80306445,144.6775186,GPS - SKM VA,55,Southern Rural Water,Melbourne Water CMA,24,Tarneit
109684,-37.80306478,144.6775674,GPS - SKM VA,55,Southern Rural Water,Melbourne Water CMA,44.5,Tarneit
116965,-36.20807799,142.0337018,TRANSLATION,54,,(Not set),15.8,Tarranyurk
116966,-36.20807799,142.0337018,TRANSLATION,54,,(Not set),10.5,Tarranyurk
116967,-36.20547911,142.0214309,TRANSLATION,54,,(Not set),11.6,Tarranyurk
116968,-36.20547911,142.0214309,TRANSLATION,54,,(Not set),8.7,Tarranyurk
116969,-36.20465321,142.0125211,TRANSLATION,54,,(Not set),15.2,Tarranyurk
116970,-36.20465321,142.0125211,TRANSLATION,54,,(Not set),8.7,Tarranyurk
116971,-36.20299038,141.9958142,TRANSLATION,54,,(Not set),13.7,Tarranyurk
116972,-36.20299038,141.9958142,TRANSLATION,54,,(Not set),8.7,Tarranyurk
116983,-36.20386435,141.9991632,TRANSLATION,54,,(Not set),6.9,Tarranyurk
147174,-38.63604182,146.7487956,GLOBAL POSIT,55,Southern Rural Water,West Gippsland CMA,200,Tarraville
WRK059110,-38.63602784,146.7487898,Not known,55,Southern Rural Water,West Gippsland CMA,,Tarraville
WRK059111,-38.63601653,146.7487972,Not known,55,Southern Rural Water,West Gippsland CMA,,Tarraville
WRK056982,-36.4120056,146.454845,NOT KNOWN,55,Goulburn-Murray Water,North East CMA,15,Tarrawingee
WRK957117,-36.38616572,146.420839,NOT KNOWN,55,,North East CMA,7.62,Tarrawingee
WRK957119,-36.38616572,146.420839,NOT KNOWN,55,,North East CMA,5.6,Tarrawingee
WRK957120,-36.38674719,146.4199092,NOT KNOWN,55,,North East CMA,11.3,Tarrawingee
WRK957121,-36.38674719,146.4199092,NOT KNOWN,55,,North East CMA,4.25,Tarrawingee
WRK957122,-36.38085788,146.4212797,NOT KNOWN,55,,North East CMA,12.25,Tarrawingee
WRK957123,-36.38085788,146.4212797,NOT KNOWN,55,,North East CMA,6,Tarrawingee
WRK957124,-36.37631842,146.4221495,NOT KNOWN,55,,North East CMA,11.55,Tarrawingee
WRK957125,-36.37631842,146.4221495,NOT KNOWN,55,,North East CMA,7.15,Tarrawingee
WRK957126,-36.38410027,146.4983437,NOT KNOWN,55,,North East CMA,3.42,Tarrawingee
WRK957127,-36.38385701,146.4983787,NOT KNOWN,55,,North East CMA,3.65,Tarrawingee
WRK957128,-36.38385701,146.4983787,NOT KNOWN,55,,North East CMA,3.02,Tarrawingee
57685,-37.75296492,142.1185799,GPS - SKM VA,54,Southern Rural Water,Glenelg Hopkins CMA,110,Tarrington
94802,-38.70207608,145.8344175,GLOBAL POSIT,55,Southern Rural Water,West Gippsland CMA,7,Tarwin Lower
113124,-38.70207727,145.8344191,GLOBAL POSIT,55,Southern Rural Water,West Gippsland CMA,50,Tarwin Lower
113125,-38.70207493,145.8344285,GLOBAL POSIT,55,Southern Rural Water,West Gippsland CMA,16,Tarwin Lower
116735,-36.68285988,146.1041871,TRANSLATION,55,Goulburn-Murray Water,(Not set),42,Tatong
116736,-36.68149988,146.1030841,TRANSLATION,55,Goulburn-Murray Water,(Not set),36,Tatong
118771,-36.68056892,146.0991772,TRANSLATION,55,,(Not set),10,Tatong
118787,-36.72210003,146.1076507,TRANSLATION,55,,(Not set),15.5,Tatong
118788,-36.73641126,146.0929252,TRANSLATION,55,,(Not set),8.2,Tatong
118789,-36.73910729,146.0917732,TRANSLATION,55,,(Not set),18,Tatong
118790,-36.74816327,146.0972673,TRANSLATION,55,,(Not set),14.5,Tatong
118815,-36.72386909,146.1031508,TRANSLATION,55,,(Not set),8,Tatong
95921,-36.43229249,145.2408841,GLOBAL POSIT,55,Goulburn-Murray Water,Goulburn Broken CMA,90,Tatura
WRK006618,-36.48888001,145.18897,G-MW <30M VA,55,Goulburn-Murray Water,(Not set),15,Tatura
WRK007070,-36.49193,145.18791,G-MW <30M VA,55,Goulburn-Murray Water,(Not set),12.5,Tatura
WRK007360,-36.44468407,145.2224382,G-MW DESKTOP,55,Goulburn-Murray Water,(Not set),12,Tatura
WRK008233,-36.45206819,145.1827908,G-MW DESKTOP,55,Goulburn-Murray Water,(Not set),9.4,Tatura
WRK008234,-36.45855,145.19118,G-MW <30M VA,55,Goulburn-Murray Water,(Not set),12.5,Tatura
WRK008330,-36.49426,145.1668,G-MW <30M VA,55,Goulburn-Murray Water,(Not set),10.5,Tatura
WRK013585,-36.49875,145.17709,G-MW <30M VA,55,Goulburn-Murray Water,(Not set),9.2,Tatura
95810,-36.45480361,145.2779918,GPS - SKM VA,55,Goulburn-Murray Water,Goulburn Broken CMA,64.5,Tatura East
109689,-36.45476825,145.2781899,GPS - SKM VA,55,Goulburn-Murray Water,Goulburn Broken CMA,28,Tatura East
109690,-36.45476825,145.2781899,GPS - SKM VA,55,Goulburn-Murray Water,Goulburn Broken CMA,28,Tatura East
111529,-37.52747659,142.9326889,TRANSLATION,54,Southern Rural Water,Glenelg Hopkins CMA,64,Tatyoon
111530,-37.49039994,142.877035,GLOBAL POSIT,54,Southern Rural Water,Glenelg Hopkins CMA,52,Tatyoon
111531,-37.49041752,142.8770409,GLOBAL POSIT,54,Southern Rural Water,Glenelg Hopkins CMA,11,Tatyoon
111701,-37.53481495,142.9708003,GLOBAL POSIT,54,Southern Rural Water,Glenelg Hopkins CMA,59,Tatyoon
112226,-37.53484536,142.9707876,GLOBAL POSIT,54,Southern Rural Water,Glenelg Hopkins CMA,24,Tatyoon
112227,-37.52765912,142.906006,GLOBAL POSIT,54,Southern Rural Water,Glenelg Hopkins CMA,92,Tatyoon
112228,-37.5276847,142.9059959,GLOBAL POSIT,54,Southern Rural Water,Glenelg Hopkins CMA,41,Tatyoon
112229,-37.50130603,142.9599547,TRANSLATION,54,Southern Rural Water,Glenelg Hopkins CMA,80,Tatyoon
112230,-37.5013555,142.9599294,GPS - SKM VA,54,Southern Rural Water,Glenelg Hopkins CMA,34,Tatyoon
112231,-37.49883604,142.9416858,GPS - SKM VA,54,Southern Rural Water,Glenelg Hopkins CMA,60,Tatyoon
112232,-37.49885406,142.9416862,GPS - SKM VA,54,Southern Rural Water,Glenelg Hopkins CMA,18,Tatyoon
WRK053499,-36.692277,147.1605115,NOT KNOWN,55,Goulburn-Murray Water,North East CMA,6,Tawonga
98285,-35.88915235,141.110105,GPS - SKM VA,54,Grampians Wimmera Mallee Water,Wimmera CMA,14.2,Telopea Downs
98286,-35.8880204,141.1101842,GPS - SKM VA,54,Grampians Wimmera Mallee Water,Wimmera CMA,15.7,Telopea Downs
98297,-35.96268956,140.9742153,GPS - SKM VA,54,Grampians Wimmera Mallee Water,Wimmera CMA,166,Telopea Downs
108158,-36.07866817,141.1077652,GLOBAL POSIT,54,Grampians Wimmera Mallee Water,Wimmera CMA,182,Telopea Downs
116203,-36.07886217,141.1078468,GLOBAL POSIT,54,Grampians Wimmera Mallee Water,Wimmera CMA,74,Telopea Downs
138351,-36.02250986,141.0270884,GLOBAL POSIT,54,Grampians Wimmera Mallee Water,Wimmera CMA,100,Telopea Downs
138352,-36.02738219,141.1740866,GLOBAL POSIT,54,Grampians Wimmera Mallee Water,Wimmera CMA,100,Telopea Downs
138353,-36.1157587,141.0237306,GLOBAL POSIT,54,Grampians Wimmera Mallee Water,Wimmera CMA,81,Telopea Downs
140934,-35.97560863,141.1044339,GLOBAL POSIT,54,Grampians Wimmera Mallee Water,Wimmera CMA,93,Telopea Downs
140935,-35.9755906,141.1044339,GLOBAL POSIT,54,Grampians Wimmera Mallee Water,Wimmera CMA,56,Telopea Downs
140936,-35.9963013,141.2547328,GLOBAL POSIT,54,Grampians Wimmera Mallee Water,Wimmera CMA,95,Telopea Downs
140937,-35.9963188,141.2547276,GLOBAL POSIT,54,Grampians Wimmera Mallee Water,Wimmera CMA,54,Telopea Downs
8003861,-35.91464074,141.0815187,GLOBAL POSIT,54,Grampians Wimmera Mallee Water,Wimmera CMA,90,Telopea Downs
8003862,-35.91465868,141.0816518,GLOBAL POSIT,54,Grampians Wimmera Mallee Water,Wimmera CMA,219,Telopea Downs
8003961,-35.9146407,141.0815742,GLOBAL POSIT,54,Grampians Wimmera Mallee Water,Wimmera CMA,72,Telopea Downs
100503,-36.28638209,144.3822074,GPS - SKM VA,55,Goulburn-Murray Water,North Central CMA,155,Tennyson
100504,-36.28633757,144.3822323,GPS - SKM VA,55,Goulburn-Murray Water,North Central CMA,23,Tennyson
100505,-36.28635819,144.3822684,GPS - SKM VA,55,Goulburn-Murray Water,North Central CMA,7,Tennyson
26938,-36.12022519,143.603568,TRANSLATION,54,,(Not set),28,Terrappee
95038,-36.08961783,144.3171157,GPS - SKM VA,55,Goulburn-Murray Water,North Central CMA,157,Terrick Terrick East
95039,-36.08951794,144.3170503,GPS - SKM VA,55,Goulburn-Murray Water,North Central CMA,12.5,Terrick Terrick East
95040,-36.10210832,144.4104007,GPS - SKM VA,55,Goulburn-Murray Water,North Central CMA,120,Terrick Terrick East
95041,-36.10205971,144.4103705,GPS - SKM VA,55,Goulburn-Murray Water,North Central CMA,75,Terrick Terrick East
95042,-36.10201429,144.4103,GPS - SKM VA,55,Goulburn-Murray Water,North Central CMA,28,Terrick Terrick East
87527,-37.98208053,140.9671478,GPS - SKM VA,54,Southern Rural Water,Goulburn Broken CMA,1460.86,The District Council of Grant
145261,-38.3734983,145.5581223,GLOBAL POSIT,55,Southern Rural Water,Melbourne Water CMA,264,The Gurdies
145262,-38.37351195,145.5582182,GPS - SKM VA,55,Southern Rural Water,Melbourne Water CMA,211,The Gurdies
WRK116126,-38.373508,145.5582182,Not known,55,Southern Rural Water,Melbourne Water CMA,,The Gurdies
90138,-38.11492222,147.2181745,GLOBAL POSIT,55,Southern Rural Water,West Gippsland CMA,1049.76,The Heart
90357,-38.13280952,147.1801534,TRANSLATION,55,Southern Rural Water,(Not set),21.6,The Heart
90359,-38.13280952,147.1801534,TRANSLATION,55,Southern Rural Water,(Not set),6.57,The Heart
90360,-38.10441937,147.1800839,TRANSLATION,55,Southern Rural Water,(Not set),20,The Heart
90361,-38.10441937,147.1800839,TRANSLATION,55,Southern Rural Water,(Not set),5.84,The Heart
90366,-38.11467522,147.2183506,GPS - SKM VA,55,Southern Rural Water,West Gippsland CMA,847.21,The Heart
90400,-38.11516066,147.2180671,GPS - SKM VA,55,Southern Rural Water,West Gippsland CMA,795.6,The Heart
90431,-38.11820477,147.1507416,TRANSLATION,55,,(Not set),21.55,The Heart
90433,-38.11820678,147.1496006,TRANSLATION,55,,(Not set),5.3,The Heart
90437,-38.11392299,147.2200334,TRANSLATION,55,,(Not set),15.7,The Heart
90439,-38.11392299,147.2200334,TRANSLATION,55,,(Not set),6.32,The Heart
120793,-38.11727522,147.1999088,TRANSLATION,55,,(Not set),25,The Heart
120794,-38.11878107,147.2149716,TRANSLATION,55,,(Not set),20.5,The Heart
120795,-38.1220281,147.2132697,TRANSLATION,55,,(Not set),20.5,The Heart
127134,-38.0937823,147.1813697,TRANSLATION,55,Southern Rural Water,(Not set),18.6,The Heart
127137,-38.08693025,147.1829485,TRANSLATION,55,Southern Rural Water,(Not set),17,The Heart
127616,-38.07778996,147.20516,TRANSLATION,55,Southern Rural Water,(Not set),15,The Heart
127617,-38.07778996,147.20516,TRANSLATION,55,Southern Rural Water,(Not set),5,The Heart
127618,-38.10628923,147.1941757,TRANSLATION,55,Southern Rural Water,(Not set),15,The Heart
127619,-38.10628923,147.1941757,TRANSLATION,55,Southern Rural Water,(Not set),5,The Heart
136718,-38.09671504,147.2065813,TRANSLATION,55,,(Not set),20.5,The Heart
136719,-38.09671404,147.2066953,TRANSLATION,55,,(Not set),5.9,The Heart
79886,-36.34454422,146.0730108,GPS - SKM VA,55,Goulburn-Murray Water,Goulburn Broken CMA,44,Thoona
WRK017724,-37.26048927,145.8551785,GLOBAL POSIT,55,Goulburn-Murray Water,Goulburn Broken CMA,18,Thornton
79784,-38.28889182,146.1811792,GLOBAL POSIT,55,Southern Rural Water,West Gippsland CMA,36.58,Thorpdale
115872,-38.47154909,142.9988312,GPS - SKM VA,54,Southern Rural Water,Corangamite CMA,440,Timboon
95167,-36.35357836,144.8684691,GPS - SKM VA,55,Goulburn-Murray Water,Goulburn Broken CMA,60,Timmering
95168,-36.35355248,144.8684635,GPS - SKM VA,55,Goulburn-Murray Water,Goulburn Broken CMA,12,Timmering
95169,-36.35177754,144.9091373,GPS - SKM VA,55,Goulburn-Murray Water,Goulburn Broken CMA,109,Timmering
95170,-36.35180017,144.9091376,GPS - SKM VA,55,Goulburn-Murray Water,Goulburn Broken CMA,10.5,Timmering
95171,-36.35175731,144.9091299,GPS - SKM VA,55,Goulburn-Murray Water,Goulburn Broken CMA,20,Timmering
WRK956317,-36.97048364,143.7093551,NOT KNOWN,54,,North Central CMA,5.22,Timor
95488,-37.95619327,146.8450575,TRANSLATION,55,,(Not set),28,Tinamba
95489,-37.94620382,146.8814998,TRANSLATION,55,,(Not set),33,Tinamba
95492,-37.94620382,146.8814998,TRANSLATION,55,,(Not set),6.51,Tinamba
95493,-37.96754236,146.9332664,TRANSLATION,55,,(Not set),8.39,Tinamba
95494,-37.96754236,146.9332664,TRANSLATION,55,,(Not set),5.49,Tinamba
95500,-38.00778816,146.8801249,TRANSLATION,55,,(Not set),19.53,Tinamba
95502,-38.00778816,146.8801249,TRANSLATION,55,,(Not set),4.89,Tinamba
95505,-37.95619327,146.8450575,TRANSLATION,55,,(Not set),5.45,Tinamba
123721,-37.99275092,146.8944654,TRANSLATION,55,,(Not set),13,Tinamba
130369,-37.95843146,146.9203544,TRANSLATION,55,Southern Rural Water,(Not set),11.6,Tinamba
130374,-37.97860973,146.90553,TRANSLATION,55,Southern Rural Water,(Not set),11,Tinamba
131253,-37.97688389,146.8899332,TRANSLATION,55,Southern Rural Water,(Not set),10,Tinamba
140201,-38.00113987,146.9034514,TRANSLATION,55,,(Not set),13.7,Tinamba
140213,-38.00095691,146.9000345,TRANSLATION,55,Southern Rural Water,(Not set),16,Tinamba
130373,-37.92708707,146.849727,TRANSLATION,55,Southern Rural Water,(Not set),7,Tinamba West
WRK059126,-37.94597251,146.881577,Not known,55,Southern Rural Water,West Gippsland CMA,,Tinamba West
WRK059127,-37.94600486,146.8815143,Not known,55,Southern Rural Water,West Gippsland CMA,,Tinamba West
8002883,-35.75821113,143.337006,GLOBAL POSIT,54,Grampians Wimmera Mallee Water,Mallee CMA,25,Tittybong
26206,-34.62746683,142.8427062,TRANSLATION,54,,(Not set),48.25,Tol Tol
26207,-34.67112261,142.8366548,TRANSLATION,54,,(Not set),15.7,Tol Tol
26210,-34.67108542,142.8366685,TRANSLATION,54,,(Not set),70,Tol Tol
26249,-34.62177716,142.8057201,TRANSLATION,54,,(Not set),61,Tol Tol
95513,-34.64619588,142.81651,GLOBAL POSIT,54,Lower Murray Water,Mallee CMA,490.14,Tol Tol
95530,-34.6461429,142.8163075,GLOBAL POSIT,54,Lower Murray Water,Mallee CMA,93,Tol Tol
73427,-36.28461887,144.9227658,GPS - SKM VA,55,Goulburn-Murray Water,Goulburn Broken CMA,100,Tongala
73428,-36.28460359,144.9227629,GPS - SKM VA,55,Goulburn-Murray Water,Goulburn Broken CMA,20,Tongala
73429,-36.2845882,144.9227645,GPS - SKM VA,55,Goulburn-Murray Water,Goulburn Broken CMA,12,Tongala
95588,-36.23933963,144.9321487,GLOBAL POSIT,55,Goulburn-Murray Water,Goulburn Broken CMA,104,Tongala
95590,-36.23932983,144.9320826,GPS - SKM VA,55,Goulburn-Murray Water,Goulburn Broken CMA,10.5,Tongala
105703,-36.18892253,144.9645927,GPS - SKM VA,55,Goulburn-Murray Water,Goulburn Broken CMA,130,Tongala
105704,-36.18898891,144.9646266,GPS - SKM VA,55,Goulburn-Murray Water,Goulburn Broken CMA,7,Tongala
WRK005919,-36.24684688,144.9854099,G-MW <100M V,55,Goulburn-Murray Water,(Not set),12.2,Tongala
WRK006449,-36.24385655,144.9238844,G-MW <30M VA,55,Goulburn-Murray Water,(Not set),17,Tongala
WRK006489,-36.22722001,144.94941,G-MW <30M VA,55,Goulburn-Murray Water,(Not set),8.2,Tongala
WRK006605,-36.2439976,144.931503,G-MW <30M VA,55,Goulburn-Murray Water,(Not set),9.7,Tongala
WRK006637,-36.2523387,144.9674405,G-MW <30M VA,55,Goulburn-Murray Water,(Not set),10,Tongala
WRK006639,-36.25302611,144.9734212,G-MW <30M VA,55,Goulburn-Murray Water,(Not set),12,Tongala
WRK006784,-36.25061179,144.9828783,Water Regist,55,Goulburn-Murray Water,(Not set),10,Tongala
WRK006904,-36.24089001,144.91318,G-MW <30M VA,55,Goulburn-Murray Water,(Not set),13.7,Tongala
WRK006949,-36.30309955,144.925711,G-MW <30M VA,55,Goulburn-Murray Water,(Not set),23.5,Tongala
WRK007284,-36.24728001,144.97744,G-MW <30M VA,55,Goulburn-Murray Water,(Not set),8,Tongala
WRK008216,-36.28654001,144.90883,G-MW <30M VA,55,Goulburn-Murray Water,(Not set),10,Tongala
WRK008271,-36.21272001,145.01067,G-MW <30M VA,55,Goulburn-Murray Water,(Not set),9,Tongala
WRK010312,-36.23657039,144.9340598,Water Regist,55,Goulburn-Murray Water,(Not set),8,Tongala
95758,-36.84823959,141.7767991,GPS - SKM VA,54,Grampians Wimmera Mallee Water,Wimmera CMA,110,Tooan
95759,-36.8482325,141.7767203,GPS - SKM VA,54,Grampians Wimmera Mallee Water,Wimmera CMA,43,Tooan
8004259,-36.78231762,141.7754804,NOT KNOWN,54,Grampians Wimmera Mallee Water,Wimmera CMA,28,Tooan
118923,-37.03552694,144.9105267,GLOBAL POSIT,55,,(Not set),19,Tooborac
118924,-37.03697469,144.9105008,TRANSLATION,55,,(Not set),12.5,Tooborac
118928,-37.04450336,144.9101307,TRANSLATION,55,,(Not set),20,Tooborac
118929,-37.04418173,144.9103029,TRANSLATION,55,,(Not set),10,Tooborac
118930,-37.0433122,144.9151667,TRANSLATION,55,,(Not set),12,Tooborac
118931,-37.04382067,144.9153728,TRANSLATION,55,,(Not set),17,Tooborac
118932,-37.04344862,144.9198798,TRANSLATION,55,,(Not set),16,Tooborac
WRK956671,-36.97867708,144.7666749,NOT KNOWN,55,,North Central CMA,3.88,Tooborac
WRK956672,-36.9781227,144.7673876,NOT KNOWN,55,,North Central CMA,7.56,Tooborac
WRK956674,-36.97796452,144.7647299,NOT KNOWN,55,,North Central CMA,9.11,Tooborac
WRK956678,-36.9795751,144.7665026,NOT KNOWN,55,,North Central CMA,5.69,Tooborac
WRK957992,-37.08042573,144.7257851,NOT KNOWN,55,,North Central CMA,60.63,Tooborac
WRK958145,-37.01369007,144.9389188,NOT KNOWN,55,,Goulburn Broken CMA,37,Tooborac
82567,-36.51373144,145.2953902,GPS - SKM VA,55,Goulburn-Murray Water,Goulburn Broken CMA,50,Toolamba
82569,-36.51373672,145.2954005,GPS - SKM VA,55,Goulburn-Murray Water,Goulburn Broken CMA,25,Toolamba
95809,-36.45767027,145.3382298,GPS - SKM VA,55,Goulburn-Murray Water,Goulburn Broken CMA,89.5,Toolamba
95821,-36.47197041,145.3161371,GPS - SKM VA,55,Goulburn-Murray Water,Goulburn Broken CMA,70,Toolamba
95822,-36.47196542,145.3161158,GPS - SKM VA,55,Goulburn-Murray Water,Goulburn Broken CMA,30,Toolamba
109687,-36.4576724,145.3380656,GPS - SKM VA,55,Goulburn-Murray Water,Goulburn Broken CMA,27,Toolamba
109688,-36.4576724,145.3380656,GPS - SKM VA,55,Goulburn-Murray Water,Goulburn Broken CMA,27,Toolamba
110944,-36.47197384,145.3159904,GPS - SKM VA,55,Goulburn-Murray Water,Goulburn Broken CMA,18.29,Toolamba
110945,-36.47197133,145.3160486,GPS - SKM VA,55,Goulburn-Murray Water,Goulburn Broken CMA,18.29,Toolamba
WRK006698,-36.49661187,145.3624668,G-MW <30M VA,55,Goulburn-Murray Water,(Not set),117,Toolamba
WRK007748,-36.49491007,145.3508249,G-MW <30M VA,55,Goulburn-Murray Water,(Not set),66,Toolamba
WRK008620,-36.55027401,145.3038993,G-MW <30M VA,55,Goulburn-Murray Water,(Not set),51,Toolamba
WRK009421,-36.50326968,145.3576148,G-MW <30M VA,55,Goulburn-Murray Water,(Not set),70,Toolamba
WRK012899,-36.4661,145.30654,G-MW DESKTOP,55,Goulburn-Murray Water,Goulburn Broken CMA,40,Toolamba
WRK007072,-36.48267726,145.2497346,Water Regist,55,Goulburn-Murray Water,(Not set),16,Toolamba West
WRK014525,-36.49601822,145.2440599,GLOBAL POSIT,55,Goulburn-Murray Water,(Not set),19,Toolamba West
109648,-36.67332195,144.6199154,GPS - SKM VA,55,Goulburn-Murray Water,North Central CMA,85,Toolleen
116582,-36.74241819,144.7230945,TRANSLATION,55,,(Not set),90,Toolleen
116583,-36.73657415,144.7238274,TRANSLATION,55,,(Not set),90,Toolleen
116584,-36.73297113,144.7239333,TRANSLATION,55,,(Not set),90,Toolleen
116585,-36.7328422,144.7172194,TRANSLATION,55,,(Not set),30,Toolleen
116586,-36.74161239,144.7046408,TRANSLATION,55,Goulburn-Murray Water,(Not set),51,Toolleen
116587,-36.69276898,144.7189647,TRANSLATION,55,Goulburn-Murray Water,(Not set),45,Toolleen
116588,-36.69259582,144.7335185,TRANSLATION,55,Goulburn-Murray Water,(Not set),100,Toolleen
116589,-36.7489481,144.7346614,TRANSLATION,55,Goulburn-Murray Water,(Not set),33,Toolleen
116590,-36.74745312,144.7319055,TRANSLATION,55,Goulburn-Murray Water,(Not set),28,Toolleen
118463,-36.63500072,144.7145188,TRANSLATION,55,,(Not set),7,Toolleen
71201,-38.21428166,145.4060552,GLOBAL POSIT,55,Southern Rural Water,Melbourne Water CMA,96,Tooradin
71202,-38.22389763,145.4038867,GLOBAL POSIT,55,Southern Rural Water,Melbourne Water CMA,92,Tooradin
71204,-38.22391066,145.4038837,GLOBAL POSIT,55,Southern Rural Water,Melbourne Water CMA,53,Tooradin
71209,-38.21737881,145.3882325,GLOBAL POSIT,55,Southern Rural Water,Melbourne Water CMA,104,Tooradin
71210,-38.21739577,145.3881021,GLOBAL POSIT,55,Southern Rural Water,Melbourne Water CMA,62,Tooradin
71216,-38.21661866,145.3779033,GLOBAL POSIT,55,Southern Rural Water,Melbourne Water CMA,36,Tooradin
71219,-38.21742467,145.3880154,GLOBAL POSIT,55,Southern Rural Water,Melbourne Water CMA,42,Tooradin
91029,-38.18751029,145.3485522,GLOBAL POSIT,55,Southern Rural Water,Melbourne Water CMA,68.89,Tooradin
100021,-38.38359596,144.8574003,GLOBAL POSIT,55,Southern Rural Water,Melbourne Water CMA,57,Tootgarook
WRK962012,-38.37252091,144.8502144,TRANSLATION,55,Southern Rural Water,Melbourne Water CMA,40,Tootgarook
40315,-35.98124063,144.5096259,TRANSLATION,55,,(Not set),18.29,Torrumbarry
40316,-35.98860568,144.508396,TRANSLATION,55,,(Not set),18.29,Torrumbarry
87806,-35.97731395,144.4725526,GPS - SKM VA,55,Goulburn-Murray Water,North Central CMA,196.6,Torrumbarry
87807,-35.97723579,144.4725773,GPS - SKM VA,55,Goulburn-Murray Water,North Central CMA,135.35,Torrumbarry
87808,-35.9771492,144.4725959,GPS - SKM VA,55,Goulburn-Murray Water,North Central CMA,62,Torrumbarry
87809,-35.97706391,144.4725986,GPS - SKM VA,55,Goulburn-Murray Water,North Central CMA,20,Torrumbarry
97150,-36.10535971,144.5264707,GPS - SKM VA,55,Goulburn-Murray Water,North Central CMA,147.7,Torrumbarry
97151,-36.10544703,144.5264607,GPS - SKM VA,55,Goulburn-Murray Water,North Central CMA,22.5,Torrumbarry
116649,-36.80224074,143.1658686,TRANSLATION,54,Grampians Wimmera Mallee Water,(Not set),102,Tottington
119377,-37.37026624,143.7967939,GLOBAL POSIT,54,Goulburn-Murray Water,North Central CMA,68.5,Tourello
122152,-37.35465211,143.7917552,GLOBAL POSIT,54,Goulburn-Murray Water,North Central CMA,67.5,Tourello
SP068242,-37.356767,143.821881,GLOBAL POSIT,54,Goulburn-Murray Water,North Central CMA,60,Tourello
26160,-35.18554409,143.2770715,TRANSLATION,54,,(Not set),29,Towan
8002822,-35.11397892,143.2816514,GLOBAL POSIT,54,Grampians Wimmera Mallee Water,Mallee CMA,42,Towan
110871,-35.87896478,143.3711656,GPS - SKM VA,54,Grampians Wimmera Mallee Water,North Central CMA,60,Towaninny
110872,-35.87894549,143.3711794,GPS - SKM VA,54,Grampians Wimmera Mallee Water,North Central CMA,17.54,Towaninny
141313,-38.34388868,142.3565417,GPS - SKM VA,54,Southern Rural Water,Glenelg Hopkins CMA,54,Tower Hill
WRK053550,-36.10683734,147.9732373,NOT KNOWN,55,Goulburn-Murray Water,North East CMA,15,Towong
WRK053551,-36.10683734,147.9753052,NOT KNOWN,55,Goulburn-Murray Water,North East CMA,48,Towong
WRK957231,-36.1474122,147.9547929,NOT KNOWN,55,,North East CMA,6.09,Towong
WRK957232,-36.15267317,147.9609262,NOT KNOWN,55,,North East CMA,11.91,Towong
WRK957233,-36.15683145,147.9651347,NOT KNOWN,55,,North East CMA,21.23,Towong
110729,-38.10619591,146.1595005,GPS - SKM VA,55,Southern Rural Water,West Gippsland CMA,114.7,Trafalgar
WRK990054,-38.166713,146.143087,GLOBAL POSIT,55,Southern Rural Water,West Gippsland CMA,283,Trafalgar
WRK990055,-38.166671,146.143101,NOT KNOWN,55,Southern Rural Water,West Gippsland CMA,31,Trafalgar
WRK990056,-38.166729,146.143138,NOT KNOWN,55,Southern Rural Water,West Gippsland CMA,90.5,Trafalgar
WRK990057,-38.166759,146.143114,GLOBAL POSIT,55,Southern Rural Water,West Gippsland CMA,126,Trafalgar
96557,-35.82971067,143.9601593,GPS - SKM VA,54,Goulburn-Murray Water,North Central CMA,186.62,Tragowel
96558,-35.82972962,143.9602129,GPS - SKM VA,54,Goulburn-Murray Water,North Central CMA,82,Tragowel
WRK957915,-35.81278457,143.9566065,NOT KNOWN,54,,North Central CMA,12,Tragowel
WRK957916,-35.81278457,143.9566065,NOT KNOWN,54,,North Central CMA,7,Tragowel
WRK957917,-35.81741132,143.9480367,NOT KNOWN,54,,North Central CMA,16,Tragowel
WRK957918,-35.81741132,143.9480367,NOT KNOWN,54,,North Central CMA,5,Tragowel
WRK957919,-35.80816272,143.9392859,NOT KNOWN,54,,North Central CMA,13,Tragowel
WRK957920,-35.8031894,143.9436385,NOT KNOWN,54,,North Central CMA,14.5,Tragowel
WRK957921,-35.81596594,143.9371394,NOT KNOWN,54,,North Central CMA,8.5,Tragowel
WRK957922,-35.80892832,143.9484974,NOT KNOWN,54,,North Central CMA,11.5,Tragowel
96560,-38.1890404,146.5410607,GLOBAL POSIT,55,Southern Rural Water,West Gippsland CMA,583,Traralgon
WRK957756,-36.53746293,142.9645598,NOT KNOWN,54,,North Central CMA,20.5,Traynors Lagoon
WRK017616,-37.374549,144.350151,GLOBAL POSIT,55,Goulburn-Murray Water,North Central CMA,79,Trentham
WRK017617,-37.37455,144.350123,NOT KNOWN,55,Goulburn-Murray Water,North Central CMA,42,Trentham
26033,-35.50174233,143.6690889,TRANSLATION,54,,(Not set),7.1,Tresco
26833,-35.50178993,143.6952667,GPS - SKM VA,54,Goulburn-Murray Water,North Central CMA,76,Tresco
26838,-35.50181808,143.6952858,GPS - SKM VA,54,Goulburn-Murray Water,North Central CMA,31.55,Tresco
26839,-35.50180768,143.6952632,GPS - SKM VA,54,Goulburn-Murray Water,North Central CMA,18.65,Tresco
26855,-35.50181653,143.6952463,GPS - SKM VA,54,Goulburn-Murray Water,North Central CMA,6.48,Tresco
50323,-35.48911405,143.7025449,GPS - SKM VA,54,Goulburn-Murray Water,North Central CMA,64,Tresco
50324,-35.48912174,143.7025677,GPS - SKM VA,54,Goulburn-Murray Water,North Central CMA,18,Tresco
6383,-35.50183991,143.6144647,TRANSLATION,54,,(Not set),20,Tresco West
6868,-35.49523986,143.6161906,TRANSLATION,54,,(Not set),8.52,Tresco West
6871,-35.50183572,143.6320565,TRANSLATION,54,,(Not set),26,Tresco West
6872,-35.50183572,143.6320565,TRANSLATION,54,,(Not set),7.89,Tresco West
95088,-36.1744278,145.8592948,GPS - SKM VA,55,Goulburn-Murray Water,Goulburn Broken CMA,54,Tungamah
6033,-35.21356474,143.0317568,GPS - SKM VA,54,Grampians Wimmera Mallee Water,Mallee CMA,9,Turoar
26161,-35.17561148,143.1178543,TRANSLATION,54,,(Not set),25.6,Turoar
8002881,-35.49750008,142.4939651,GLOBAL POSIT,54,Grampians Wimmera Mallee Water,Mallee CMA,52,Turriff
71062,-35.12608912,141.4325418,GLOBAL POSIT,54,Grampians Wimmera Mallee Water,Mallee CMA,551.43,Tutye
114849,-35.12605105,141.4326047,GLOBAL POSIT,54,Grampians Wimmera Mallee Water,Mallee CMA,200.89,Tutye
114850,-35.12604979,141.4325538,GLOBAL POSIT,54,Grampians Wimmera Mallee Water,Mallee CMA,40,Tutye
97223,-38.27206263,145.2236546,GPS - SKM VA,55,Southern Rural Water,Melbourne Water CMA,56,Tyabb
26105,-35.27355467,143.5333042,TRANSLATION,54,,(Not set),25.33,Tyntynder
WRK955898,-38.16832692,141.716453,NOT KNOWN,54,,Glenelg Hopkins CMA,15.96,Tyrendarra
WRK955899,-38.16832678,141.7164759,NOT KNOWN,54,,Glenelg Hopkins CMA,4.69,Tyrendarra
40631,-35.40324723,143.0122277,GPS - SKM VA,54,Grampians Wimmera Mallee Water,Mallee CMA,13.5,Tyrrell
40653,-35.47768702,142.9974587,GPS - SKM VA,54,Grampians Wimmera Mallee Water,Mallee CMA,13,Tyrrell
40621,-35.30451094,142.8952372,GPS - SKM VA,54,Grampians Wimmera Mallee Water,Mallee CMA,18,Tyrrell Downs
40622,-35.31090853,142.9380887,GPS - SKM VA,54,Grampians Wimmera Mallee Water,Mallee CMA,15.5,Tyrrell Downs
40623,-35.35200232,142.9582262,GPS - SKM VA,54,Grampians Wimmera Mallee Water,Mallee CMA,16.5,Tyrrell Downs
40625,-35.27998274,143.005155,GPS - SKM VA,54,Grampians Wimmera Mallee Water,Mallee CMA,12.5,Tyrrell Downs
40626,-35.3124666,142.9671032,GPS - SKM VA,54,Grampians Wimmera Mallee Water,Mallee CMA,5.5,Tyrrell Downs
40627,-35.30257419,143.0059972,GPS - SKM VA,54,Grampians Wimmera Mallee Water,Mallee CMA,6,Tyrrell Downs
40634,-35.33099524,143.0076431,GPS - SKM VA,54,Grampians Wimmera Mallee Water,Mallee CMA,5.5,Tyrrell Downs
110162,-35.3492853,142.9588679,GPS - SKM VA,54,Grampians Wimmera Mallee Water,Mallee CMA,320,Tyrrell Downs
SP068258,-37.27334985,143.886316,GLOBAL POSIT,54,Goulburn-Murray Water,North Central CMA,108,Ullina
SP068259,-37.273344,143.8862605,GLOBAL POSIT,54,Goulburn-Murray Water,North Central CMA,50,Ullina
SP068409,-37.27333563,143.886197,GLOBAL POSIT,54,Goulburn-Murray Water,North Central CMA,120,Ullina
WRK957982,-37.24777355,143.8961283,NOT KNOWN,54,,North Central CMA,47.37,Ullina
40661,-35.52049347,143.288102,GPS - SKM VA,54,Grampians Wimmera Mallee Water,Mallee CMA,29,Ultima
97603,-35.48022105,143.261531,GPS - SKM VA,54,Grampians Wimmera Mallee Water,Mallee CMA,179,Ultima
97604,-35.48028681,143.2615387,GPS - SKM VA,54,Grampians Wimmera Mallee Water,Mallee CMA,102,Ultima
97605,-35.48033576,143.2615932,GPS - SKM VA,54,Grampians Wimmera Mallee Water,Mallee CMA,36,Ultima
97739,-36.27679281,145.2161852,GPS - SKM VA,55,Goulburn-Murray Water,Goulburn Broken CMA,105,Undera
97740,-36.19903847,145.2248493,GPS - SKM VA,55,Goulburn-Murray Water,Goulburn Broken CMA,142,Undera
97741,-36.19903833,145.224815,GPS - SKM VA,55,Goulburn-Murray Water,Goulburn Broken CMA,8.5,Undera
97746,-36.27675025,145.2161842,GPS - SKM VA,55,Goulburn-Murray Water,Goulburn Broken CMA,44,Undera
97747,-36.1990181,145.2249524,GPS - SKM VA,55,Goulburn-Murray Water,Goulburn Broken CMA,55,Undera
97749,-36.19904556,145.2248166,GPS - SKM VA,55,Goulburn-Murray Water,Goulburn Broken CMA,18.5,Undera
WRK006769,-36.30593542,145.1776241,G-MW <30M VA,55,Goulburn-Murray Water,(Not set),12,Undera
WRK006957,-36.24705,145.18935,G-MW <100M V,55,Goulburn-Murray Water,(Not set),13.8,Undera
WRK007721,-36.29179217,145.1817613,G-MW <100M V,55,Goulburn-Murray Water,(Not set),20.5,Undera
WRK007759,-36.24948594,145.2278142,G-MW DESKTOP,55,Goulburn-Murray Water,(Not set),10.5,Undera
WRK007900,-36.24896022,145.2508851,G-MW <30M VA,55,Goulburn-Murray Water,(Not set),7,Undera
WRK007909,-36.24788891,145.2149855,G-MW <30M VA,55,Goulburn-Murray Water,(Not set),12,Undera
WRK007923,-36.29542242,145.1690563,G-MW DESKTOP,55,Goulburn-Murray Water,(Not set),10,Undera
WRK008209,-36.3088,145.27001,G-MW <30M VA,55,Goulburn-Murray Water,(Not set),9,Undera
WRK008248,-36.30133864,145.2209007,Water Regist,55,Goulburn-Murray Water,(Not set),9,Undera
WRK009304,-36.25893771,145.2265134,G-MW DESKTOP,55,Goulburn-Murray Water,Goulburn Broken CMA,11,Undera
WRK010282,-36.26488123,145.2065844,NOT KNOWN,55,Goulburn-Murray Water,(Not set),10,Undera
WRK058941,-36.24794152,145.1967322,Water Regist,55,Goulburn-Murray Water,(Not set),11.5,Undera
77099,-35.11906342,141.7461767,GLOBAL POSIT,54,Grampians Wimmera Mallee Water,Mallee CMA,3.96,Underbool
77102,-35.12333566,141.7964008,GPS - SKM VA,54,Grampians Wimmera Mallee Water,Mallee CMA,563.11,Underbool
77110,-35.12332741,141.7962983,GPS - SKM VA,54,Grampians Wimmera Mallee Water,Mallee CMA,150,Underbool
8002880,-35.18156454,141.8383637,GLOBAL POSIT,54,Grampians Wimmera Mallee Water,Mallee CMA,37,Underbool
116678,-36.50000914,145.8115225,TRANSLATION,55,Goulburn-Murray Water,(Not set),83,Upotipotpon
116732,-36.58332561,146.1774364,TRANSLATION,55,Goulburn-Murray Water,(Not set),54,Upper Lurg
118782,-36.65600379,146.1934463,TRANSLATION,55,,(Not set),9,Upper Ryans Creek
118783,-36.65871179,146.1939774,TRANSLATION,55,,(Not set),12,Upper Ryans Creek
118800,-36.67409977,146.2033295,TRANSLATION,55,,(Not set),8.1,Upper Ryans Creek
89344,-36.65402791,141.9900829,GPS - SKM VA,54,Grampians Wimmera Mallee Water,Wimmera CMA,163,Vectis
89345,-36.65403879,141.9900312,GPS - SKM VA,54,Grampians Wimmera Mallee Water,Wimmera CMA,28,Vectis
97842,-36.75335322,142.1167188,GLOBAL POSIT,54,Grampians Wimmera Mallee Water,Wimmera CMA,13.5,Vectis
97847,-36.74978735,142.1175807,GLOBAL POSIT,54,Grampians Wimmera Mallee Water,Wimmera CMA,14.1,Vectis
113120,-36.71371815,142.1685975,GLOBAL POSIT,54,Grampians Wimmera Mallee Water,Wimmera CMA,129.8,Vectis
113121,-36.7137175,142.1685625,GLOBAL POSIT,54,Grampians Wimmera Mallee Water,Wimmera CMA,21.4,Vectis
WRK958423,-36.69762162,141.9734719,Not known,54,,,15,Vectis
WRK958425,-36.69763937,141.9735057,Not known,54,,,5,Vectis
WRK958426,-36.69758956,141.9817665,Not known,54,,,15,Vectis
WRK958427,-36.69758956,141.9817665,Not known,54,,,6,Vectis
119076,-38.49785918,145.2444888,TRANSLATION,55,,(Not set),20,Ventnor
119081,-38.49444269,145.1975604,TRANSLATION,55,,(Not set),5,Ventnor
119082,-38.49615577,145.1917845,TRANSLATION,55,,(Not set),10,Ventnor
119087,-38.50779489,145.1869068,TRANSLATION,55,,(Not set),8,Ventnor
119089,-38.50597489,145.1858058,TRANSLATION,55,,(Not set),18,Ventnor
WRK957500,-38.5077216,145.190909,NOT KNOWN,55,,Melbourne Water CMA,19.3,Ventnor
WRK957502,-38.49547738,145.2156956,NOT KNOWN,55,,Melbourne Water CMA,11.47,Ventnor
WRK957503,-38.4930747,145.2141382,NOT KNOWN,55,,Melbourne Water CMA,10.55,Ventnor
WRK957504,-38.4930747,145.2141382,NOT KNOWN,55,,Melbourne Water CMA,4.95,Ventnor
94803,-38.69959414,145.8326004,GLOBAL POSIT,55,Southern Rural Water,West Gippsland CMA,8.5,Venus Bay
94804,-38.69596421,145.8181446,GLOBAL POSIT,55,Southern Rural Water,West Gippsland CMA,6.78,Venus Bay
94805,-38.6905061,145.8022576,GLOBAL POSIT,55,Southern Rural Water,West Gippsland CMA,11.5,Venus Bay
94806,-38.67635774,145.7972537,GLOBAL POSIT,55,Southern Rural Water,West Gippsland CMA,10,Venus Bay
94808,-38.67034999,145.7880693,GLOBAL POSIT,55,Southern Rural Water,West Gippsland CMA,10,Venus Bay
94809,-38.67734531,145.7844953,GLOBAL POSIT,55,Southern Rural Water,West Gippsland CMA,11.5,Venus Bay
94810,-38.67948766,145.7898194,GLOBAL POSIT,55,Southern Rural Water,West Gippsland CMA,22,Venus Bay
94811,-38.6817283,145.7878533,GPS - SKM VA,55,Southern Rural Water,West Gippsland CMA,26.5,Venus Bay
94813,-38.70469916,145.8147562,GPS - SKM VA,55,Southern Rural Water,West Gippsland CMA,23.5,Venus Bay
94814,-38.67515935,145.7927795,GLOBAL POSIT,55,Southern Rural Water,West Gippsland CMA,11.5,Venus Bay
94815,-38.70829294,145.8233236,GLOBAL POSIT,55,Southern Rural Water,West Gippsland CMA,4,Venus Bay
94816,-38.70835159,145.8212641,GLOBAL POSIT,55,Southern Rural Water,West Gippsland CMA,16,Venus Bay
113668,-38.70133468,145.8239932,GLOBAL POSIT,55,Southern Rural Water,West Gippsland CMA,50,Venus Bay
113669,-38.70132644,145.8239978,GLOBAL POSIT,55,Southern Rural Water,West Gippsland CMA,19,Venus Bay
114155,-38.70131629,145.8240013,GLOBAL POSIT,55,Southern Rural Water,West Gippsland CMA,32,Venus Bay
114156,-38.67191131,145.7923646,GLOBAL POSIT,55,Southern Rural Water,West Gippsland CMA,50,Venus Bay
114157,-38.67192378,145.792367,GLOBAL POSIT,55,Southern Rural Water,West Gippsland CMA,23,Venus Bay
114158,-38.67193333,145.7923678,GLOBAL POSIT,55,Southern Rural Water,West Gippsland CMA,15,Venus Bay
114159,-38.66335751,145.7834283,GLOBAL POSIT,55,Southern Rural Water,West Gippsland CMA,50,Venus Bay
114160,-38.66336296,145.7834149,GLOBAL POSIT,55,Southern Rural Water,West Gippsland CMA,23,Venus Bay
114161,-38.66335905,145.7834035,GLOBAL POSIT,55,Southern Rural Water,West Gippsland CMA,9,Venus Bay
87708,-37.54164348,142.2922576,GPS - SKM VA,54,Southern Rural Water,Glenelg Hopkins CMA,45,Victoria Valley
26155,-35.18395597,143.3861278,TRANSLATION,54,,(Not set),25.4,Vinifera
26182,-35.18396352,143.3861354,TRANSLATION,54,,(Not set),6.7,Vinifera
119388,-35.19454268,143.3869679,TRANSLATION,54,,(Not set),20,Vinifera
WRK119926,-35.19966275,143.3940995,Not known,0,,(Not set),,Vinifera
WRK119930,-35.19990079,143.4188494,Not known,0,,(Not set),,Vinifera
79857,-36.6400375,145.6274522,GPS - SKM VA,55,Goulburn-Murray Water,Goulburn Broken CMA,50,Violet Town
103420,-36.60251227,145.7703976,GPS - SKM VA,55,Goulburn-Murray Water,Goulburn Broken CMA,50,Violet Town
116672,-36.53888946,145.613758,TRANSLATION,55,Goulburn-Murray Water,(Not set),76,Violet Town
116673,-36.5653119,145.6781005,TRANSLATION,55,Goulburn-Murray Water,(Not set),76,Violet Town
116681,-36.59292392,145.6888078,TRANSLATION,55,Goulburn-Murray Water,(Not set),91,Violet Town
116683,-36.56470215,145.7468355,TRANSLATION,55,,(Not set),76,Violet Town
116684,-36.55973246,145.6232193,TRANSLATION,55,,(Not set),60,Violet Town
118675,-36.56110645,145.6250943,TRANSLATION,55,,(Not set),16,Violet Town
118677,-36.56198148,145.6228443,TRANSLATION,55,,(Not set),16,Violet Town
118689,-36.53818827,145.6310858,TRANSLATION,55,,(Not set),19.7,Violet Town
118690,-36.53818827,145.6310858,TRANSLATION,55,,(Not set),10.5,Violet Town
118691,-36.53818827,145.6310858,TRANSLATION,55,,(Not set),3.7,Violet Town
118692,-36.53548526,145.6311337,TRANSLATION,55,,(Not set),19.7,Violet Town
118693,-36.53548526,145.6311337,TRANSLATION,55,,(Not set),9.2,Violet Town
118694,-36.53548526,145.6311337,TRANSLATION,55,,(Not set),4.6,Violet Town
118708,-36.56341041,145.6295232,TRANSLATION,55,,(Not set),19,Violet Town
118709,-36.56341041,145.6295232,TRANSLATION,55,,(Not set),15,Violet Town
118710,-36.56351931,145.6390201,TRANSLATION,55,,(Not set),19,Violet Town
118712,-36.55081233,145.631422,TRANSLATION,55,,(Not set),16,Violet Town
118713,-36.55081233,145.631422,TRANSLATION,55,,(Not set),7,Violet Town
61879,-37.89313746,143.1280346,GLOBAL POSIT,54,Southern Rural Water,Glenelg Hopkins CMA,75.5,Vite Vite
61881,-37.89316849,143.1280828,GLOBAL POSIT,54,Southern Rural Water,Glenelg Hopkins CMA,84,Vite Vite
97869,-37.81354182,143.2052817,GLOBAL POSIT,54,Southern Rural Water,Corangamite CMA,146,Vite Vite North
110100,-37.80906062,143.1593757,GLOBAL POSIT,54,Southern Rural Water,Corangamite CMA,252.8,Vite Vite North
110101,-37.80901373,143.1593773,GLOBAL POSIT,54,Southern Rural Water,Corangamite CMA,108,Vite Vite North
110102,-37.80898244,143.1593832,GLOBAL POSIT,54,Southern Rural Water,Corangamite CMA,63,Vite Vite North
48290,-36.07399869,145.3363458,GPS - SKM VA,55,Goulburn-Murray Water,Goulburn Broken CMA,204,Waaia
48291,-36.07396528,145.3364844,GPS - SKM VA,55,Goulburn-Murray Water,Goulburn Broken CMA,23.5,Waaia
109759,-36.07418692,145.2799457,GPS - SKM VA,55,Goulburn-Murray Water,Goulburn Broken CMA,20,Waaia
109760,-36.07418309,145.2799525,GPS - SKM VA,55,Goulburn-Murray Water,Goulburn Broken CMA,20,Waaia
WRK005958,-36.0506,145.28522,G-MW <30M VA,55,Goulburn-Murray Water,(Not set),9.1,Waaia
WRK006007,-36.04215,145.31093,G-MW <30M VA,55,Goulburn-Murray Water,(Not set),9.14,Waaia
WRK006013,-36.03793126,145.2879947,G-MW DESKTOP,55,,(Not set),6.7,Waaia
WRK006228,-36.03931,145.34382,G-MW <30M VA,55,Goulburn-Murray Water,(Not set),10.67,Waaia
WRK006677,-36.04684,145.288,G-MW <30M VA,55,Goulburn-Murray Water,(Not set),8,Waaia
WRK007554,-36.05344964,145.3392042,G-MW DESKTOP,55,Goulburn-Murray Water,(Not set),10,Waaia
WRK008223,-36.03290001,145.33608,G-MW <30M VA,55,Goulburn-Murray Water,(Not set),11.2,Waaia
WRK010310,-36.00673497,145.3456989,G-MW <30M VA,55,Goulburn-Murray Water,(Not set),9.5,Waaia
WRK013524,-36.03398,145.32992,G-MW <30M VA,55,Goulburn-Murray Water,Goulburn Broken CMA,7.9,Waaia
WRK052819,-36.04569441,145.2890273,NOT KNOWN,55,Goulburn-Murray Water,(Not set),121,Waaia
98130,-36.25056346,145.75783,GPS - SKM VA,55,Goulburn-Murray Water,Goulburn Broken CMA,89.92,Waggarandall
98131,-36.25319323,145.7763995,GPS - SKM VA,55,Goulburn-Murray Water,Goulburn Broken CMA,103.02,Waggarandall
98132,-36.25052991,145.7578288,GPS - SKM VA,55,Goulburn-Murray Water,Goulburn Broken CMA,25,Waggarandall
WRK957163,-36.02815679,146.4487325,NOT KNOWN,55,,North East CMA,5.65,Wahgunyah
WRK957164,-36.02815679,146.4487325,NOT KNOWN,55,,North East CMA,6.15,Wahgunyah
WRK957165,-36.02748324,146.4357291,NOT KNOWN,55,,North East CMA,13.45,Wahgunyah
WRK957166,-36.02748324,146.4357291,NOT KNOWN,55,,North East CMA,4.14,Wahgunyah
WRK957167,-36.02600917,146.4424766,NOT KNOWN,55,,North East CMA,17.4,Wahgunyah
WRK957168,-36.02600917,146.4424766,NOT KNOWN,55,,North East CMA,5.55,Wahgunyah
WRK957293,-36.03080138,146.4041162,NOT KNOWN,55,,North East CMA,13.1,Wahgunyah
53125,-36.71542453,145.309704,GPS - SKM VA,55,Goulburn-Murray Water,Goulburn Broken CMA,30,Wahring
58264,-36.69190379,145.2370134,GPS - SKM VA,55,Goulburn-Murray Water,Goulburn Broken CMA,69,Wahring
58265,-36.69186203,145.2370118,GPS - SKM VA,55,Goulburn-Murray Water,Goulburn Broken CMA,18,Wahring
58266,-36.69203588,145.2370102,GPS - SKM VA,55,Goulburn-Murray Water,Goulburn Broken CMA,30,Wahring
98148,-36.73013073,145.2341751,GPS - SKM VA,55,Goulburn-Murray Water,Goulburn Broken CMA,98,Wahring
98149,-36.73013039,145.2341883,GPS - SKM VA,55,Goulburn-Murray Water,Goulburn Broken CMA,34,Wahring
98177,-36.7299331,145.1928152,GPS - SKM VA,55,Goulburn-Murray Water,Goulburn Broken CMA,41,Wahring
98178,-36.72993441,145.1928244,GPS - SKM VA,55,Goulburn-Murray Water,Goulburn Broken CMA,18,Wahring
WRK006385,-36.66177285,145.2342597,G-MW <30M VA,55,Goulburn-Murray Water,(Not set),33,Wahring
WRK006975,-36.64697977,145.2741176,G-MW <30M VA,55,,(Not set),31.7,Wahring
WRK007858,-36.66804777,145.228891,G-MW <100M V,55,Goulburn-Murray Water,(Not set),40.5,Wahring
116994,-36.56235402,142.0350499,TRANSLATION,54,,(Not set),14.3,Wail
116995,-36.56250822,142.0171721,TRANSLATION,54,,(Not set),15.8,Wail
116996,-36.56250822,142.0171721,TRANSLATION,54,,(Not set),8.5,Wail
40603,-35.36075712,143.0465016,GPS - SKM VA,54,Grampians Wimmera Mallee Water,Mallee CMA,10,Waitchie
40628,-35.31927601,143.0765205,GPS - SKM VA,54,Grampians Wimmera Mallee Water,Mallee CMA,9,Waitchie
40629,-35.32027946,143.0975517,GPS - SKM VA,54,Grampians Wimmera Mallee Water,Mallee CMA,5.5,Waitchie
40658,-35.47544117,143.1560348,GPS - SKM VA,54,Grampians Wimmera Mallee Water,Mallee CMA,15,Waitchie
WRK957253,-36.3153837,146.2808248,NOT KNOWN,55,,North East CMA,13.2,Waldara
WRK957254,-36.31550908,146.2806257,NOT KNOWN,55,,North East CMA,5.1,Waldara
WRK957255,-36.31563752,146.2810564,NOT KNOWN,55,,North East CMA,5.08,Waldara
WRK957256,-36.31477138,146.2778922,NOT KNOWN,55,,North East CMA,20,Waldara
WRK957257,-36.31715055,146.2793046,NOT KNOWN,55,,North East CMA,20,Waldara
WRK957279,-36.31159306,146.263839,NOT KNOWN,55,,North East CMA,11.15,Waldara
119365,-37.56345252,144.0530018,GPS - SKM VA,55,Southern Rural Water,Corangamite CMA,16,Wallace
119366,-37.57569141,144.0657069,GPS - SKM VA,55,Southern Rural Water,Corangamite CMA,22,Wallace
146023,-37.91285065,141.8413292,GPS - SKM VA,54,Southern Rural Water,Glenelg Hopkins CMA,98,Wallacedale
146031,-37.91289892,141.841322,GPS - SKM VA,54,Southern Rural Water,Glenelg Hopkins CMA,40,Wallacedale
117149,-36.73149125,142.8156272,TRANSLATION,54,,(Not set),19.6,Wallaloo
84014,-37.91811669,143.4901938,GLOBAL POSIT,54,Southern Rural Water,Corangamite CMA,52.6,Wallinduc
98309,-36.33983323,142.2263373,GPS - SKM VA,54,Grampians Wimmera Mallee Water,Wimmera CMA,130,Wallup
56533,-37.79454681,147.440587,GPS - SKM VA,55,Southern Rural Water,East Gippsland CMA,5.48,Walpa
56534,-37.78829679,147.4417984,GPS - SKM VA,55,Southern Rural Water,East Gippsland CMA,9.14,Walpa
56535,-37.78350112,147.4427189,GPS - SKM VA,55,Southern Rural Water,East Gippsland CMA,6.09,Walpa
56536,-37.79301589,147.4221571,GPS - SKM VA,55,Southern Rural Water,East Gippsland CMA,6.4,Walpa
56538,-37.78253344,147.4242531,GPS - SKM VA,55,Southern Rural Water,East Gippsland CMA,8.22,Walpa
56539,-37.78401468,147.4098635,GPS - SKM VA,55,Southern Rural Water,East Gippsland CMA,6.4,Walpa
56540,-37.7887571,147.4089147,GPS - SKM VA,55,Southern Rural Water,East Gippsland CMA,6.26,Walpa
56541,-37.79038462,147.4006988,GPS - SKM VA,55,Southern Rural Water,East Gippsland CMA,8.84,Walpa
56546,-37.79050759,147.4010098,GPS - SKM VA,55,Southern Rural Water,East Gippsland CMA,16,Walpa
56547,-37.79176521,147.4045364,GPS - SKM VA,55,Southern Rural Water,East Gippsland CMA,13,Walpa
56548,-37.78902685,147.4088662,GPS - SKM VA,55,Southern Rural Water,East Gippsland CMA,12.5,Walpa
56549,-37.794723,147.4137937,GPS - SKM VA,55,Southern Rural Water,East Gippsland CMA,12,Walpa
56550,-37.78797038,147.4231973,GLOBAL POSIT,55,Southern Rural Water,East Gippsland CMA,13,Walpa
56551,-37.79326864,147.4220776,GPS - SKM VA,55,Southern Rural Water,East Gippsland CMA,14,Walpa
111800,-37.78865479,147.4089446,GPS - SKM VA,55,Southern Rural Water,East Gippsland CMA,108.5,Walpa
98363,-35.123763,142.0404698,GPS - SKM VA,54,Grampians Wimmera Mallee Water,Mallee CMA,71,Walpeup
98364,-35.11664918,142.0458746,GPS - SKM VA,54,Grampians Wimmera Mallee Water,Mallee CMA,58,Walpeup
8002879,-35.24231636,142.0148863,GLOBAL POSIT,54,Grampians Wimmera Mallee Water,Mallee CMA,42,Walpeup
98371,-36.6338677,144.8973084,GPS - SKM VA,55,Goulburn-Murray Water,Goulburn Broken CMA,24,Wanalta
98372,-36.63384718,144.8973126,GPS - SKM VA,55,Goulburn-Murray Water,Goulburn Broken CMA,9,Wanalta
6028,-35.7353542,143.8806008,TRANSLATION,54,,(Not set),3.17,Wandella
41720,-35.73631818,143.8802422,GPS - SKM VA,54,Goulburn-Murray Water,North Central CMA,69.8,Wandella
79082,-35.73581322,143.8799929,GPS - SKM VA,54,Goulburn-Murray Water,North Central CMA,236.5,Wandella
79083,-35.73580446,143.8800536,GPS - SKM VA,54,Goulburn-Murray Water,North Central CMA,67,Wandella
130480,-35.71602732,143.8611177,TRANSLATION,54,Goulburn-Murray Water,(Not set),5.45,Wandella
130481,-35.71602732,143.8611177,TRANSLATION,54,Goulburn-Murray Water,(Not set),10.45,Wandella
130487,-35.73559561,143.8431803,TRANSLATION,54,Goulburn-Murray Water,(Not set),5.6,Wandella
130489,-35.73520647,143.8561881,TRANSLATION,54,Goulburn-Murray Water,(Not set),5.4,Wandella
WRK956544,-35.70506583,143.8166187,NOT KNOWN,54,,North Central CMA,10,Wandella
WRK956545,-35.70506583,143.8166187,NOT KNOWN,54,,North Central CMA,5,Wandella
WRK956550,-35.74131814,143.8837949,NOT KNOWN,54,,North Central CMA,10,Wandella
WRK956551,-35.74131814,143.8837949,NOT KNOWN,54,,North Central CMA,5,Wandella
98399,-37.82241621,145.447069,GLOBAL POSIT,55,Southern Rural Water,Melbourne Water CMA,74,Wandin East
98402,-37.81490083,145.4597317,GLOBAL POSIT,55,Southern Rural Water,Melbourne Water CMA,41,Wandin East
109769,-37.81202581,145.4421374,GLOBAL POSIT,55,Southern Rural Water,Melbourne Water CMA,58,Wandin East
109770,-37.81202316,145.4421415,GLOBAL POSIT,55,Southern Rural Water,Melbourne Water CMA,58,Wandin East
98398,-37.79307218,145.4240625,GLOBAL POSIT,55,Southern Rural Water,Melbourne Water CMA,98,Wandin North
98403,-37.79900268,145.4375725,GLOBAL POSIT,55,Southern Rural Water,Melbourne Water CMA,74,Wandin North
98404,-37.7992603,145.4379904,GLOBAL POSIT,55,Southern Rural Water,Melbourne Water CMA,78,Wandin North
98414,-37.76768175,145.4418122,GLOBAL POSIT,55,Southern Rural Water,Melbourne Water CMA,31,Wandin North
98416,-37.79548727,145.4143494,GLOBAL POSIT,55,Southern Rural Water,Melbourne Water CMA,300,Wandin North
26221,-34.8039483,142.9029554,TRANSLATION,54,,(Not set),12.6,Wandown
98873,-36.35579501,146.3347668,GPS - SKM VA,55,Goulburn-Murray Water,North East CMA,43.28,Wangaratta
98874,-36.3558296,146.3348258,GPS - SKM VA,55,Goulburn-Murray Water,North East CMA,43.28,Wangaratta
8002857,-35.70743793,143.1965407,GLOBAL POSIT,54,Grampians Wimmera Mallee Water,Mallee CMA,38,Wangie
23060,-36.52713185,145.1513775,GPS - SKM VA,55,Goulburn-Murray Water,Goulburn Broken CMA,60,Waranga Shores
42720,-36.52712372,145.151394,GPS - SKM VA,55,Goulburn-Murray Water,Goulburn Broken CMA,48,Waranga Shores
42810,-36.52712965,145.1514044,GPS - SKM VA,55,Goulburn-Murray Water,Goulburn Broken CMA,8,Waranga Shores
101012,-36.9941011,143.6077016,GPS - SKM VA,54,Goulburn-Murray Water,North Central CMA,43,Wareek
7769,-34.16267541,141.9967477,TRANSLATION,54,,(Not set),30,Wargan
7786,-34.14282617,141.996607,TRANSLATION,54,,(Not set),30.1,Wargan
7884,-34.11424595,141.9066124,TRANSLATION,54,,(Not set),8.7,Wargan
7890,-34.13433751,141.906918,TRANSLATION,54,,(Not set),27.1,Wargan
7891,-34.1352404,141.9082027,TRANSLATION,54,,(Not set),17,Wargan
7893,-34.1570189,141.9082276,TRANSLATION,54,,(Not set),10.2,Wargan
7894,-34.20542871,141.9111719,TRANSLATION,54,,(Not set),25.56,Wargan
7896,-34.11371501,141.7559847,TRANSLATION,54,,(Not set),28.1,Wargan
7897,-34.11371501,141.7559847,TRANSLATION,54,,(Not set),12,Wargan
7901,-34.12479077,141.7560492,TRANSLATION,54,,(Not set),7.2,Wargan
7902,-34.14488601,141.7613599,TRANSLATION,54,,(Not set),20,Wargan
7903,-34.1449011,141.7613557,TRANSLATION,54,,(Not set),10.5,Wargan
7904,-34.1452441,141.7616881,TRANSLATION,54,,(Not set),25,Wargan
7905,-34.1452441,141.7616881,TRANSLATION,54,,(Not set),30,Wargan
7908,-34.15426215,141.7617692,TRANSLATION,54,,(Not set),25.5,Wargan
7910,-34.19034033,141.7610088,TRANSLATION,54,,(Not set),25,Wargan
7911,-34.19077386,141.7609437,TRANSLATION,54,,(Not set),10.35,Wargan
7912,-34.16057518,141.7618263,TRANSLATION,54,,(Not set),12.1,Wargan
27003,-34.20825862,141.9725312,TRANSLATION,54,,(Not set),36.2,Wargan
27011,-34.23804647,141.7608244,TRANSLATION,54,,(Not set),43.27,Wargan
4A_5,-34.1572124,141.8209104,Not known,54,,(Not set),7.3,Wargan
4B_1,-34.16059864,141.8344677,Not known,54,,(Not set),1.1,Wargan
4B_2,-34.16057832,141.8344726,Not known,54,,(Not set),,Wargan
4B_3,-34.16062407,141.8346144,Not known,54,,(Not set),7.1,Wargan
4B_4,-34.16072085,141.834903,Not known,54,,(Not set),7.2,Wargan
4B_5,-34.16085491,141.8354295,Not known,54,,(Not set),7.2,Wargan
4C_1,-34.16146163,141.8541812,Not known,54,,(Not set),2.2,Wargan
4C_3,-34.16117134,141.8540881,Not known,54,,(Not set),6.8,Wargan
4C_4,-34.16092716,141.8540081,Not known,54,,(Not set),7.3,Wargan
4C_5,-34.16052493,141.8538887,Not known,54,,(Not set),7.3,Wargan
4D_1,-34.16129639,141.8540828,Not known,54,,(Not set),2.4,Wargan
4D_4,-34.16185321,141.8543093,Not known,54,,(Not set),8.4,Wargan
4D_5,-34.1622706,141.8544481,Not known,54,,(Not set),8.6,Wargan
4E_1,-34.17280332,141.8346376,Not known,54,,(Not set),1.5,Wargan
WRK119812,-34.19336557,141.7191312,Not known,54,,(Not set),,Wargan
WRK119814,-34.12580456,141.7136353,Not known,54,,(Not set),,Wargan
WRK119815,-34.14509157,141.7157824,Not known,54,,(Not set),,Wargan
WRK119816,-34.15312941,141.723064,Not known,54,,(Not set),,Wargan
WRK950283,-34.14157348,141.8396946,NOT KNOWN,54,,(Not set),3,Wargan
WRK950288,-34.14436545,141.8462206,NOT KNOWN,54,,(Not set),25.8,Wargan
WRK950291,-34.14347675,141.8461026,NOT KNOWN,54,,(Not set),4.1,Wargan
WRK950292,-34.14307718,141.8460552,NOT KNOWN,54,,(Not set),4.3,Wargan
109114,-38.35614033,143.7148096,GLOBAL POSIT,54,Southern Rural Water,Corangamite CMA,308.5,Warncoort
91025,-38.22848182,145.3081201,GLOBAL POSIT,55,Southern Rural Water,Melbourne Water CMA,51.2,Warneet
101108,-36.16154201,142.4756885,GPS - SKM VA,54,Grampians Wimmera Mallee Water,Wimmera CMA,253,Warracknabeal
101109,-36.16156923,142.4757479,GPS - SKM VA,54,Grampians Wimmera Mallee Water,Wimmera CMA,40,Warracknabeal
61184,-38.11908303,145.8982543,GPS - SKM VA,55,Southern Rural Water,West Gippsland CMA,60,Warragul
61125,-38.18391491,145.8882891,GPS - SKM VA,55,Southern Rural Water,Melbourne Water CMA,98.45,Warragul South
101248,-37.2702431,143.1128378,GPS - SKM VA,54,Grampians Wimmera Mallee Water,Wimmera CMA,150,Warrak
WRK956165,-37.24626037,143.1243315,NOT KNOWN,54,,Wimmera CMA,17.5,Warrak
WRK956166,-37.24626037,143.1243315,NOT KNOWN,54,,Wimmera CMA,14,Warrak
WRK956169,-37.26278,143.1308507,NOT KNOWN,54,,Wimmera CMA,60.5,Warrak
WRK956170,-37.26278,143.1308507,NOT KNOWN,54,,Wimmera CMA,18.5,Warrak
WRK956172,-37.26278,143.1308507,NOT KNOWN,54,,Wimmera CMA,5.5,Warrak
WRK956173,-37.26249919,143.1493689,NOT KNOWN,54,,Wimmera CMA,11.8,Warrak
WRK956174,-37.26249919,143.1493689,NOT KNOWN,54,,Wimmera CMA,5,Warrak
WRK956175,-37.27924358,143.1563301,NOT KNOWN,54,,Wimmera CMA,60.6,Warrak
WRK956176,-37.27934122,143.1564118,NOT KNOWN,54,,Wimmera CMA,4,Warrak
WRK956177,-37.27827322,143.1561671,NOT KNOWN,54,,Wimmera CMA,16,Warrak
WRK956178,-37.27827322,143.1561671,NOT KNOWN,54,,Wimmera CMA,5,Warrak
WRK956292,-37.26967812,143.1100251,NOT KNOWN,54,,Wimmera CMA,15.74,Warrak
116691,-36.68011169,145.9346636,TRANSLATION,55,,(Not set),30,Warrenbayne
116692,-36.67198966,145.9336565,TRANSLATION,55,,(Not set),100,Warrenbayne
116693,-36.67472864,145.9375355,TRANSLATION,55,,(Not set),30,Warrenbayne
116694,-36.67383263,145.9381075,TRANSLATION,55,,(Not set),30,Warrenbayne
116695,-36.65129856,145.8416445,TRANSLATION,55,Goulburn-Murray Water,(Not set),40,Warrenbayne
118830,-36.67199965,145.9347755,TRANSLATION,55,,(Not set),15,Warrenbayne
118831,-36.67424368,145.9336255,TRANSLATION,55,,(Not set),19,Warrenbayne
118832,-36.67424368,145.9336255,TRANSLATION,55,,(Not set),7,Warrenbayne
118833,-36.67651666,145.9358315,TRANSLATION,55,,(Not set),19,Warrenbayne
118834,-36.67651666,145.9358315,TRANSLATION,55,,(Not set),14,Warrenbayne
118835,-36.66838964,145.9342654,TRANSLATION,55,,(Not set),14,Warrenbayne
118836,-36.66838964,145.9342654,TRANSLATION,55,,(Not set),8,Warrenbayne
118837,-36.66838964,145.9342654,TRANSLATION,55,,(Not set),3,Warrenbayne
118838,-36.66568563,145.9343024,TRANSLATION,55,,(Not set),8,Warrenbayne
118839,-36.67018766,145.9336815,TRANSLATION,55,,(Not set),19,Warrenbayne
118840,-36.66026262,145.9326993,TRANSLATION,55,,(Not set),5,Warrenbayne
118841,-36.66026262,145.9326993,TRANSLATION,55,,(Not set),3,Warrenbayne
118842,-36.66209559,145.9360303,TRANSLATION,55,,(Not set),19,Warrenbayne
118843,-36.66209559,145.9360303,TRANSLATION,55,,(Not set),6,Warrenbayne
118844,-36.66154371,145.9248495,TRANSLATION,55,,(Not set),16,Warrenbayne
118845,-36.66154371,145.9248495,TRANSLATION,55,,(Not set),9,Warrenbayne
118846,-36.6583847,145.9243334,TRANSLATION,55,,(Not set),19,Warrenbayne
118847,-36.6583847,145.9243334,TRANSLATION,55,,(Not set),11,Warrenbayne
118848,-36.68055271,145.9335376,TRANSLATION,55,,(Not set),18,Warrenbayne
118849,-36.68055271,145.9335376,TRANSLATION,55,,(Not set),5,Warrenbayne
118850,-36.65977166,145.9282304,TRANSLATION,55,,(Not set),7,Warrenbayne
118851,-36.65977166,145.9282304,TRANSLATION,55,,(Not set),6,Warrenbayne
118852,-36.65831878,145.9170625,TRANSLATION,55,,(Not set),19,Warrenbayne
118853,-36.69259345,145.8706878,TRANSLATION,55,,(Not set),19,Warrenbayne
118854,-36.69259345,145.8706878,TRANSLATION,55,,(Not set),6,Warrenbayne
118855,-36.68513364,145.9418696,TRANSLATION,55,,(Not set),15,Warrenbayne
118859,-36.66884017,145.8850232,TRANSLATION,55,,(Not set),8,Warrenbayne
118860,-36.66889711,145.8911771,TRANSLATION,55,,(Not set),8,Warrenbayne
WRK957004,-36.68270832,145.8842482,NOT KNOWN,55,,Goulburn Broken CMA,8.69,Warrenbayne
WRK957008,-36.65019574,145.9197227,NOT KNOWN,55,,Goulburn Broken CMA,17.85,Warrenbayne
WRK957018,-36.69202949,145.9164849,NOT KNOWN,55,,Goulburn Broken CMA,15.89,Warrenbayne
WRK957019,-36.69176271,145.9158954,NOT KNOWN,55,,Goulburn Broken CMA,19.77,Warrenbayne
WRK957021,-36.69163095,145.9142966,NOT KNOWN,55,,Goulburn Broken CMA,10.43,Warrenbayne
WRK957022,-36.69491913,145.9150563,NOT KNOWN,55,,Goulburn Broken CMA,4.86,Warrenbayne
WRK957029,-36.6828291,145.9470005,NOT KNOWN,55,,Goulburn Broken CMA,28,Warrenbayne
WRK957030,-36.68533234,145.9446495,NOT KNOWN,55,,Goulburn Broken CMA,12.88,Warrenbayne
WRK957032,-36.69488958,145.8787888,NOT KNOWN,55,,Goulburn Broken CMA,9999,Warrenbayne
WRK957045,-36.68400728,145.9456749,NOT KNOWN,55,,Goulburn Broken CMA,7.9,Warrenbayne
WRK957046,-36.68428223,145.9451675,NOT KNOWN,55,,Goulburn Broken CMA,11.2,Warrenbayne
WRK958091,-36.69364332,145.9096005,NOT KNOWN,55,,Goulburn Broken CMA,5,Warrenbayne
142702,-38.21215132,143.5426559,GPS - SKM VA,54,Southern Rural Water,Corangamite CMA,31,Warrion
142703,-38.24324192,143.5858325,GPS - SKM VA,54,Southern Rural Water,Corangamite CMA,18,Warrion
142714,-38.23075306,143.5390991,GPS - SKM VA,54,Southern Rural Water,Corangamite CMA,25,Warrion
142717,-38.23076519,143.5391591,GPS - SKM VA,54,Southern Rural Water,Corangamite CMA,52,Warrion
142720,-38.23077019,143.5392618,GPS - SKM VA,54,Southern Rural Water,Corangamite CMA,72,Warrion
123436,-38.40098888,142.5212354,TRANSLATION,54,Southern Rural Water,(Not set),14.5,Warrnambool
141315,-38.34204357,142.459813,GLOBAL POSIT,54,Southern Rural Water,Glenelg Hopkins CMA,39,Warrnambool
141316,-38.37389495,142.464127,GLOBAL POSIT,54,Southern Rural Water,Glenelg Hopkins CMA,35,Warrnambool
110747,-37.44732064,141.233636,GPS - SKM VA,54,Southern Rural Water,Glenelg Hopkins CMA,22.86,Warrock
WRK988731,-38.19532142,142.2937026,GLOBAL POSIT,54,Southern Rural Water,Glenelg Hopkins CMA,13,Warrong
WRK988732,-38.1953092,142.2936795,GLOBAL POSIT,54,Southern Rural Water,Glenelg Hopkins CMA,26,Warrong
112920,-37.03959179,142.3371667,TRANSLATION,54,Grampians Wimmera Mallee Water,Wimmera CMA,28.2,Wartook
117950,-36.19678086,142.9422134,TRANSLATION,54,,(Not set),21,Watchem
110128,-35.75739775,142.7277511,GPS - SKM VA,54,Grampians Wimmera Mallee Water,Mallee CMA,58,Watchupga
110163,-35.75759129,142.728097,GPS - SKM VA,54,Grampians Wimmera Mallee Water,Mallee CMA,172.8,Watchupga
WRK956277,-36.96297169,143.0962599,NOT KNOWN,54,,Wimmera CMA,20.5,Wattle Creek
WRK016269,-37.319459,143.637883,GLOBAL POSIT,54,Goulburn-Murray Water,North Central CMA,42,Waubra
WRK016270,-37.319488,143.638012,GLOBAL POSIT,54,Goulburn-Murray Water,North Central CMA,78,Waubra
6263,-35.87249354,144.2831404,TRANSLATION,55,,(Not set),4.1,Wee Wee Rup
26657,-38.09820912,143.6835204,GLOBAL POSIT,54,Southern Rural Water,Corangamite CMA,7.5,Weering
26658,-38.10100266,143.678712,GLOBAL POSIT,54,Southern Rural Water,Corangamite CMA,7.5,Weering
26659,-38.07327803,143.7221793,GLOBAL POSIT,54,Southern Rural Water,Corangamite CMA,10,Weering
26660,-38.07090716,143.7262649,GLOBAL POSIT,54,Southern Rural Water,Corangamite CMA,9.7,Weering
26661,-38.07223448,143.6516425,GLOBAL POSIT,54,Southern Rural Water,Corangamite CMA,11,Weering
26692,-38.1067761,143.6327017,GLOBAL POSIT,54,Southern Rural Water,Corangamite CMA,11.53,Weering
36061,-38.08772903,143.6480844,GLOBAL POSIT,54,Southern Rural Water,Corangamite CMA,16,Weering
57505,-38.07548954,143.7183392,GLOBAL POSIT,54,Southern Rural Water,Corangamite CMA,380,Weering
57506,-38.0755038,143.7183225,GLOBAL POSIT,54,Southern Rural Water,Corangamite CMA,20,Weering
86785,-38.11529175,143.6333659,GLOBAL POSIT,54,Southern Rural Water,Corangamite CMA,233.17,Weering
89048,-38.24913291,143.2781153,GLOBAL POSIT,54,Southern Rural Water,Corangamite CMA,538.2,Weerite
50871,-38.12310832,147.3757931,TRANSLATION,55,Southern Rural Water,(Not set),21.3,Wellington Shire
50877,-38.12310832,147.3757931,TRANSLATION,55,Southern Rural Water,(Not set),4.75,Wellington Shire
WRK956558,-37.04620226,144.0520859,NOT KNOWN,55,,North Central CMA,20,Welshmans Reef
110724,-38.67191299,146.4637504,GLOBAL POSIT,55,Southern Rural Water,West Gippsland CMA,199.6,Welshpool
WRK957541,-38.65987826,146.4567328,NOT KNOWN,55,,West Gippsland CMA,7,Welshpool
128055,-34.75653832,142.6676433,TRANSLATION,54,,(Not set),23.27,Wemen
128056,-34.76776679,142.6573874,TRANSLATION,54,,(Not set),18.64,Wemen
CHWB16,-37.53840983,143.8183884,Not known,54,,(Not set),,Wendouree
113004,-38.33043002,144.0781299,GLOBAL POSIT,55,Southern Rural Water,Corangamite CMA,100.6,Wensleydale
113470,-38.3758376,144.1012288,GLOBAL POSIT,55,Southern Rural Water,Corangamite CMA,206.6,Wensleydale
56252,-37.86624042,143.5933699,GLOBAL POSIT,54,Southern Rural Water,Corangamite CMA,54,Werneth
56253,-37.86622492,143.5934396,GLOBAL POSIT,54,Southern Rural Water,Corangamite CMA,30,Werneth
98253,-37.94727004,143.5864977,GLOBAL POSIT,54,Southern Rural Water,Corangamite CMA,119,Werneth
WRK956473,-37.20983307,144.0394743,NOT KNOWN,55,,North Central CMA,15,Werona
59520,-37.96045924,144.7146964,GLOBAL POSIT,55,Southern Rural Water,Melbourne Water CMA,15,Werribee South
59521,-37.96050991,144.7146609,GLOBAL POSIT,55,Southern Rural Water,Melbourne Water CMA,28.5,Werribee South
59522,-37.92100425,144.7125843,GLOBAL POSIT,55,Southern Rural Water,Melbourne Water CMA,23.75,Werribee South
59523,-37.94252256,144.727161,GLOBAL POSIT,55,Southern Rural Water,Melbourne Water CMA,31.9,Werribee South
59525,-37.93886734,144.6996355,GLOBAL POSIT,55,Southern Rural Water,Melbourne Water CMA,108,Werribee South
59526,-37.93889707,144.6996076,GLOBAL POSIT,55,Southern Rural Water,Melbourne Water CMA,23,Werribee South
59528,-37.92002735,144.6820203,GLOBAL POSIT,55,Southern Rural Water,Melbourne Water CMA,21,Werribee South
59530,-37.94260001,144.7271305,GLOBAL POSIT,55,Southern Rural Water,Melbourne Water CMA,55,Werribee South
59531,-37.94118996,144.6715524,GLOBAL POSIT,55,Southern Rural Water,Melbourne Water CMA,26.24,Werribee South
59532,-37.94121206,144.6715219,GLOBAL POSIT,55,Southern Rural Water,Melbourne Water CMA,40.5,Werribee South
59533,-37.97378246,144.6953213,GLOBAL POSIT,55,Southern Rural Water,Melbourne Water CMA,43,Werribee South
59534,-37.9644873,144.6732148,GLOBAL POSIT,55,Southern Rural Water,Melbourne Water CMA,23.5,Werribee South
59535,-37.96446792,144.6730644,GLOBAL POSIT,55,Southern Rural Water,Melbourne Water CMA,120,Werribee South
59536,-37.95403806,144.6970673,GLOBAL POSIT,55,Southern Rural Water,Melbourne Water CMA,41,Werribee South
59537,-37.96054727,144.7146449,GLOBAL POSIT,55,Southern Rural Water,Melbourne Water CMA,35,Werribee South
59538,-37.9272433,144.6925498,GLOBAL POSIT,55,Southern Rural Water,Melbourne Water CMA,27,Werribee South
59539,-37.92727759,144.6925614,GLOBAL POSIT,55,Southern Rural Water,Melbourne Water CMA,10,Werribee South
112802,-37.94314613,144.6764972,GLOBAL POSIT,55,Southern Rural Water,Melbourne Water CMA,18,Werribee South
112803,-37.96582452,144.6711242,GLOBAL POSIT,55,Southern Rural Water,Melbourne Water CMA,27,Werribee South
112804,-37.97158936,144.6937927,GLOBAL POSIT,55,Southern Rural Water,Melbourne Water CMA,27,Werribee South
113018,-37.97158493,144.693801,GLOBAL POSIT,55,Southern Rural Water,Melbourne Water CMA,8,Werribee South
145270,-37.92016614,144.6819296,GLOBAL POSIT,55,Southern Rural Water,Melbourne Water CMA,10.6,Werribee South
145271,-37.94128544,144.6714733,GLOBAL POSIT,55,Southern Rural Water,Melbourne Water CMA,23,Werribee South
145272,-37.96445738,144.6729827,GLOBAL POSIT,55,Southern Rural Water,Melbourne Water CMA,15,Werribee South
145273,-37.94246028,144.7271647,GLOBAL POSIT,55,Southern Rural Water,Melbourne Water CMA,11.5,Werribee South
WRK040686,-37.93606726,144.6805499,TRANSLATION,55,Southern Rural Water,(Not set),11,Werribee South
WRK040687,-37.93439915,144.6891698,TRANSLATION,55,Southern Rural Water,(Not set),30,Werribee South
7946,-34.40227008,141.5318888,TRANSLATION,54,,(Not set),43.5,Werrimull
7954,-34.30790539,141.5273246,TRANSLATION,54,,(Not set),42,Werrimull
77030,-34.46515575,141.566948,GPS - SKM VA,54,Lower Murray Water,Mallee CMA,561.6,Werrimull
77031,-34.46534072,141.5669593,GPS - SKM VA,54,Lower Murray Water,Mallee CMA,220,Werrimull
77032,-34.46531773,141.5670514,GPS - SKM VA,54,Lower Murray Water,Mallee CMA,60,Werrimull
130492,-34.28920456,141.6260863,TRANSLATION,54,,(Not set),46,Werrimull
107970,-38.15163792,146.2507802,GLOBAL POSIT,55,Southern Rural Water,West Gippsland CMA,90.22,Westbury
107971,-38.15163611,146.250778,GLOBAL POSIT,55,Southern Rural Water,West Gippsland CMA,121,Westbury
6451,-35.63379803,143.9431893,TRANSLATION,54,,(Not set),6.5,Westby
87762,-37.69074952,142.9381611,GLOBAL POSIT,54,Southern Rural Water,Glenelg Hopkins CMA,144.5,Westmere
87763,-37.69077427,142.9381682,GLOBAL POSIT,54,Southern Rural Water,Glenelg Hopkins CMA,54,Westmere
WRK017727,-37.208059,145.669498,NOT KNOWN,55,Goulburn-Murray Water,Goulburn Broken CMA,79,Whanregarwen
WRK017728,-37.208069,145.669435,GLOBAL POSIT,55,Goulburn-Murray Water,Goulburn Broken CMA,30,Whanregarwen
WRK017729,-37.20192705,145.6038387,GLOBAL POSIT,55,Goulburn-Murray Water,Goulburn Broken CMA,24,Whanregarwen
102827,-36.07391487,144.6586847,GPS - SKM VA,55,Goulburn-Murray Water,North Central CMA,185,Wharparilla
102828,-36.073713,144.658502,GPS - SKM VA,55,Goulburn-Murray Water,North Central CMA,178,Wharparilla
102829,-36.07404935,144.6586474,GPS - SKM VA,55,Goulburn-Murray Water,North Central CMA,80.5,Wharparilla
102830,-36.07414865,144.6586556,GPS - SKM VA,55,Goulburn-Murray Water,North Central CMA,27.8,Wharparilla
102831,-36.07445623,144.6587131,GPS - SKM VA,55,Goulburn-Murray Water,North Central CMA,195,Wharparilla
WRK005695,-36.12893003,144.60878,G-MW DESKTOP,55,,(Not set),115.8,Wharparilla
116700,-37.06189172,145.2837597,TRANSLATION,55,Goulburn-Murray Water,(Not set),76,Whiteheads Creek
116701,-37.05743466,145.2872346,TRANSLATION,55,Goulburn-Murray Water,(Not set),61,Whiteheads Creek
118892,-37.05645271,145.2816337,TRANSLATION,55,,(Not set),20.5,Whiteheads Creek
118893,-37.05645271,145.2816337,TRANSLATION,55,,(Not set),13,Whiteheads Creek
118894,-37.05605067,145.2850156,TRANSLATION,55,,(Not set),20,Whiteheads Creek
118895,-37.05605067,145.2850156,TRANSLATION,55,,(Not set),10,Whiteheads Creek
118899,-37.05564963,145.2883986,TRANSLATION,55,,(Not set),20,Whiteheads Creek
118901,-37.05567362,145.2900855,TRANSLATION,55,,(Not set),20,Whiteheads Creek
118902,-37.0587377,145.2838307,TRANSLATION,55,,(Not set),18,Whiteheads Creek
118903,-37.05879466,145.2877656,TRANSLATION,55,,(Not set),20,Whiteheads Creek
118904,-37.05879466,145.2877656,TRANSLATION,55,,(Not set),11.5,Whiteheads Creek
118905,-37.05882763,145.2900146,TRANSLATION,55,,(Not set),21,Whiteheads Creek
118907,-37.06149767,145.2877047,TRANSLATION,55,,(Not set),20,Whiteheads Creek
118908,-37.06149767,145.2877047,TRANSLATION,55,,(Not set),12,Whiteheads Creek
118909,-37.06193169,145.2865707,TRANSLATION,55,,(Not set),18,Whiteheads Creek
118910,-37.06193169,145.2865707,TRANSLATION,55,,(Not set),12,Whiteheads Creek
118911,-37.05870572,145.2815827,TRANSLATION,55,,(Not set),20,Whiteheads Creek
118912,-37.05329869,145.2817046,TRANSLATION,55,,(Not set),20,Whiteheads Creek
118913,-37.04976862,145.2868445,TRANSLATION,55,,(Not set),20,Whiteheads Creek
118914,-37.04976862,145.2868445,TRANSLATION,55,,(Not set),12,Whiteheads Creek
118915,-37.05712255,145.2968005,TRANSLATION,55,,(Not set),17.5,Whiteheads Creek
118916,-37.05712255,145.2968005,TRANSLATION,55,,(Not set),12.5,Whiteheads Creek
118917,-37.04401651,145.2942823,TRANSLATION,55,,(Not set),3,Whiteheads Creek
118920,-37.03395956,145.2843892,TRANSLATION,55,,(Not set),11.5,Whiteheads Creek
102865,-38.3652398,143.8258634,GLOBAL POSIT,54,Southern Rural Water,Corangamite CMA,435.86,Whoorel
102873,-36.50604299,146.5989597,GLOBAL POSIT,55,Goulburn-Murray Water,North East CMA,79.25,Whorouly
WRK053436,-36.50631095,146.5986631,NOT KNOWN,55,Goulburn-Murray Water,North East CMA,24,Whorouly
WRK957302,-36.53146842,146.5332515,NOT KNOWN,55,,North East CMA,6.42,Whorouly
WRK957349,-36.57045695,146.5662889,NOT KNOWN,55,,North East CMA,50,Whorouly South
WRK957350,-36.56716366,146.5679949,NOT KNOWN,55,,North East CMA,30.5,Whorouly South
WRK957351,-36.56716366,146.5679949,NOT KNOWN,55,,North East CMA,12.41,Whorouly South
WRK957352,-36.56805949,146.5714209,NOT KNOWN,55,,North East CMA,36.48,Whorouly South
WRK957353,-36.56327982,146.5759845,NOT KNOWN,55,,North East CMA,30.61,Whorouly South
46962,-36.69977112,145.0515432,GPS - SKM VA,55,Goulburn-Murray Water,Goulburn Broken CMA,33,Whroo
103096,-37.67108235,142.791295,GLOBAL POSIT,54,Southern Rural Water,Glenelg Hopkins CMA,56,Wickliffe
103097,-37.67111852,142.7912868,GLOBAL POSIT,54,Southern Rural Water,Glenelg Hopkins CMA,17,Wickliffe
116776,-37.73629482,142.7649967,TRANSLATION,54,Southern Rural Water,(Not set),45,Wickliffe
117436,-37.78007889,142.7345279,Not known,54,,(Not set),17,Wickliffe
117438,-37.776024,142.7098288,Not known,54,,(Not set),19,Wickliffe
50834,-36.09994564,146.0461252,GPS - SKM VA,55,Goulburn-Murray Water,Goulburn Broken CMA,52,Wilby
110666,-36.09992574,146.0460944,GPS - SKM VA,55,Goulburn-Murray Water,Goulburn Broken CMA,6.5,Wilby
70920,-37.48807248,142.7492249,GPS - SKM VA,54,Southern Rural Water,Glenelg Hopkins CMA,72,Willaura
70921,-37.48806414,142.7491795,GPS - SKM VA,54,Southern Rural Water,Glenelg Hopkins CMA,40,Willaura
74021,-37.56455932,142.6569609,GPS - SKM VA,54,Southern Rural Water,Glenelg Hopkins CMA,20,Willaura
74030,-37.56535511,142.6386933,GPS - SKM VA,54,Southern Rural Water,Glenelg Hopkins CMA,4,Willaura
74031,-37.56691616,142.6366102,GPS - SKM VA,54,Southern Rural Water,Glenelg Hopkins CMA,10,Willaura
74032,-37.56689814,142.6366098,GPS - SKM VA,54,Southern Rural Water,Glenelg Hopkins CMA,23,Willaura
74033,-37.56836397,142.6363098,GPS - SKM VA,54,Southern Rural Water,Glenelg Hopkins CMA,13.38,Willaura
74034,-37.56836245,142.6363022,GPS - SKM VA,54,Southern Rural Water,Glenelg Hopkins CMA,23.65,Willaura
87751,-37.48004724,142.5817921,GLOBAL POSIT,54,Southern Rural Water,Glenelg Hopkins CMA,26,Willaura
87757,-37.51212625,142.6021623,TRANSLATION,54,Southern Rural Water,Glenelg Hopkins CMA,28,Willaura
102412,-37.47057566,142.6224479,TRANSLATION,54,Southern Rural Water,Glenelg Hopkins CMA,18,Willaura
103336,-37.55180202,142.6759526,GLOBAL POSIT,54,Southern Rural Water,Glenelg Hopkins CMA,16,Willaura
103341,-37.55997838,142.6296631,GPS - SKM VA,54,Southern Rural Water,Glenelg Hopkins CMA,22,Willaura
103342,-37.55997072,142.6296957,GPS - SKM VA,54,Southern Rural Water,Glenelg Hopkins CMA,4.07,Willaura
103343,-37.55899955,142.6320158,GPS - SKM VA,54,Southern Rural Water,Glenelg Hopkins CMA,7,Willaura
103344,-37.55754608,142.6386974,GPS - SKM VA,54,Southern Rural Water,Glenelg Hopkins CMA,4,Willaura
103345,-37.55995338,142.6425201,GPS - SKM VA,54,Southern Rural Water,Glenelg Hopkins CMA,6,Willaura
103346,-37.55994421,142.6425313,GPS - SKM VA,54,Southern Rural Water,Glenelg Hopkins CMA,22,Willaura
103348,-37.49979581,142.620476,GPS - SKM VA,54,Southern Rural Water,Glenelg Hopkins CMA,18.8,Willaura
103349,-37.53566907,142.6666256,GPS - SKM VA,54,Southern Rural Water,Glenelg Hopkins CMA,3.95,Willaura
110515,-37.49879712,142.612741,GPS - SKM VA,54,Southern Rural Water,Glenelg Hopkins CMA,6.1,Willaura
111322,-37.57067273,142.6916992,GPS - SKM VA,54,Southern Rural Water,Glenelg Hopkins CMA,51,Willaura
111689,-37.43611295,142.720493,GPS - SKM VA,54,Southern Rural Water,Glenelg Hopkins CMA,60,Willaura
111690,-37.43611327,142.7204704,GPS - SKM VA,54,Southern Rural Water,Glenelg Hopkins CMA,45,Willaura
111691,-37.41284917,142.6329576,GPS - SKM VA,54,Southern Rural Water,Glenelg Hopkins CMA,52.8,Willaura
111692,-37.41284979,142.6329124,GPS - SKM VA,54,Southern Rural Water,Glenelg Hopkins CMA,23,Willaura
111695,-37.46206686,142.5573985,GPS - SKM VA,54,Southern Rural Water,Glenelg Hopkins CMA,43,Willaura
111696,-37.54091002,142.8108571,GLOBAL POSIT,54,Southern Rural Water,Glenelg Hopkins CMA,79,Willaura
111697,-37.54088759,142.8108509,GLOBAL POSIT,54,Southern Rural Water,Glenelg Hopkins CMA,36,Willaura
111698,-37.5408739,142.810862,GLOBAL POSIT,54,Southern Rural Water,Glenelg Hopkins CMA,8,Willaura
117765,-37.57972575,142.686553,TRANSLATION,54,,(Not set),17.6,Willaura
117766,-37.57972575,142.686553,TRANSLATION,54,,(Not set),17.6,Willaura
117767,-37.57972575,142.686553,TRANSLATION,54,,(Not set),3,Willaura
111693,-37.34141987,142.6772782,GPS - SKM VA,54,Grampians Wimmera Mallee Water,Wimmera CMA,44,Willaura North
109476,-37.85567185,144.852412,GPS - SKM VA,55,Southern Rural Water,Melbourne Water CMA,25.29,Williamstown
109477,-37.85563509,144.8523976,GPS - SKM VA,55,Southern Rural Water,Melbourne Water CMA,25.29,Williamstown
26680,-38.2087087,143.9586078,GLOBAL POSIT,54,Southern Rural Water,Corangamite CMA,11.21,Winchelsea
26681,-38.19922292,143.9721855,GLOBAL POSIT,54,Southern Rural Water,Corangamite CMA,11,Winchelsea
26682,-38.19923205,143.9721984,GLOBAL POSIT,54,Southern Rural Water,Corangamite CMA,3.73,Winchelsea
26683,-38.18491509,143.974895,GLOBAL POSIT,54,Southern Rural Water,Corangamite CMA,8.33,Winchelsea
69497,-38.29884525,143.8902249,GLOBAL POSIT,54,Southern Rural Water,Corangamite CMA,501.11,Winchelsea
69499,-38.29942054,143.8909436,GLOBAL POSIT,54,Southern Rural Water,Corangamite CMA,106.98,Winchelsea
110190,-38.18360033,143.9286739,GLOBAL POSIT,54,Southern Rural Water,Corangamite CMA,77,Winchelsea
110191,-38.18360049,143.9287001,GLOBAL POSIT,54,Southern Rural Water,Corangamite CMA,50,Winchelsea
110192,-38.21469679,143.9158129,GLOBAL POSIT,54,Southern Rural Water,Corangamite CMA,54,Winchelsea
110193,-38.20871377,143.9586889,GLOBAL POSIT,54,Southern Rural Water,Corangamite CMA,19,Winchelsea
110194,-38.18575166,143.9488679,GLOBAL POSIT,54,Southern Rural Water,Corangamite CMA,21,Winchelsea
110195,-38.18574662,143.9488353,GLOBAL POSIT,54,Southern Rural Water,Corangamite CMA,9,Winchelsea
110196,-38.18362812,143.9287951,GLOBAL POSIT,54,Southern Rural Water,Corangamite CMA,30,Winchelsea
110652,-38.18568225,143.9751339,GLOBAL POSIT,54,Southern Rural Water,Corangamite CMA,65,Winchelsea
110654,-38.18559498,143.9760667,GLOBAL POSIT,54,Southern Rural Water,Corangamite CMA,15,Winchelsea
110700,-38.16933467,143.950061,GPS - SKM VA,54,Southern Rural Water,Corangamite CMA,97.3,Winchelsea
110702,-38.18570881,143.948587,GLOBAL POSIT,54,Southern Rural Water,Corangamite CMA,36,Winchelsea
110703,-38.18430316,143.935341,GLOBAL POSIT,54,Southern Rural Water,Corangamite CMA,34,Winchelsea
110709,-38.2262114,143.9831039,GLOBAL POSIT,54,Southern Rural Water,Corangamite CMA,20,Winchelsea
110979,-38.1693293,143.9501026,GLOBAL POSIT,54,Southern Rural Water,Corangamite CMA,14,Winchelsea
111233,-38.18123025,144.0022965,GLOBAL POSIT,55,Southern Rural Water,Corangamite CMA,69,Winchelsea
111234,-38.18120161,144.0022717,GLOBAL POSIT,55,Southern Rural Water,Corangamite CMA,16,Winchelsea
111235,-38.20596004,144.0025264,GLOBAL POSIT,55,Southern Rural Water,Corangamite CMA,39,Winchelsea
111236,-38.20596622,144.0025525,GLOBAL POSIT,55,Southern Rural Water,Corangamite CMA,16,Winchelsea
122381,-37.52194007,143.7417992,GLOBAL POSIT,54,Southern Rural Water,Corangamite CMA,104,Windermere
122382,-37.52194907,143.7417996,GLOBAL POSIT,54,Southern Rural Water,Corangamite CMA,45,Windermere
CHWB14,-37.5118619,143.743523,Not known,54,,(Not set),,Windermere
SP068246,-37.449443,143.708911,GLOBAL POSIT,54,Southern Rural Water,Glenelg Hopkins CMA,73,Windermere
26856,-35.47074732,143.7488273,TRANSLATION,54,,(Not set),19.55,Winlaton
26857,-35.47074732,143.7488273,TRANSLATION,54,,(Not set),7.32,Winlaton
49570,-35.47092914,143.7497754,GPS - SKM VA,54,Goulburn-Murray Water,North Central CMA,67,Winlaton
42001,-38.09152064,146.7867148,TRANSLATION,55,,(Not set),10.05,Winnindoo
42028,-38.08326752,146.7931926,TRANSLATION,55,,(Not set),18.89,Winnindoo
42045,-38.09029374,146.776797,TRANSLATION,55,,(Not set),10.97,Winnindoo
42073,-38.03199854,146.7670031,TRANSLATION,55,,(Not set),85,Winnindoo
45756,-38.08704499,146.7521183,TRANSLATION,55,,(Not set),37,Winnindoo
45757,-38.08704499,146.7521183,TRANSLATION,55,,(Not set),19,Winnindoo
45758,-38.11568889,146.7751564,TRANSLATION,55,,(Not set),16,Winnindoo
103583,-38.10605093,146.7295187,GLOBAL POSIT,55,Southern Rural Water,West Gippsland CMA,727.67,Winnindoo
103734,-38.1115412,146.7459567,TRANSLATION,55,Southern Rural Water,(Not set),20,Winnindoo
103811,-38.08254298,146.7138584,GPS - SKM VA,55,Southern Rural Water,West Gippsland CMA,222,Winnindoo
103822,-38.09150536,146.791431,GPS - SKM VA,55,Southern Rural Water,West Gippsland CMA,251,Winnindoo
103826,-38.1115412,146.7459567,TRANSLATION,55,Southern Rural Water,(Not set),4.86,Winnindoo
103828,-38.09016173,146.7767981,TRANSLATION,55,,(Not set),7.47,Winnindoo
139365,-38.11358908,146.7571737,TRANSLATION,55,Southern Rural Water,(Not set),18,Winnindoo
139367,-38.11258614,146.7513587,TRANSLATION,55,Southern Rural Water,(Not set),14,Winnindoo
139374,-38.10082085,146.7720432,TRANSLATION,55,Southern Rural Water,(Not set),30,Winnindoo
104271,-37.06000544,141.5756576,GPS - SKM VA,54,Grampians Wimmera Mallee Water,Wimmera CMA,12.2,Wombelano
104272,-37.060054,141.5756805,GPS - SKM VA,54,Grampians Wimmera Mallee Water,Wimmera CMA,51.81,Wombelano
119137,-38.4980652,146.711424,Not known,55,,(Not set),16,Won Wron
119138,-38.49426274,146.7080449,Not known,55,,(Not set),10,Won Wron
WRK059121,-38.46533254,146.7140301,NOT KNOWN,55,Southern Rural Water,West Gippsland CMA,23,Won Wron
WRK059122,-38.46533339,146.7140535,Not known,55,Southern Rural Water,West Gippsland CMA,,Won Wron
WRK059123,-38.4652693,146.7136868,Not known,55,Southern Rural Water,West Gippsland CMA,,Won Wron
WRK957515,-38.49166839,146.7020113,NOT KNOWN,55,,West Gippsland CMA,11.25,Won Wron
WRK957538,-38.46916252,146.7192071,NOT KNOWN,55,,West Gippsland CMA,6.9,Won Wron
104359,-37.32104633,144.5608111,GPS - SKM VA,55,Goulburn-Murray Water,North Central CMA,76,Woodend North
117482,-38.31848471,142.4910507,Not known,54,,(Not set),13,Woodford
105392,-37.77522512,147.3809318,GPS - SKM VA,55,Southern Rural Water,East Gippsland CMA,30.48,Woodglen
105476,-37.7777198,147.4002854,GPS - SKM VA,55,Southern Rural Water,East Gippsland CMA,15,Woodglen
105477,-37.7836827,147.3936547,GPS - SKM VA,55,Southern Rural Water,East Gippsland CMA,13,Woodglen
105478,-37.77354487,147.3653385,GLOBAL POSIT,55,Southern Rural Water,East Gippsland CMA,80,Woodglen
105479,-37.77340324,147.3653753,GLOBAL POSIT,55,Southern Rural Water,East Gippsland CMA,34,Woodglen
110177,-37.77188905,147.3834091,GPS - SKM VA,55,Southern Rural Water,East Gippsland CMA,64,Woodglen
110978,-37.77346608,147.3647896,GPS - SKM VA,55,Southern Rural Water,East Gippsland CMA,74.5,Woodglen
69836,-37.75478149,142.3639455,GPS - SKM VA,54,Southern Rural Water,Glenelg Hopkins CMA,101.5,Woodhouse
119113,-38.59463728,146.9021749,Not known,55,,(Not set),17,Woodside
119114,-38.59462828,146.9021979,Not known,55,,(Not set),6,Woodside
119115,-38.54404529,146.9154399,Not known,55,,(Not set),17,Woodside
119116,-38.57318494,146.920916,Not known,55,,(Not set),7,Woodside
119117,-38.57318492,146.920893,Not known,55,,(Not set),18,Woodside
119118,-38.59443318,146.8608129,Not known,55,,(Not set),8,Woodside
119119,-38.59439712,146.8608015,Not known,55,,(Not set),5,Woodside
119120,-38.59737513,146.8495304,Not known,55,,(Not set),9,Woodside
119121,-38.59741117,146.8495188,Not known,55,,(Not set),6,Woodside
119122,-38.53151078,146.9769734,Not known,55,,(Not set),8,Woodside
119123,-38.53152881,146.9769734,Not known,55,,(Not set),15,Woodside
145090,-38.57058528,146.907301,GLOBAL POSIT,55,Southern Rural Water,West Gippsland CMA,86,Woodside
145094,-38.49862113,146.8510847,GLOBAL POSIT,55,Southern Rural Water,West Gippsland CMA,61,Woodside
WRK957535,-38.58516806,146.8538609,NOT KNOWN,55,,West Gippsland CMA,10.34,Woodside
WRK957536,-38.58466988,146.8518527,NOT KNOWN,55,,West Gippsland CMA,8.56,Woodside
WRK957537,-38.58536988,146.8495549,NOT KNOWN,55,,West Gippsland CMA,5.64,Woodside
104536,-38.53058181,146.9916982,GPS - SKM VA,55,Southern Rural Water,West Gippsland CMA,1586.47,Woodside Beach
110720,-38.44382701,146.8226901,GLOBAL POSIT,55,Southern Rural Water,West Gippsland CMA,333,Woodside North
WRK075806,-36.7350664,143.9946308,NOT KNOWN,54,Goulburn-Murray Water,(Not set),50,Woodstock on Loddon
WRK952854,-36.79097757,143.9853919,TRANSLATION,54,Goulburn-Murray Water,North Central CMA,101,Woodstock West
WRK952855,-36.79097857,143.9854249,TRANSLATION,54,Goulburn-Murray Water,North Central CMA,46,Woodstock West
26686,-38.22682935,143.4389208,GPS - SKM VA,54,Southern Rural Water,Corangamite CMA,9.5,Wool Wool
110984,-38.2257709,143.4224949,GPS - SKM VA,54,Southern Rural Water,Corangamite CMA,190.3,Wool Wool
110985,-38.22576818,143.4224669,GPS - SKM VA,54,Southern Rural Water,Corangamite CMA,11,Wool Wool
WRK957511,-38.51512027,145.4682044,NOT KNOWN,55,,Melbourne Water CMA,5.5,Woolamai
WRK054465,-36.2914763,146.7190813,GLOBAL POSIT,55,Goulburn-Murray Water,North East CMA,85,Wooragee
26131,-35.25765522,143.4740137,TRANSLATION,54,,(Not set),6.55,Woorinen
26133,-35.28216944,143.4654152,TRANSLATION,54,,(Not set),7.15,Woorinen
26134,-35.28216944,143.4654152,TRANSLATION,54,,(Not set),15.94,Woorinen
26806,-35.27455719,143.4849708,TRANSLATION,54,,(Not set),14.8,Woorinen
26807,-35.27455719,143.4849708,TRANSLATION,54,,(Not set),5.81,Woorinen
26129,-35.24580057,143.4362931,TRANSLATION,54,,(Not set),6.46,Woorinen North
119387,-35.22940711,143.4092411,TRANSLATION,54,,(Not set),10.5,Woorinen North
75635,-37.97388726,142.9213536,GLOBAL POSIT,54,Southern Rural Water,Glenelg Hopkins CMA,120,Woorndoo
104929,-37.80824763,142.7608581,GPS - SKM VA,54,Southern Rural Water,Glenelg Hopkins CMA,63,Woorndoo
104930,-37.80829301,142.7608364,GPS - SKM VA,54,Southern Rural Water,Glenelg Hopkins CMA,15,Woorndoo
117430,-37.81617166,142.7882085,Not known,54,,(Not set),11,Woorndoo
117432,-37.81509479,142.7801737,Not known,54,,(Not set),14,Woorndoo
117433,-37.81513014,142.78022,Not known,54,,(Not set),6,Woorndoo
117440,-37.82572294,142.7304037,Not known,54,,(Not set),17,Woorndoo
117444,-37.88834231,142.7832895,Not known,54,,(Not set),10,Woorndoo
117445,-37.88833347,142.7832779,Not known,54,,(Not set),6,Woorndoo
117446,-37.85729131,142.7632634,Not known,54,,(Not set),16,Woorndoo
110181,-36.26833146,143.209742,GPS - SKM VA,54,Grampians Wimmera Mallee Water,North Central CMA,126,Wooroonook
110182,-36.26831339,143.2097594,GPS - SKM VA,54,Grampians Wimmera Mallee Water,North Central CMA,43,Wooroonook
110183,-36.26828657,143.2097616,GPS - SKM VA,54,Grampians Wimmera Mallee Water,North Central CMA,43,Wooroonook
110874,-36.26827252,143.2097807,GPS - SKM VA,54,Grampians Wimmera Mallee Water,North Central CMA,53,Wooroonook
56424,-36.19916172,145.4572033,GPS - SKM VA,55,Goulburn-Murray Water,Goulburn Broken CMA,143,Wunghnu
56425,-36.19914773,145.457181,GPS - SKM VA,55,Goulburn-Murray Water,Goulburn Broken CMA,21,Wunghnu
WRK956784,-38.2669087,144.0819225,NOT KNOWN,55,,Corangamite CMA,10,Wurdiboluc
105548,-38.11546181,147.018517,GLOBAL POSIT,55,Southern Rural Water,West Gippsland CMA,900.44,Wurruk
105728,-37.7982458,147.6234144,GLOBAL POSIT,55,Southern Rural Water,East Gippsland CMA,142.34,Wy Yung
140281,-37.82763548,147.5865305,GPS - SKM VA,55,Southern Rural Water,East Gippsland CMA,38.5,Wy Yung
93566,-36.20142397,145.0679794,GPS - SKM VA,55,Goulburn-Murray Water,Goulburn Broken CMA,180,Wyuna
93567,-36.25501705,145.0676508,GPS - SKM VA,55,Goulburn-Murray Water,Goulburn Broken CMA,115,Wyuna
93569,-36.25504273,145.0676554,GPS - SKM VA,55,Goulburn-Murray Water,Goulburn Broken CMA,7,Wyuna
93571,-36.20141984,145.0680194,GPS - SKM VA,55,Goulburn-Murray Water,Goulburn Broken CMA,25,Wyuna
WRK006638,-36.19880604,145.006697,Water Regist,55,Goulburn-Murray Water,(Not set),11,Wyuna
WRK007750,-36.20425001,145.01493,G-MW <30M VA,55,Goulburn-Murray Water,(Not set),11.5,Wyuna
WRK007761,-36.22156001,145.03414,G-MW <30M VA,55,Goulburn-Murray Water,(Not set),9,Wyuna
WRK007950,-36.23526001,145.04887,G-MW <30M VA,55,Goulburn-Murray Water,(Not set),8,Wyuna
105663,-35.58962779,142.1012425,GPS - SKM VA,54,Grampians Wimmera Mallee Water,Mallee CMA,15.24,Yaapeet
105664,-35.63587498,142.0138414,GPS - SKM VA,54,Grampians Wimmera Mallee Water,Mallee CMA,234,Yaapeet
105821,-36.28196168,145.650027,GPS - SKM VA,55,Goulburn-Murray Water,Goulburn Broken CMA,85,Yabba South
116727,-36.29897739,145.7210651,GLOBAL POSIT,55,Goulburn-Murray Water,(Not set),70,Yabba South
WRK956968,-36.29807602,145.6927772,NOT KNOWN,55,,Goulburn Broken CMA,17.5,Yabba South
WRK053554,-36.38525206,146.8764707,GLOBAL POSIT,55,Goulburn-Murray Water,North East CMA,19,Yackandandah
97613,-35.9840853,145.3320161,GPS - SKM VA,55,Goulburn-Murray Water,Goulburn Broken CMA,177,Yalca
97614,-35.98409475,145.3320557,GPS - SKM VA,55,Goulburn-Murray Water,Goulburn Broken CMA,7.5,Yalca
105936,-35.88193641,145.2320308,GPS - SKM VA,55,Goulburn-Murray Water,Goulburn Broken CMA,199,Yalca
105976,-35.9696138,145.2950386,TRANSLATION,55,Goulburn-Murray Water,(Not set),7,Yalca
WRK007424,-35.9250291,145.2970288,G-MW <30M VA,55,Goulburn-Murray Water,(Not set),154,Yalca
WRK988726,-38.33482684,142.0651303,GLOBAL POSIT,54,Southern Rural Water,Glenelg Hopkins CMA,150,Yambuk
105701,-36.13517901,144.9320968,GPS - SKM VA,55,Goulburn-Murray Water,Goulburn Broken CMA,219,Yambuna
105702,-36.13518848,144.9321232,GPS - SKM VA,55,Goulburn-Murray Water,Goulburn Broken CMA,17.5,Yambuna
WRK008651,-36.17250001,144.99631,G-MW DESKTOP,55,Goulburn-Murray Water,(Not set),8.5,Yambuna
WRK010828,-36.17246001,145.00416,G-MW <30M VA,55,Goulburn-Murray Water,Goulburn Broken CMA,8.5,Yambuna
58079,-36.05818493,141.2944422,GPS - SKM VA,54,Grampians Wimmera Mallee Water,Wimmera CMA,192,Yanac
58111,-36.0582354,141.296534,GPS - SKM VA,54,Grampians Wimmera Mallee Water,Wimmera CMA,311.5,Yanac
50971,-36.05227713,143.8140238,GPS - SKM VA,54,Goulburn-Murray Water,North Central CMA,162.76,Yando
50972,-36.05750129,143.8171239,GPS - SKM VA,54,Goulburn-Murray Water,North Central CMA,88.39,Yando
WRK956470,-37.20592871,144.0400888,NOT KNOWN,55,,North Central CMA,15,Yandoit Hills
WRK956471,-37.20592871,144.0400888,NOT KNOWN,55,,North Central CMA,5,Yandoit Hills
WRK956472,-37.20611439,144.0406674,NOT KNOWN,55,,North Central CMA,15,Yandoit Hills
WRK956474,-37.20567552,144.0393327,NOT KNOWN,55,,North Central CMA,17,Yandoit Hills
WRK956476,-37.1998748,144.0383429,NOT KNOWN,55,,North Central CMA,9,Yandoit Hills
107474,-38.21430843,145.6424265,GLOBAL POSIT,55,Southern Rural Water,Melbourne Water CMA,183,Yannathan
109784,-38.21621463,145.6125505,GPS - SKM VA,55,Southern Rural Water,Melbourne Water CMA,282.24,Yannathan
109785,-38.21621881,145.6125515,GPS - SKM VA,55,Southern Rural Water,Melbourne Water CMA,282.24,Yannathan
36402,-36.54556504,144.0827169,GLOBAL POSIT,55,Goulburn-Murray Water,North Central CMA,10.17,Yarraberb
51720,-36.60362439,144.0174927,GLOBAL POSIT,55,Goulburn-Murray Water,North Central CMA,33.5,Yarraberb
51721,-36.60359066,144.0251501,GLOBAL POSIT,55,Goulburn-Murray Water,North Central CMA,30,Yarraberb
51722,-36.60362031,144.0317544,GLOBAL POSIT,55,Goulburn-Murray Water,North Central CMA,32.5,Yarraberb
51723,-36.60363647,144.0421818,GLOBAL POSIT,55,Goulburn-Murray Water,North Central CMA,40.5,Yarraberb
51724,-36.60364464,144.042148,GLOBAL POSIT,55,Goulburn-Murray Water,North Central CMA,20,Yarraberb
107906,-36.54167624,144.0631065,GLOBAL POSIT,55,Goulburn-Murray Water,North Central CMA,26.52,Yarraberb
107907,-36.54171253,144.0631163,GLOBAL POSIT,55,Goulburn-Murray Water,North Central CMA,26.52,Yarraberb
105220,-38.54114757,146.6793273,GLOBAL POSIT,55,Southern Rural Water,West Gippsland CMA,470,Yarram
105221,-38.54321712,146.7131738,GLOBAL POSIT,55,Southern Rural Water,West Gippsland CMA,321.2,Yarram
105222,-38.55647116,146.7052329,GLOBAL POSIT,55,Southern Rural Water,West Gippsland CMA,353.9,Yarram
110726,-38.56431338,146.7483216,GLOBAL POSIT,55,Southern Rural Water,West Gippsland CMA,839.67,Yarram
147173,-38.5620619,146.7306998,GLOBAL POSIT,55,Southern Rural Water,West Gippsland CMA,250,Yarram
WRK957542,-38.57633194,146.6574858,NOT KNOWN,55,,West Gippsland CMA,7,Yarram
WRK957575,-38.57633194,146.6574858,NOT KNOWN,55,,West Gippsland CMA,18.22,Yarram
57922,-37.82599373,144.8946323,GPS - SKM VA,55,Southern Rural Water,Melbourne Water CMA,13,Yarraville
57923,-37.82598953,144.8945892,GPS - SKM VA,55,Southern Rural Water,Melbourne Water CMA,36,Yarraville
108352,-36.18100393,143.9899021,GPS - SKM VA,54,Goulburn-Murray Water,North Central CMA,60,Yarrawalla
108353,-36.18105522,143.9899051,GPS - SKM VA,54,Goulburn-Murray Water,North Central CMA,18,Yarrawalla
109611,-36.13161112,144.0856728,GLOBAL POSIT,55,Goulburn-Murray Water,North Central CMA,113.38,Yarrawalla
109612,-36.13163651,144.0856052,GLOBAL POSIT,55,Goulburn-Murray Water,North Central CMA,113.38,Yarrawalla
108201,-36.02019053,145.9595902,GPS - SKM VA,55,Goulburn-Murray Water,Goulburn Broken CMA,70,Yarrawonga
108202,-36.02014193,145.9595997,GPS - SKM VA,55,Goulburn-Murray Water,Goulburn Broken CMA,21.5,Yarrawonga
108203,-36.02025546,145.9595926,GPS - SKM VA,55,Goulburn-Murray Water,Goulburn Broken CMA,46,Yarrawonga
111542,-36.00964341,146.0306752,GPS - SKM VA,55,Goulburn-Murray Water,Goulburn Broken CMA,41,Yarrawonga
111543,-36.00962862,146.0307081,GPS - SKM VA,55,Goulburn-Murray Water,Goulburn Broken CMA,10,Yarrawonga
111544,-35.9977393,145.9314149,GPS - SKM VA,55,Goulburn-Murray Water,Goulburn Broken CMA,102,Yarrawonga
111545,-35.99775328,145.9314306,GPS - SKM VA,55,Goulburn-Murray Water,Goulburn Broken CMA,12,Yarrawonga
111546,-36.02722743,145.9313997,GPS - SKM VA,55,Goulburn-Murray Water,Goulburn Broken CMA,50,Yarrawonga
111547,-36.02725497,145.9314069,GPS - SKM VA,55,Goulburn-Murray Water,Goulburn Broken CMA,12.5,Yarrawonga
111548,-36.05520896,145.9591692,GPS - SKM VA,55,Goulburn-Murray Water,Goulburn Broken CMA,25,Yarrawonga
111549,-36.02561727,145.9968461,GPS - SKM VA,55,Goulburn-Murray Water,Goulburn Broken CMA,35,Yarrawonga
111550,-36.02561594,145.9968274,GPS - SKM VA,55,Goulburn-Murray Water,Goulburn Broken CMA,16,Yarrawonga
111551,-36.04402645,145.9313295,GPS - SKM VA,55,Goulburn-Murray Water,Goulburn Broken CMA,28,Yarrawonga
111552,-36.05459023,146.031231,GPS - SKM VA,55,Goulburn-Murray Water,Goulburn Broken CMA,46,Yarrawonga
113690,-36.05455423,146.0312166,GPS - SKM VA,55,Goulburn-Murray Water,Goulburn Broken CMA,21.5,Yarrawonga
113691,-36.03854389,146.0492664,GPS - SKM VA,55,Goulburn-Murray Water,Goulburn Broken CMA,52.5,Yarrawonga
113692,-36.03853885,146.0492783,GLOBAL POSIT,55,Goulburn-Murray Water,Goulburn Broken CMA,8.5,Yarrawonga
114130,-36.03643607,145.9594282,GPS - SKM VA,55,Goulburn-Murray Water,Goulburn Broken CMA,38,Yarrawonga
114131,-36.03643765,145.9594238,GPS - SKM VA,55,Goulburn-Murray Water,Goulburn Broken CMA,9,Yarrawonga
114132,-36.04653575,145.9594354,GPS - SKM VA,55,Goulburn-Murray Water,Goulburn Broken CMA,26,Yarrawonga
114133,-36.04651813,145.959431,GPS - SKM VA,55,Goulburn-Murray Water,Goulburn Broken CMA,4,Yarrawonga
114134,-36.04435242,145.9594281,GPS - SKM VA,55,Goulburn-Murray Water,Goulburn Broken CMA,26,Yarrawonga
114135,-36.04431837,145.9594318,GPS - SKM VA,55,Goulburn-Murray Water,Goulburn Broken CMA,4,Yarrawonga
114138,-36.04068023,146.0301789,GPS - SKM VA,55,Goulburn-Murray Water,Goulburn Broken CMA,54,Yarrawonga
114952,-36.04066423,146.0301957,GPS - SKM VA,55,Goulburn-Murray Water,Goulburn Broken CMA,9.5,Yarrawonga
113693,-36.07222059,146.0492465,GPS - SKM VA,55,Goulburn-Murray Water,Goulburn Broken CMA,38,Yarrawonga South
113694,-36.07223255,146.0492419,GPS - SKM VA,55,Goulburn-Murray Water,Goulburn Broken CMA,19,Yarrawonga South
WRK006227,-35.9777449,145.6226266,G-MW <30M VA,55,Goulburn-Murray Water,(Not set),8,Yarroweyah
WRK006303,-35.97481,145.58768,G-MW <30M VA,55,Goulburn-Murray Water,(Not set),17.67,Yarroweyah
WRK007109,-35.92476109,145.5557687,G-MW <30M VA,55,Goulburn-Murray Water,(Not set),54,Yarroweyah
WRK007188,-35.9777725,145.6222712,Water Regist,55,Goulburn-Murray Water,(Not set),10.3,Yarroweyah
WRK007485,-35.95564799,145.5446618,G-MW DESKTOP,55,,(Not set),6,Yarroweyah
WRK007487,-35.9659896,145.5710203,G-MW DESKTOP,55,,(Not set),42,Yarroweyah
WRK007497,-35.94061,145.5827,G-MW <30M VA,55,,(Not set),,Yarroweyah
WRK007516,-35.91661547,145.5591086,G-MW <30M VA,55,,(Not set),41.7,Yarroweyah
WRK008351,-35.9554,145.58585,G-MW <30M VA,55,Goulburn-Murray Water,(Not set),9.1,Yarroweyah
WRK013607,-35.97393,145.6041,G-MW <30M VA,55,Goulburn-Murray Water,(Not set),9,Yarroweyah
WRK059597,-35.96796379,145.5861423,Water Regist,55,Goulburn-Murray Water,(Not set),50,Yarroweyah
130547,-34.1302498,141.9958843,TRANSLATION,54,,(Not set),29.5,Yelta
62578,-38.38963606,143.6473946,GLOBAL POSIT,54,Southern Rural Water,Corangamite CMA,85,Yeo
109108,-38.41549195,143.6853089,GLOBAL POSIT,54,Southern Rural Water,Corangamite CMA,12,Yeodene
109110,-38.40920632,143.6865498,GLOBAL POSIT,54,Southern Rural Water,Corangamite CMA,99,Yeodene
109111,-38.40914716,143.6859865,GLOBAL POSIT,54,Southern Rural Water,Corangamite CMA,42,Yeodene
109112,-38.42092998,143.7105517,GLOBAL POSIT,54,Southern Rural Water,Corangamite CMA,292,Yeodene
109113,-38.41649824,143.7040439,GLOBAL POSIT,54,Southern Rural Water,Corangamite CMA,270.56,Yeodene
109115,-38.42152252,143.6863963,TRANSLATION,54,Southern Rural Water,Corangamite CMA,124,Yeodene
109126,-38.41816953,143.6832943,TRANSLATION,54,Southern Rural Water,Corangamite CMA,28.5,Yeodene
109127,-38.41815953,143.6837523,TRANSLATION,54,Southern Rural Water,Corangamite CMA,24,Yeodene
109128,-38.41713366,143.6842554,GLOBAL POSIT,54,Southern Rural Water,Corangamite CMA,30,Yeodene
109129,-38.41691376,143.6846667,GLOBAL POSIT,54,Southern Rural Water,Corangamite CMA,20,Yeodene
109130,-38.40901407,143.68215,GLOBAL POSIT,54,Southern Rural Water,Corangamite CMA,17.5,Yeodene
109133,-38.39433934,143.6893193,GLOBAL POSIT,54,Southern Rural Water,Corangamite CMA,211.5,Yeodene
109134,-38.37723565,143.6957751,GLOBAL POSIT,54,Southern Rural Water,Corangamite CMA,156,Yeodene
109136,-38.40757357,143.6738562,TRANSLATION,54,Southern Rural Water,Corangamite CMA,37,Yeodene
BSBH_TB1A,-38.42320068,143.7018878,NOT KNOWN,54,Barwon Water,(Not set),12.91,Yeodene
BSBH_TB1B,-38.42318255,143.7018886,NOT KNOWN,54,Barwon Water,(Not set),19,Yeodene
BSBH01,-38.42262484,143.7017517,GLOBAL POSIT,54,Barwon Water,(Not set),6,Yeodene
BSBH02,-38.42237612,143.7015133,GLOBAL POSIT,54,Barwon Water,(Not set),3.6,Yeodene
BSBH03,-38.42213916,143.7016694,GLOBAL POSIT,54,Barwon Water,(Not set),3.6,Yeodene
BSBH04,-38.42217259,143.6997122,GLOBAL POSIT,54,Barwon Water,(Not set),6,Yeodene
BSBH05,-38.421895,143.6997546,GLOBAL POSIT,54,Barwon Water,(Not set),6,Yeodene
BSBH06,-38.42187843,143.7000437,GLOBAL POSIT,54,Barwon Water,(Not set),6,Yeodene
BSBH07,-38.42164006,143.7001436,GLOBAL POSIT,54,Barwon Water,(Not set),6,Yeodene
BSBH08,-38.42202771,143.6988444,GLOBAL POSIT,54,Barwon Water,(Not set),6,Yeodene
BSBH09,-38.42170471,143.6988633,GLOBAL POSIT,54,Barwon Water,(Not set),6,Yeodene
BSBH10,-38.42149884,143.699,GLOBAL POSIT,54,Barwon Water,(Not set),6,Yeodene
BSBH11,-38.42215943,143.6972723,GLOBAL POSIT,54,Barwon Water,(Not set),6,Yeodene
BSBH12,-38.42167526,143.6968958,GLOBAL POSIT,54,Barwon Water,(Not set),3.4,Yeodene
BSBH13,-38.42232424,143.6956919,GLOBAL POSIT,54,Barwon Water,(Not set),,Yeodene
BSBH14,-38.42259222,143.6960457,GLOBAL POSIT,54,Barwon Water,(Not set),6,Yeodene
BSBH15,-38.42244807,143.6956933,GLOBAL POSIT,54,Barwon Water,(Not set),6,Yeodene
BSBH16,-38.4221545,143.6953342,GLOBAL POSIT,54,Barwon Water,(Not set),6,Yeodene
BSBH17,-38.42216777,143.6949533,GLOBAL POSIT,54,Barwon Water,(Not set),5.9,Yeodene
BSBH18,-38.42287653,143.6950851,GLOBAL POSIT,54,Barwon Water,(Not set),3.6,Yeodene
110184,-36.35771444,143.2944579,GPS - SKM VA,54,Grampians Wimmera Mallee Water,North Central CMA,36,Yeungroon
110185,-36.35771805,143.2944435,GLOBAL POSIT,54,Grampians Wimmera Mallee Water,North Central CMA,12,Yeungroon
105927,-35.98090191,145.2318927,GPS - SKM VA,55,Goulburn-Murray Water,Goulburn Broken CMA,25,Yielima
105928,-35.88194498,145.2318778,GPS - SKM VA,55,Goulburn-Murray Water,Goulburn Broken CMA,20.5,Yielima
105929,-35.98074614,145.2319051,GPS - SKM VA,55,Goulburn-Murray Water,Goulburn Broken CMA,206,Yielima
109777,-35.88206268,145.2318853,GPS - SKM VA,55,Goulburn-Murray Water,Goulburn Broken CMA,186.23,Yielima
109778,-35.88206268,145.2318853,GPS - SKM VA,55,Goulburn-Murray Water,Goulburn Broken CMA,186.23,Yielima
109779,-35.88206268,145.2318853,GPS - SKM VA,55,Goulburn-Murray Water,Goulburn Broken CMA,186.23,Yielima
109780,-35.98105068,145.2318885,GPS - SKM VA,55,Goulburn-Murray Water,Goulburn Broken CMA,235.92,Yielima
109781,-35.98105068,145.2318885,GPS - SKM VA,55,Goulburn-Murray Water,Goulburn Broken CMA,235.92,Yielima
115719,-35.95219483,145.2229422,TRANSLATION,55,Goulburn-Murray Water,(Not set),14,Yielima
WRK006699,-35.97234345,145.1740388,Water Regist,55,Goulburn-Murray Water,(Not set),10.6,Yielima
WRK006780,-35.92897906,145.1973486,G-MW DESKTOP,55,Goulburn-Murray Water,(Not set),144.3,Yielima
WRK007494,-35.95366615,145.2273569,Water Regist,55,,(Not set),16.7,Yielima
WRK007495,-35.94655904,145.2128963,Water Regist,55,,(Not set),9.1,Yielima
WRK060111,-35.95203758,145.2230639,NOT KNOWN,55,Goulburn-Murray Water,(Not set),14,Yielima
117918,-36.59015029,142.9196144,TRANSLATION,54,,(Not set),19.7,York Plains
109356,-36.17753154,145.6916182,GPS - SKM VA,55,Goulburn-Murray Water,Goulburn Broken CMA,111.15,Youanmite
109357,-36.17294001,145.6428945,GPS - SKM VA,55,Goulburn-Murray Water,Goulburn Broken CMA,120,Youanmite
109358,-36.17295284,145.6429125,GPS - SKM VA,55,Goulburn-Murray Water,Goulburn Broken CMA,22,Youanmite
109762,-36.25357098,145.7980693,GPS - SKM VA,55,Goulburn-Murray Water,Goulburn Broken CMA,117.35,Yundool
109681,-36.29905063,145.3994556,GPS - SKM VA,55,Goulburn-Murray Water,Goulburn Broken CMA,15.55,Zeerust
109682,-36.29902486,145.39945,GPS - SKM VA,55,Goulburn-Murray Water,Goulburn Broken CMA,15.55,Zeerust