Site ID,Name,Latitude,Longitude,Active,Elevation (m),Basin,Water Body,Location
221001,GENOA RIVER @ ROCKTON,"37°08'19.2""S","149°19'02.3""E",FALSE,429,East Gippsland,GENOA RIVER,ROCKTON
221200,BEMM RIVER @ CLUB TERRACE,"37°32'29.0""S","148°56'04.0""E",FALSE,91.202,East Gippsland,BEMM RIVER,CLUB TERRACE
221201,CANN RIVER @ WEERAGUA (WEST BRANCH),"37°22'22.6""S","149°11'55.2""E",TRUE,152.951,East Gippsland,CANN RIVER,WEERAGUA (WEST BRANCH)
221202,GENOA RIVER @ WANGARABELL,"37°22'55.5""S","149°29'11.8""E",TRUE,106.457,East Gippsland,GENOA RIVER,WANGARABELL
221203,BETKA RIVER @ MALLACOOTA,"37°35'29.0""S","149°41'40.0""E",FALSE,9.732,East Gippsland,BETKA RIVER,MALLACOOTA
221204,THURRA RIVER @ POINT HICKS,"37°43'32.5""S","149°15'37.1""E",FALSE,9.04,East Gippsland,THURRA RIVER,POINT HICKS
221205,BEMM RIVER @ BEMM RIVER,"37°44'18.0""S","148°57'03.0""E",FALSE,27.004,East Gippsland,BEMM RIVER,BEMM RIVER
221206,CANN RIVER @ NOORINBEE,"37°26'02.0""S","149°11'50.0""E",FALSE,130.605,East Gippsland,CANN RIVER,NOORINBEE
221207,ERRINUNDRA RIVER @ ERRINUNDRA,"37°26'49.3""S","148°54'54.9""E",TRUE,139.789,East Gippsland,ERRINUNDRA RIVER,ERRINUNDRA
221208,WINGAN RIVER @ WINGAN INLET NATIONAL PARK,"37°41'19.6""S","149°29'30.4""E",TRUE,36.163,East Gippsland,WINGAN RIVER,WINGAN INLET NATIONAL PARK
221209,CANN RIVER @ WEERAGUA (EAST BRANCH),"37°21'19.6""S","149°12'25.4""E",TRUE,178.46,East Gippsland,CANN RIVER,WEERAGUA (EAST BRANCH)
221210,GENOA RIVER @ THE GORGE,"37°24'56.8""S","149°31'13.4""E",TRUE,86.605,East Gippsland,GENOA RIVER,THE GORGE
221211,COMBIENBAR RIVER @ COMBIENBAR,"37°26'24.7""S","148°58'59.3""E",TRUE,164.4,East Gippsland,COMBIENBAR RIVER,COMBIENBAR
221212,BEMM RIVER @ PRINCES HIGHWAY,"37°36'25.7""S","148°54'05.9""E",TRUE,58.468,East Gippsland,BEMM RIVER,PRINCES HIGHWAY
221213,GOOLENGOOK RIVER @ D/S OF ARTE RIVER JUNCTION,"37°30'36.8""S","148°51'07.8""E",FALSE,153.094,East Gippsland,GOOLENGOOK RIVER,ARTE RIVER JUNCTION
221214,CANN RIVER @ D/S OF CANN RIVER,"37°36'03.9""S","149°08'13.5""E",FALSE,81.198,East Gippsland,CANN RIVER,CANN RIVER
221216,GENOA RIVER @ D/S OF BIG FLAT CREEK JUNCTION,"37°23'46.0""S","149°30'41.0""E",FALSE,101.945,East Gippsland,GENOA RIVER,BIG FLAT CREEK JUNCTION
221217,GENOA RIVER @ GIPSY POINT (WOOD'S JETTY),"37°28'44.5""S","149°40'44.9""E",FALSE,21.117,East Gippsland,GENOA RIVER,GIPSY POINT (WOOD'S JETTY)
221218,BETKA RIVER @ MINERS TRACK,"37°35'43.2""S","149°38'08.2""E",TRUE,31.319,East Gippsland,BETKA RIVER,MINERS TRACK
221222,HENSLEIGH CREEK @ U/S COMBIENBAR,"37°21'23.2""S","149°01'22.5""E",FALSE,250.953,East Gippsland,HENSLEIGH CREEK,COMBIENBAR
221223,COMBIENBAR RIVER @ TIGER SNAKE CK,"37°21'00.3""S","149°02'02.5""E",FALSE,258.694,East Gippsland,COMBIENBAR RIVER,TIGER SNAKE CK
221224,CANN RIVER @ U/S CANN RIVER OFFTAKE,"37°32'19.1""S","149°09'24.1""E",TRUE,99.701,East Gippsland,CANN RIVER,CANN RIVER OFFTAKE
221225,BEMM RIVER @ U/S OF PUMPHOUSE,"37°43'46.6""S","148°57'03.6""E",TRUE,35.015,East Gippsland,BEMM RIVER,PUMPHOUSE
221601,ELUSIVE LAKE @ WINGEN INLET TRACK,"37°45'00.0""S","149°27'00.0""E",FALSE,41.738,East Gippsland,ELUSIVE LAKE,WINGEN INLET TRACK
221602,MALLACOOTA INLET @ MALLACOOTA,"37°33'15.4""S","149°45'22.5""E",TRUE,0,East Gippsland,MALLACOOTA INLET,MALLACOOTA
221603,SYDENHAM INLET @ BEMM RIVER,"37°45'38.4""S","148°58'21.3""E",TRUE,0,East Gippsland,SYDENHAM INLET,BEMM RIVER
221800,RAIN GAUGE @ (GENOA RIVER) THE GORGE,"37°25'00.0""S","149°31'00.0""E",FALSE,86.681,East Gippsland,RAIN GAUGE,(GENOA RIVER) THE GORGE
221801,RAIN GAUGE @ BULDAH,"37°15'54.9""S","149°08'44.5""E",TRUE,372.829,East Gippsland,RAIN GAUGE,BULDAH
221802,RAIN GAUGE @ CLUB TERRACE,"37°33'10.6""S","148°56'15.5""E",TRUE,141.704,East Gippsland,RAIN GAUGE,CLUB TERRACE
221803,RAIN GAUGE @ BEMM FIRE TOWER- BEMM TOWER RD CLUB TERRACE,"37°38'48.9""S","148°58'45.2""E",TRUE,530.765,East Gippsland,RAIN GAUGE,BEMM FIRE TOWER- BEMM TOWER RD CLUB TERRACE
221804,RAIN GAUGE @ WALDRON FIRE TOWER -WALDRON RD COMBIENBAR,"37°26'30.4""S","149°04'22.4""E",TRUE,792.942,East Gippsland,RAIN GAUGE,WALDRON FIRE TOWER -WALDRON RD COMBIENBAR
222200,SNOWY RIVER @ JARRAHMOND,"37°39'39.9""S","148°21'40.7""E",TRUE,16.257,Snowy,SNOWY RIVER,JARRAHMOND
222201,SNOWY RIVER @ ORBOST,"37°42'26.6""S","148°27'03.4""E",TRUE,13.438,Snowy,SNOWY RIVER,ORBOST
222202,BRODRIBB RIVER @ SARDINE CREEK,"37°30'41.5""S","148°32'50.4""E",TRUE,81.503,Snowy,BRODRIBB RIVER,SARDINE CREEK
222203,SNOWY RIVER @ MARLO JETTY,"37°47'56.0""S","148°31'40.0""E",TRUE,2.204,Snowy,SNOWY RIVER,MARLO JETTY
222204,SNOWY RIVER @ BETE BELONG,"37°43'03.0""S","148°24'04.0""E",FALSE,56.697,Snowy,SNOWY RIVER,BETE BELONG
222205,SNOWY RIVER @ NEWMERELLA-LOCHEND ROAD,"37°45'06.5""S","148°31'11.3""E",FALSE,3.555,Snowy,SNOWY RIVER,NEWMERELLA-LOCHEND ROAD
222206,BUCHAN RIVER @ BUCHAN,"37°29'45.0""S","148°10'23.7""E",TRUE,80.397,Snowy,BUCHAN RIVER,BUCHAN
222207,BUCHAN RIVER @ MURRINDAL,"37°30'17.0""S","148°14'16.0""E",FALSE,110.316,Snowy,BUCHAN RIVER,MURRINDAL
222208,DEDDICK RIVER @ DEDDICK (WHITES),"37°04'30.0""S","148°28'00.0""E",FALSE,236.49,Snowy,DEDDICK RIVER,DEDDICK (WHITES)
222209,SNOWY RIVER @ MCKILLOP BRIDGE,"37°05'01.1""S","148°24'47.7""E",TRUE,172.066,Snowy,SNOWY RIVER,MCKILLOP BRIDGE
222210,DEDDICK RIVER @ DEDDICK (CASEYS),"37°05'07.3""S","148°25'26.9""E",TRUE,190.276,Snowy,DEDDICK RIVER,DEDDICK (CASEYS)
222212,SNOWY RIVER @ BASIN CREEK NEAR BUCHAN,"37°28'59.9""S","148°16'59.9""E",FALSE,165.875,Snowy,SNOWY RIVER,BASIN CREEK NEAR BUCHAN
222213,SUGGAN BUGGAN RIVER @ SUGGAN BUGGAN,"36°57'17.7""S","148°19'38.9""E",TRUE,368.626,Snowy,SUGGAN BUGGAN RIVER,SUGGAN BUGGAN
222214,ROCKY RIVER @ NEAR ORBOST,"37°38'06.7""S","148°38'40.6""E",FALSE,97.453,Snowy,ROCKY RIVER,NEAR ORBOST
222216,MURRINDAL RIVER @ BASIN ROAD (BUCHAN),"37°29'28.7""S","148°13'38.4""E",FALSE,139.998,Snowy,MURRINDAL RIVER,BASIN ROAD (BUCHAN)
222217,RODGER RIVER @ JACKSONS CROSSING,"37°24'36.6""S","148°21'35.5""E",TRUE,115.646,Snowy,RODGER RIVER,JACKSONS CROSSING
222218,LITTLE RIVER @ WULGULMERANG,"37°03'50.8""S","148°18'33.4""E",FALSE,773.181,Snowy,LITTLE RIVER,WULGULMERANG
222219,SNOWY RIVER @ D/S OF BASIN CREEK,"37°29'56.7""S","148°16'25.0""E",TRUE,38.061,Snowy,SNOWY RIVER,BASIN CREEK
222221,BUCHAN RIVER @ EGW OFFTAKE,"37°28'13.7""S","148°10'28.9""E",TRUE,88.47,Snowy,BUCHAN RIVER,EGW OFFTAKE
222222,ROCKY RIVER @ U/S OT THE WEIR,"37°37'44.2""S","148°39'13.9""E",FALSE,122.754,Snowy,ROCKY RIVER,OT THE WEIR
222223,BRODRIBB RIVER @ U/S LAKE CURLIP,"37°43'36.1""S","148°32'35.1""E",TRUE,8.31,Snowy,BRODRIBB RIVER,LAKE CURLIP
222400,MOYANGUL RIVER @ LOOKOUT NEAR TIN MINE,"36°39'42.0""S","148°16'00.0""E",FALSE,1160.457,Snowy,MOYANGUL RIVER,LOOKOUT NEAR TIN MINE
222401,INGEEGOODBEE RIVER @ D/S OF TIN MINE HUTS,"36°44'00.0""S","148°16'00.0""E",FALSE,1163.517,Snowy,INGEEGOODBEE RIVER,TIN MINE HUTS
222403,BUCHAN RIVER @ GLENMORE,"37°13'21.0""S","148°07'58.1""E",FALSE,381.191,Snowy,BUCHAN RIVER,GLENMORE
222404,MELLICK MUNJIE CREEK @ GILLINGALL,"37°14'42.0""S","148°06'42.0""E",FALSE,656.074,Snowy,MELLICK MUNJIE CREEK,GILLINGALL
223200,TAMBO RIVER @ BRUTHEN,"37°42'46.3""S","147°50'06.1""E",FALSE,11.108,Tambo,TAMBO RIVER,BRUTHEN
223201,TAMBO RIVER @ ENSAY SOUTH,"37°22'49.4""S","147°49'50.5""E",FALSE,203.484,Tambo,TAMBO RIVER,ENSAY SOUTH
223202,TAMBO RIVER @ SWIFTS CREEK,"37°16'07.6""S","147°43'43.7""E",TRUE,279.803,Tambo,TAMBO RIVER,SWIFTS CREEK
223204,NICHOLSON RIVER @ DEPTFORD,"37°35'34.6""S","147°41'49.6""E",TRUE,127.894,Tambo,NICHOLSON RIVER,DEPTFORD
223205,TAMBO RIVER @ D/S OF RAMROD CREEK,"37°40'21.1""S","147°52'11.5""E",TRUE,14.853,Tambo,TAMBO RIVER,RAMROD CREEK
223206,TAMBO RIVER @ BINDI,"37°04'23.9""S","147°48'12.6""E",FALSE,441.979,Tambo,TAMBO RIVER,BINDI
223207,TIMBARRA RIVER @ TIMBARRA,"37°18'46.0""S","148°02'54.2""E",FALSE,383.732,Tambo,TIMBARRA RIVER,TIMBARRA
223208,TAMBO RIVER @ BINDI (NEAR JUNCTION CREEK),"37°09'35.3""S","147°46'25.8""E",TRUE,357.21,Tambo,TAMBO RIVER,BINDI (NEAR JUNCTION CREEK)
223209,TAMBO RIVER @ BATTENS LANDING,"37°45'26.3""S","147°50'56.8""E",TRUE,7.142,Tambo,TAMBO RIVER,BATTENS LANDING
223210,NICHOLSON RIVER @ SARSFIELD,"37°44'15.6""S","147°42'39.3""E",FALSE,9.383,Tambo,NICHOLSON RIVER,SARSFIELD
223212,TIMBARRA RIVER @ D/S OF WILKINSON CREEK,"37°26'46.7""S","148°03'48.4""E",TRUE,188.477,Tambo,TIMBARRA RIVER,WILKINSON CREEK
223213,TAMBO RIVER @ D/S OF DUGGAN CREEK,"37°00'13.9""S","147°52'56.6""E",FALSE,671.572,Tambo,TAMBO RIVER,DUGGAN CREEK
223214,TAMBO RIVER @ U/S OF SMITH CREEK,"36°57'16.9""S","147°55'39.5""E",TRUE,926.442,Tambo,TAMBO RIVER,SMITH CREEK
223215,HAUNTED STREAM @ HELLS GATE,"37°28'53.0""S","147°49'33.0""E",TRUE,159.955,Tambo,HAUNTED STREAM,HELLS GATE
223217,NICHOLSON RIVER @ PUMP HOUSE,"37°45'02.1""S","147°43'39.0""E",TRUE,8.49,Tambo,NICHOLSON RIVER,PUMP HOUSE
223218,NICHOLSON RIVER @ GRANITE ROCK,"37°43'39.4""S","147°41'43.3""E",TRUE,38.843,Tambo,NICHOLSON RIVER,GRANITE ROCK
223402,TIMBARRA RIVER @ NUNNIONG PLAINS,"37°08'54.0""S","147°58'48.0""E",FALSE,1156.563,Tambo,TIMBARRA RIVER,NUNNIONG PLAINS
223403,TAMBO RIVER @ NUNNIONG PLAINS,"37°06'37.4""S","147°56'41.3""E",FALSE,1102.205,Tambo,TAMBO RIVER,NUNNIONG PLAINS
223601,LAKE TYERS @ LAKE TYERS,"37°51'07.4""S","148°05'16.3""E",TRUE,0,Tambo,LAKE TYERS,LAKE TYERS
223800,RAIN GAUGE @ (TAMBO RIVER) MOUNT ELIZABETH,"37°29'12.5""S","147°55'51.3""E",FALSE,876.077,Tambo,RAIN GAUGE,(TAMBO RIVER) MOUNT ELIZABETH
223801,RAIN GAUGE @ (TAMBO RIVER) MT ELIZABETH HELIPAD,"37°29'09.1""S","147°55'35.4""E",FALSE,861.771,Tambo,RAIN GAUGE,(TAMBO RIVER) MT ELIZABETH HELIPAD
223802,RAIN GAUGE @ MOUNT ELIZABETH SOMMERVILLE TRACK,"37°28'30.9""S","147°54'47.0""E",TRUE,782.939,Tambo,RAIN GAUGE,MOUNT ELIZABETH SOMMERVILLE TRACK
223804,RAIN GAUGE @ BROOKVILLE,"37°19'20.7""S","147°37'15.2""E",TRUE,755.996,Tambo,RAIN GAUGE,BROOKVILLE
224200,MITCHELL RIVER @ BAIRNSDALE,"37°49'35.0""S","147°35'37.0""E",TRUE,7.403,Mitchell,MITCHELL RIVER,BAIRNSDALE
224201,WONNANGATTA RIVER @ WATERFORD,"37°29'23.9""S","147°09'59.2""E",TRUE,182.618,Mitchell,WONNANGATTA RIVER,WATERFORD
224202,DARGO RIVER @ DARGO (LOWER SITE),"37°27'43.9""S","147°15'11.2""E",FALSE,195.994,Mitchell,DARGO RIVER,DARGO (LOWER SITE)
224203,MITCHELL RIVER @ GLENALADALE,"37°45'48.9""S","147°22'29.2""E",TRUE,33.66,Mitchell,MITCHELL RIVER,GLENALADALE
224204,CROOKED RIVER @ TALBOTVILLE,"37°20'46.0""S","147°04'43.3""E",FALSE,274.703,Mitchell,CROOKED RIVER,TALBOTVILLE
224205,DARGO RIVER @ DARGO (UPPER SITE),"37°23'30.5""S","147°16'21.4""E",FALSE,244.725,Mitchell,DARGO RIVER,DARGO (UPPER SITE)
224206,WONNANGATTA RIVER @ CROOKED RIVER,"37°24'27.0""S","147°05'21.0""E",TRUE,240.895,Mitchell,WONNANGATTA RIVER,CROOKED RIVER
224207,WONGUNGARRA RIVER @ GUYS,"37°23'12.4""S","147°05'57.9""E",FALSE,241.573,Mitchell,WONGUNGARRA RIVER,GUYS
224208,MITCHELL RIVER @ HOWITT DAM SITE,"37°41'44.2""S","147°22'04.4""E",FALSE,51.039,Mitchell,MITCHELL RIVER,HOWITT DAM SITE
224209,COBBANNAH CREEK @ NEAR BAIRNSDALE,"37°39'43.6""S","147°21'01.2""E",FALSE,110.054,Mitchell,COBBANNAH CREEK,NEAR BAIRNSDALE
224210,WONNANGATTA RIVER @ KINGSWELL BRIDGE (HAWKHURST),"37°24'37.8""S","147°06'54.4""E",FALSE,228.899,Mitchell,WONNANGATTA RIVER,KINGSWELL BRIDGE (HAWKHURST)
224213,DARGO RIVER @ LOWER DARGO ROAD,"37°29'42.4""S","147°16'07.3""E",TRUE,172.437,Mitchell,DARGO RIVER,LOWER DARGO ROAD
224214,WENTWORTH RIVER @ TABBERABBERA,"37°29'42.9""S","147°23'37.6""E",TRUE,165.852,Mitchell,WENTWORTH RIVER,TABBERABBERA
224215,MITCHELL RIVER @ ANGUSVALE (TABBERABBERA),"37°36'06.7""S","147°20'20.6""E",FALSE,97.874,Mitchell,MITCHELL RIVER,ANGUSVALE (TABBERABBERA)
224216,CLIFTON CREEK @ WY YUNG,"37°47'45.6""S","147°37'00.1""E",FALSE,7.236,Mitchell,CLIFTON CREEK,WY YUNG
224217,MITCHELL RIVER @ ROSEHILL,"37°48'54.0""S","147°34'20.0""E",TRUE,8.202,Mitchell,MITCHELL RIVER,ROSEHILL
224220,RAIN GAUGE @ (BOGGY CREEK) BULLUMWAAL,"37°40'32.4""S","147°33'02.6""E",TRUE,193.093,Mitchell,RAIN GAUGE,(BOGGY CREEK) BULLUMWAAL
224222,MITCHELL RIVER @ U/S GLENALADALE PUMPHOUSE,"37°44'11.6""S","147°22'05.5""E",TRUE,39.011,Mitchell,MITCHELL RIVER,GLENALADALE PUMPHOUSE
224402,MOROKA RIVER @ HORSE YARD,"37°28'60.0""S","146°58'60.0""E",FALSE,995.399,Mitchell,MOROKA RIVER,HORSE YARD
224601,MACLEOD MORASS @ SITE 2 WESTERN BANK,"37°52'00.9""S","147°38'28.0""E",TRUE,7.942,Mitchell,MACLEOD MORASS,SITE 2 WESTERN BANK
224602,MACLEOD MORASS @ SITE 1 REGULATOR,"37°50'58.0""S","147°38'16.4""E",TRUE,4.974,Mitchell,MACLEOD MORASS,SITE 1 REGULATOR
224603,JONES BAY @ LAKE KING,"37°51'48.8""S","147°40'19.2""E",TRUE,0,Mitchell,JONES BAY,LAKE KING
225019,NORTH CASCADE CREEK @ THOMSON VALLEY ROAD,"37°48'19.2""S","146°20'21.4""E",FALSE,909.348,Thomson,NORTH CASCADE CREEK,THOMSON VALLEY ROAD
225101,THOMSON RIVER @ D/S OF SWINGLER CREEK,"37°42'27.2""S","146°19'09.5""E",FALSE,478.978,Thomson,THOMSON RIVER,SWINGLER CREEK
225103,THOMSON RIVER @ THOMSON ADIT,"37°41'39.5""S","146°13'06.5""E",FALSE,550.726,Thomson,THOMSON RIVER,THOMSON ADIT
225105,THOMSON RIVER @ NEWLAND ROAD,"37°45'57.6""S","146°10'43.0""E",FALSE,1029.959,Thomson,THOMSON RIVER,NEWLAND ROAD
225106,THOMSON RIVER @ ABERFELDY (SWINGLER POND),"37°42'37.0""S","146°19'33.9""E",FALSE,433.346,Thomson,THOMSON RIVER,ABERFELDY (SWINGLER POND)
225108,DONNELLY CREEK @ CRICKET GROUND,"37°45'04.7""S","146°24'43.2""E",FALSE,489.231,Thomson,DONNELLY CREEK,CRICKET GROUND
225114,THOMSON RIVER @ D/S WHITELAWS CREEK,"37°42'46.4""S","146°16'55.1""E",TRUE,473.472,Thomson,THOMSON RIVER,WHITELAWS CREEK
225200,THOMSON RIVER @ HEYFIELD,"37°59'07.6""S","146°46'48.5""E",FALSE,39.407,Thomson,THOMSON RIVER,HEYFIELD
225201,AVON RIVER @ STRATFORD,"37°58'06.9""S","147°04'33.6""E",TRUE,9.737,Thomson,AVON RIVER,STRATFORD
225204,MACALISTER RIVER @ LAKE GLENMAGGIE (TAIL GAUGE),"37°54'07.4""S","146°48'19.2""E",FALSE,49.039,Thomson,MACALISTER RIVER,LAKE GLENMAGGIE (TAIL GAUGE)
225205,AVON RIVER @ VALENCIA CREEK,"37°49'41.7""S","146°59'14.4""E",FALSE,45.223,Thomson,AVON RIVER,VALENCIA CREEK
225206,THOMSON RIVER @ COWWARR,"38°00'00.0""S","146°39'30.0""E",FALSE,65.463,Thomson,THOMSON RIVER,COWWARR
225207,THOMSON RIVER @ WALHALLA,"37°57'31.9""S","146°25'12.6""E",FALSE,211.792,Thomson,THOMSON RIVER,WALHALLA
225208,THOMSON RIVER @ COOPER CREEK,"37°59'08.6""S","146°25'29.7""E",FALSE,250.244,Thomson,THOMSON RIVER,COOPER CREEK
225209,MACALISTER RIVER @ LICOLA,"37°37'46.6""S","146°37'23.9""E",TRUE,194.299,Thomson,MACALISTER RIVER,LICOLA
225210,THOMSON RIVER @ THE NARROWS,"37°53'27.6""S","146°24'10.2""E",TRUE,259.655,Thomson,THOMSON RIVER,THE NARROWS
225211,AVON RIVER @ BUXTON,"37°49'00.0""S","146°57'00.0""E",FALSE,66.618,Thomson,AVON RIVER,BUXTON
225212,THOMSON RIVER @ WANDOCKA,"38°00'38.5""S","146°52'51.6""E",TRUE,23.753,Thomson,THOMSON RIVER,WANDOCKA
225213,ABERFELDY RIVER @ BEARDMORE,"37°51'13.9""S","146°25'58.9""E",TRUE,317.407,Thomson,ABERFELDY RIVER,BEARDMORE
225216,JORDAN RIVER @ ABERFELDY,"37°40'60.0""S","146°19'00.0""E",FALSE,489.365,Thomson,JORDAN RIVER,ABERFELDY
225217,BARKLY RIVER @ GLENCAIRN,"37°33'39.2""S","146°33'58.8""E",FALSE,299.899,Thomson,BARKLY RIVER,GLENCAIRN
225218,FREESTONE CREEK @ BRIAGALONG,"37°48'36.5""S","147°05'42.2""E",TRUE,69.901,Thomson,FREESTONE CREEK,BRIAGALONG
225219,MACALISTER RIVER @ GLENCAIRN,"37°30'58.4""S","146°33'59.3""E",TRUE,293.377,Thomson,MACALISTER RIVER,GLENCAIRN
225220,VALENCIA CREEK @ RADETTIS,"37°46'30.0""S","147°00'00.0""E",FALSE,89.319,Thomson,VALENCIA CREEK,RADETTIS
225221,MACALISTER RIVER @ STRINGYBARK CREEK,"37°46'09.7""S","146°40'03.9""E",TRUE,104.418,Thomson,MACALISTER RIVER,STRINGYBARK CREEK
225222,GLENMAGGIE CREEK @ SEATON (AUBREYS),"37°55'02.3""S","146°40'17.0""E",FALSE,109.477,Thomson,GLENMAGGIE CREEK,SEATON (AUBREYS)
225223,VALENCIA CREEK @ GILLIO ROAD,"37°44'36.5""S","146°59'32.3""E",TRUE,97.009,Thomson,VALENCIA CREEK,GILLIO ROAD
225224,AVON RIVER @ THE CHANNEL,"37°48'06.6""S","146°53'05.7""E",TRUE,80.369,Thomson,AVON RIVER,THE CHANNEL
225225,MACALISTER RIVER @ LAKE GLENMAGGIE (HEAD GAUGE),"37°54'16.6""S","146°47'59.9""E",FALSE,50.809,Thomson,MACALISTER RIVER,LAKE GLENMAGGIE (HEAD GAUGE)
225228,THOMSON RIVER @ COWWARR TIMBER WEIR H.G.,"37°59'48.0""S","146°39'28.7""E",FALSE,61.981,Thomson,THOMSON RIVER,COWWARR TIMBER WEIR H.G.
225230,GLENMAGGIE CREEK @ THE GORGE,"37°54'49.4""S","146°39'22.0""E",FALSE,126.834,Thomson,GLENMAGGIE CREEK,THE GORGE
225231,THOMSON RIVER @ U/S OF COWWARR WEIR,"37°58'30.0""S","146°37'30.0""E",TRUE,87.811,Thomson,THOMSON RIVER,COWWARR WEIR
225232,THOMSON RIVER @ BUNDALAGUAH,"38°02'43.0""S","146°59'31.6""E",TRUE,11.489,Thomson,THOMSON RIVER,BUNDALAGUAH
225233,PERRY RIVER @ PERRY BRIDGE,"38°00'24.0""S","147°15'55.0""E",FALSE,9.966,Thomson,PERRY RIVER,PERRY BRIDGE
225234,AVON RIVER @ CLYDEBANK (CHINN'S BRIDGE),"38°01'25.7""S","147°10'25.0""E",TRUE,2.247,Thomson,AVON RIVER,CLYDEBANK (CHINN'S BRIDGE)
225236,RAINBOW CREEK @ HEYFIELD,"38°00'07.7""S","146°46'48.0""E",FALSE,36.039,Thomson,RAINBOW CREEK,HEYFIELD
225247,MACALISTER RIVER @ RIVERSLEA,"38°01'32.4""S","146°58'39.8""E",TRUE,13.77,Thomson,MACALISTER RIVER,RIVERSLEA
225248,BOGGY CREEK @ CORNWALLS ROAD,"38°00'17.3""S","146°55'06.0""E",FALSE,21.832,Thomson,BOGGY CREEK,CORNWALLS ROAD
225254,THOMSON RIVER @ STH GIPPSLAND HIGHWAY (SALE),"38°08'35.3""S","147°04'53.5""E",FALSE,0.35,Thomson,THOMSON RIVER,STH GIPPSLAND HIGHWAY (SALE)
225255,AVON RIVER @ U/S VALENCIA CK JUNCTION,"37°49'17.8""S","146°58'51.6""E",FALSE,46.497,Thomson,AVON RIVER,VALENCIA CK JUNCTION
225256,MACALISTER RIVER @ D/S MAFFRA (SMITHS BR.),"38°00'14.3""S","146°58'53.4""E",FALSE,16.667,Thomson,MACALISTER RIVER,MAFFRA (SMITHS BR.)
225260,THOMSON RIVER @ MCARDLE'S GAP,"38°07'39.1""S","147°04'08.1""E",FALSE,0.949,Thomson,THOMSON RIVER,MCARDLE'S GAP
225263,Nuntin Creek @ Princes Hwy Stratford,"37°59'21.7""S","147°03'57.0""E",TRUE,14,Thomson,Nuntin Creek,Princes Hwy Stratford
225600,LAKE WELLINGTON @ SALE,"38°06'57.0""S","147°13'09.0""E",FALSE,0.776,Thomson,LAKE WELLINGTON,SALE
225601,CLYDEBANK MORASS @ MARLAY POINT,"38°03'28.8""S","147°14'08.3""E",TRUE,0,Thomson,CLYDEBANK MORASS,MARLAY POINT
225703,THOMSON RIVER @ DIVERSION CHANNEL COWWARR WEIR,"37°59'55.6""S","146°39'30.3""E",FALSE,60.514,Thomson,THOMSON RIVER,DIVERSION CHANNEL COWWARR WEIR
225711,LAKE WELLINGTON @ 5 MILES 32 CHAIN MEASURING WEIR,"38°03'43.0""S","147°08'21.0""E",FALSE,6.526,Thomson,LAKE WELLINGTON,5 MILES 32 CHAIN MEASURING WEIR
225715,CENTRAL GIPPSLAND @ DRAIN 3 NAMBROK (RD 1066M),"38°04'15.3""S","146°52'11.7""E",FALSE,24.136,Thomson,CENTRAL GIPPSLAND,DRAIN 3 NAMBROK (RD 1066M)
225716,CENTRAL GIPPSLAND @ 1/2 DRAIN 3 DROP STRUCTURE (RD500),"38°05'07.1""S","146°54'11.1""E",FALSE,23.541,Thomson,CENTRAL GIPPSLAND,1/2 DRAIN 3 DROP STRUCTURE (RD500)
225717,CENTRAL GIPPSLAND @ U/S 2/3 DRAIN OF DRAIN 3 (RD 500M),"38°05'38.4""S","146°53'54.7""E",FALSE,19.998,Thomson,CENTRAL GIPPSLAND,2/3 DRAIN OF DRAIN 3 (RD 500M)
225721,CENTRAL GIPPSLAND @ U/S DRAIN NO 3/3 OUTFALL,"38°03'08.5""S","146°51'08.6""E",FALSE,25.959,Thomson,CENTRAL GIPPSLAND,DRAIN NO 3/3 OUTFALL
225722,CENTRAL GIPPSLAND @ DRAIN NO 3 D/S NO3 O/FALL,"38°03'10.1""S","146°51'10.7""E",FALSE,26.13,Thomson,CENTRAL GIPPSLAND,DRAIN NO 3 D/S NO3 O/FALL
225723,CENTRAL GIPPSLAND @ D/S DRAIN NO 1/3 11/4/1 JUNCTION,"38°05'10.2""S","146°51'55.6""E",FALSE,20.813,Thomson,CENTRAL GIPPSLAND,DRAIN NO 1/3 11/4/1 JUNCTION
225724,CHANNEL O/FALL 11/4/1 @ U/S JUNCTION CG DR 1/3,"38°05'13.5""S","146°51'53.5""E",FALSE,20.74,Thomson,CHANNEL O/FALL 11/4/1,JUNCTION CG DR 1/3
225725,CENTRAL GIPPSLAND @ D/S DRAIN NO 3 O/FALL 11/1,"38°05'46.0""S","146°53'25.9""E",FALSE,19.906,Thomson,CENTRAL GIPPSLAND,DRAIN NO 3 O/FALL 11/1
225726,CENTRAL GIPPSLAND @ D/S DRAIN NO 3 RAILWAY LINE,"38°06'41.2""S","146°53'50.4""E",FALSE,18.198,Thomson,CENTRAL GIPPSLAND,DRAIN NO 3 RAILWAY LINE
225727,CENTRAL GIPPSLAND @ DRAIN NO 2/3 SOLDIERS RD,"38°04'37.9""S","146°53'13.6""E",FALSE,23.033,Thomson,CENTRAL GIPPSLAND,DRAIN NO 2/3 SOLDIERS RD
225729,CENTRAL GIPPSLAND @ DRAIN NO 2 FRESHWATER RD,"38°07'47.3""S","146°52'52.6""E",TRUE,0,Thomson,CENTRAL GIPPSLAND,DRAIN NO 2 FRESHWATER RD
225737,CENTRAL GIPPSLAND @ DRAIN NO 8/2 DENISON ROAD,"38°02'22.0""S","146°49'02.7""E",FALSE,31.94,Thomson,CENTRAL GIPPSLAND,DRAIN NO 8/2 DENISON ROAD
225738,CENTRAL GIPPSLAND @ DRAIN NO 2 SALE-TOONGABBIE ROAD,"38°06'08.6""S","146°51'26.7""E",FALSE,17.922,Thomson,CENTRAL GIPPSLAND,DRAIN NO 2 SALE-TOONGABBIE ROAD
225739,CENTRAL GIPPSLAND @ DRAIN NO 2/2 DESSENTS,"38°06'07.4""S","146°51'19.0""E",FALSE,17.723,Thomson,CENTRAL GIPPSLAND,DRAIN NO 2/2 DESSENTS
225740,CENTRAL GIPPSLAND @ U/S DRAIN NO 2 TINAMBA-ROSEDALE ROAD,"38°06'37.8""S","146°51'39.0""E",FALSE,19.069,Thomson,CENTRAL GIPPSLAND,DRAIN NO 2 TINAMBA-ROSEDALE ROAD
225741,CENTRAL GIPPSLAND @ U/S DRAIN NO 2 NAMBROK ROAD,"38°04'05.5""S","146°49'58.1""E",FALSE,26.61,Thomson,CENTRAL GIPPSLAND,DRAIN NO 2 NAMBROK ROAD
225742,CENTRAL GIPPSLAND @ U/S DRAIN NO 2 SALE-COWWARR ROAD,"38°02'55.6""S","146°49'23.5""E",FALSE,30.3,Thomson,CENTRAL GIPPSLAND,DRAIN NO 2 SALE-COWWARR ROAD
225743,CENTRAL GIPPSLAND @ U/S DRAIN NO 6/2 DENISON ROAD,"38°03'06.7""S","146°48'49.9""E",FALSE,30.493,Thomson,CENTRAL GIPPSLAND,DRAIN NO 6/2 DENISON ROAD
225747,NOBLES O/FALL @ VALENCIA CK,"37°49'39.4""S","146°59'01.2""E",FALSE,70.907,Thomson,NOBLES O/FALL,VALENCIA CK
225748,TINAMBA MAIN O/FALL @ MENBURN PARK,"37°49'24.1""S","146°58'46.9""E",FALSE,56.748,Thomson,TINAMBA MAIN O/FALL,MENBURN PARK
225752,LWMD @ Bengworden Rd,"38°03'57.1""S","147°08'46.1""E",TRUE,4,Thomson,LWMD,Bengworden Rd
225801,RAIN GAUGE @ (MACALISTER RIVER) MURDERERS HILL,"37°50'59.8""S","146°33'22.6""E",TRUE,720.014,Thomson,RAIN GAUGE,(MACALISTER RIVER) MURDERERS HILL
225802,RAIN GAUGE @ (MACALISTER RIVER) MOUNT TAMBORITHA,"37°27'54.5""S","146°41'22.5""E",TRUE,1386.25,Thomson,RAIN GAUGE,(MACALISTER RIVER) MOUNT TAMBORITHA
225809,RAIN GAUGE @ (AVON RIVER) MOUNT WELLINGTON,"37°29'45.9""S","146°51'27.3""E",TRUE,1513.527,Thomson,RAIN GAUGE,(AVON RIVER) MOUNT WELLINGTON
225810,RAIN GAUGE @ (AVON RIVER) REEVE KNOB,"37°31'52.3""S","147°00'21.7""E",TRUE,1261.003,Thomson,RAIN GAUGE,(AVON RIVER) REEVE KNOB
225819,RAIN GAUGE @ MT USEFUL,"37°41'42.7""S","146°30'17.7""E",TRUE,1429.895,Thomson,RAIN GAUGE,MT USEFUL
225823,RAIN GAUGE @ BLANKET HILL,"37°50'23.5""S","146°41'16.2""E",TRUE,243.009,Thomson,RAIN GAUGE,BLANKET HILL
225824,RAIN GAUGE @ (MACALISTER RV) SNOWY RANGE,"37°17'11.3""S","146°43'06.5""E",TRUE,1640,Thomson,RAIN GAUGE,(MACALISTER RV) SNOWY RANGE
225825,RAIN GAUGE @ (MACALISTER RV) HIGH RIDGE,"37°13'30.9""S","146°36'13.1""E",TRUE,1570.271,Thomson,RAIN GAUGE,(MACALISTER RV) HIGH RIDGE
225826,RAIN GAUGE @(MACALISTER RV) MOUNT SUNDAY,"37°20'23.7""S","146°25'27.1""E",TRUE,1407.996,Thomson,RAIN GAUGE,(MACALISTER RV) MOUNT SUNDAY
226005,LATROBE RIVER @ THOMS BRIDGE,"38°10'00.4""S","146°24'34.9""E",TRUE,31.829,LaTrobe,LATROBE RIVER,THOMS BRIDGE
226006,TYERS RIVER @ BOOLA,"38°06'36.0""S","146°24'48.0""E",FALSE,107.136,LaTrobe,TYERS RIVER,BOOLA
226007,TYERS RIVER @ BROWNS,"38°02'54.4""S","146°21'20.8""E",TRUE,183.799,LaTrobe,TYERS RIVER,BROWNS
226008,TYERS RIVER @ WEST BRANCH MORGANS MILL,"37°56'39.6""S","146°18'31.2""E",TRUE,264.614,LaTrobe,TYERS RIVER,WEST BRANCH MORGANS MILL
226009,TYERS RIVER @ EAST BRANCH EZARDS,"37°54'12.0""S","146°22'60.0""E",FALSE,541.058,LaTrobe,TYERS RIVER,EAST BRANCH EZARDS
226012,TANJIL RIVER @ EAST BRANCH TANJIL BREN,"37°49'54.0""S","146°11'48.0""E",FALSE,520.996,LaTrobe,TANJIL RIVER,EAST BRANCH TANJIL BREN
226016,WATERHOLE CREEK @ MORWELL,"38°14'04.0""S","146°25'04.0""E",FALSE,86.949,LaTrobe,WATERHOLE CREEK,MORWELL
226017,JACOBS CREEK @ O'TOOLES,"38°03'06.5""S","146°23'18.6""E",TRUE,186.473,LaTrobe,JACOBS CREEK,O'TOOLES
226021,NARRACAN CREEK @ MOE,"38°09'46.8""S","146°16'08.7""E",TRUE,55.495,LaTrobe,NARRACAN CREEK,MOE
226022,BILLY CREEK @ JEERALANG JUNCTION,"38°20'54.0""S","146°24'24.0""E",FALSE,159.899,LaTrobe,BILLY CREEK,JEERALANG JUNCTION
226023,TRARALGON CREEK @ TRARALGON,"38°11'38.6""S","146°32'38.2""E",TRUE,35.49,LaTrobe,TRARALGON CREEK,TRARALGON
226027,LA TROBE RIVER @ SWING BRIDGE,"38°08'41.7""S","147°07'40.1""E",TRUE,0.855,LaTrobe,LA TROBE RIVER,SWING BRIDGE
226028,TYERS RIVER @ PUMP HOUSE,"38°08'22.6""S","146°26'47.4""E",TRUE,39.75,LaTrobe,TYERS RIVER,PUMP HOUSE
226033,LA TROBE RIVER @ SCARNES BRIDGE,"38°09'12.7""S","146°33'07.8""E",FALSE,25.13,LaTrobe,LA TROBE RIVER,SCARNES BRIDGE
226039,BILLY CREEK @ U/S OF OFFTAKE WEIR,"38°21'00.0""S","146°22'60.0""E",FALSE,159.061,LaTrobe,BILLY CREEK,OFFTAKE WEIR
226041,LAKE WELLINGTON @ BULL BAY,"38°07'24.2""S","147°22'30.3""E",TRUE,0.25,LaTrobe,LAKE WELLINGTON,BULL BAY
226200,LATROBE RIVER @ ROSEDALE (COMBINED FLOW),"38°08'36.0""S","146°47'36.0""E",FALSE,12.974,LaTrobe,LATROBE RIVER,ROSEDALE (COMBINED FLOW)
226202,TYERS RIVER @ GOULD,"38°04'30.0""S","146°22'00.0""E",FALSE,182.022,LaTrobe,TYERS RIVER,GOULD
226203,TANJIL RIVER @ BLUE ROCK,"38°04'00.0""S","146°13'00.0""E",FALSE,141.238,LaTrobe,TANJIL RIVER,BLUE ROCK
226204,LATROBE RIVER @ WILLOW GROVE,"38°05'18.6""S","146°09'34.8""E",TRUE,68.835,LaTrobe,LATROBE RIVER,WILLOW GROVE
226205,LATROBE RIVER @ NOOJEE,"37°54'25.2""S","146°01'19.6""E",TRUE,210.331,LaTrobe,LATROBE RIVER,NOOJEE
226206,LATROBE RIVER @ APM MARYVALE,"38°10'36.0""S","146°27'12.0""E",FALSE,33.664,LaTrobe,LATROBE RIVER,APM MARYVALE
226207,HAZEL CREEK @ WARRAGUL WWTP,"38°09'55.7""S","145°57'20.1""E",TRUE,101.733,LaTrobe,HAZEL CREEK,WARRAGUL WWTP
226208,HAZEL CREEK @ D/S WARRAGUL WWTP,"38°09'57.3""S","145°57'44.8""E",TRUE,100.345,LaTrobe,HAZEL CREEK,WARRAGUL WWTP
226209,MOE RIVER @ DARNUM,"38°12'20.4""S","146°00'07.6""E",TRUE,86.292,LaTrobe,MOE RIVER,DARNUM
226210,MORWELL RIVER @ YINNAR,"38°20'00.0""S","146°18'30.0""E",FALSE,70.066,LaTrobe,MORWELL RIVER,YINNAR
226211,MOE RIVER @ RHODES RD WARRAGUL,"38°10'46.2""S","145°59'12.5""E",TRUE,0,LaTrobe,MOE RIVER,RHODES RD WARRAGUL
226212,MORWELL RIVER WEST BRANCH @ SIGGINS BRIDGE,"38°29'01.7""S","146°19'43.7""E",FALSE,183.199,LaTrobe,MORWELL RIVER WEST BRANCH,SIGGINS BRIDGE
226213,MORWELL RIVER WEST BRANCH @ OLSENS BRIDGE,"38°29'03.8""S","146°19'28.9""E",FALSE,191.176,LaTrobe,MORWELL RIVER WEST BRANCH,OLSENS BRIDGE
226215,MORWELL RIVER EAST BRANCH @ ABOVE JUNCTION,"38°26'19.3""S","146°18'41.0""E",FALSE,123.943,LaTrobe,MORWELL RIVER EAST BRANCH,ABOVE JUNCTION
226216,TANJIL RIVER @ TANJIL SOUTH,"38°05'40.8""S","146°14'32.2""E",TRUE,73.166,LaTrobe,TANJIL RIVER,TANJIL SOUTH
226217,LATROBE RIVER @ HAWTHORN BRIDGE,"37°58'30.0""S","146°04'60.0""E",FALSE,149.048,LaTrobe,LATROBE RIVER,HAWTHORN BRIDGE
226218,NARRACAN CREEK @ THORPDALE,"38°16'18.9""S","146°11'11.5""E",TRUE,216.143,LaTrobe,NARRACAN CREEK,THORPDALE
226219,TOORONGA RIVER @ NOOJEE,"37°51'12.0""S","146°02'36.0""E",FALSE,289.985,LaTrobe,TOORONGA RIVER,NOOJEE
226220,LOCH RIVER @ NOOJEE,"37°52'00.1""S","146°00'24.6""E",TRUE,247.244,LaTrobe,LOCH RIVER,NOOJEE
226221,RINTOUL CREEK @ GLENGARRY WEST,"38°08'30.0""S","146°30'00.0""E",FALSE,69.792,LaTrobe,RINTOUL CREEK,GLENGARRY WEST
226222,LATROBE RIVER @ NEAR NOOJEE (US ADA R JUNCT.),"37°52'56.1""S","145°53'34.7""E",TRUE,282.199,LaTrobe,LATROBE RIVER,NEAR NOOJEE (US ADA R JUNCT.)
226223,LATROBE RIVER @ NEERIM EAST,"37°56'30.0""S","146°01'30.0""E",FALSE,199.942,LaTrobe,LATROBE RIVER,NEERIM EAST
226224,LATROBE RIVER @ ROSEDALE (ANABRANCH),"38°08'53.4""S","146°47'22.2""E",TRUE,12.823,LaTrobe,LATROBE RIVER,ROSEDALE (ANABRANCH)
226226,TANJIL RIVER @ TANJIL JUNCTION,"37°58'47.4""S","146°11'35.9""E",TRUE,172.029,LaTrobe,TANJIL RIVER,TANJIL JUNCTION
226227,LATROBE RIVER @ KILMANY SOUTH,"38°08'21.2""S","146°55'08.3""E",TRUE,6.68,LaTrobe,LATROBE RIVER,KILMANY SOUTH
226228,LATROBE RIVER @ ROSEDALE (MAIN STREAM),"38°08'32.6""S","146°47'30.2""E",TRUE,12.89,LaTrobe,LATROBE RIVER,ROSEDALE (MAIN STREAM)
226229,TANJIL RIVER @ D/S OF BLUE ROCK DAM,"38°05'00.0""S","146°13'60.0""E",FALSE,120.013,LaTrobe,TANJIL RIVER,BLUE ROCK DAM
226232,TANJIL RIVER @ MOE-WALHALLA ROAD BRIDGE,"38°08'21.1""S","146°16'02.0""E",FALSE,51.592,LaTrobe,TANJIL RIVER,MOE-WALHALLA ROAD BRIDGE
226233,TANJIL RIVER @ U/S OF SERPENTINE CREEK,"38°05'49.8""S","146°15'42.6""E",FALSE,64.234,LaTrobe,TANJIL RIVER,SERPENTINE CREEK
226235,TYERS RIVER @ TYERS JUNCTION,"37°57'42.6""S","146°20'02.8""E",TRUE,235.408,LaTrobe,TYERS RIVER,TYERS JUNCTION
226237,TRARALGON CK @ MATTINGLY'S HILL RD,"38°13'39.3""S","146°32'22.9""E",FALSE,45.995,LaTrobe,TRARALGON CK,MATTINGLY'S HILL RD
226241,LATROBE RIVER @ U/S L5 (LOY YANG 3),"38°10'32.6""S","146°20'22.5""E",FALSE,47.409,LaTrobe,LATROBE RIVER,L5 (LOY YANG 3)
226242,TRARALGON CK @ D/S LOY YANG NW RUNOFF (LOY YANG 2),"38°15'05.3""S","146°32'34.7""E",FALSE,55.007,LaTrobe,TRARALGON CK,LOY YANG NW RUNOFF (LOY YANG 2)
226243,LATROBE RIVER @ STH GIPPSLAND HWY (SALE),"38°09'03.6""S","147°04'56.0""E",FALSE,0.543,LaTrobe,LATROBE RIVER,STH GIPPSLAND HWY (SALE)
226246,TYERS RIVER @ D/S WEST BRANCH SOUTH FACE RD,"37°52'48.0""S","146°16'25.1""E",FALSE,696.805,LaTrobe,TYERS RIVER,WEST BRANCH SOUTH FACE RD
226248,HOPE CK @ D/S SOUTHFACE ROAD BRIDGE,"37°51'18.2""S","146°15'10.0""E",FALSE,884.316,LaTrobe,HOPE CK,SOUTHFACE ROAD BRIDGE
226250,LATROBE RIVER @ DOWD'S MORASS,"38°08'35.3""S","147°10'20.2""E",FALSE,0.133,LaTrobe,LATROBE RIVER,DOWD'S MORASS
226251,LATROBE RIVER @ HEART MORASS,"38°08'23.5""S","147°09'03.6""E",FALSE,0.648,LaTrobe,LATROBE RIVER,HEART MORASS
226252,LATROBE RIVER @ DOWDS MORASS GATE,"38°08'45.2""S","147°06'06.1""E",FALSE,0.55,LaTrobe,LATROBE RIVER,DOWDS MORASS GATE
226253,TRIGGER CREEK @ GIPPSLAND WATER SYPHON,"37°54'11.0""S","146°22'07.0""E",TRUE,639.78,LaTrobe,TRIGGER CREEK,GIPPSLAND WATER SYPHON
226400,LATROBE RIVER @ YALLOURN,"38°09'14.0""S","146°16'58.4""E",FALSE,48.625,LaTrobe,LATROBE RIVER,YALLOURN
226402,MOE DRAIN @ TRAFALGAR EAST,"38°10'33.6""S","146°12'46.9""E",TRUE,54.695,LaTrobe,MOE DRAIN,TRAFALGAR EAST
226403,TANJIL RIVER @ WEST BRANCH TANJIL BREN,"37°48'00.0""S","146°12'00.0""E",FALSE,939.996,LaTrobe,TANJIL RIVER,WEST BRANCH TANJIL BREN
226406,LITTLE MORWELL ROVER @ BOOLARRA,"38°23'06.0""S","146°14'54.0""E",TRUE,101.75,LaTrobe,LITTLE MORWELL ROVER,BOOLARRA
226407,MORWELL RIVER @ BOOLARRA,"38°24'25.1""S","146°18'19.3""E",TRUE,103.278,LaTrobe,MORWELL RIVER,BOOLARRA
226408,MORWELL RIVER @ YALLOURN,"38°12'54.5""S","146°22'05.9""E",TRUE,43.19,LaTrobe,MORWELL RIVER,YALLOURN
226409,TEN MILE CREEK @ DELBURN,"38°16'48.0""S","146°16'60.0""E",FALSE,125.716,LaTrobe,TEN MILE CREEK,DELBURN
226410,TRARALGON CREEK @ KOORNALLA,"38°19'22.7""S","146°31'53.5""E",TRUE,89.04,LaTrobe,TRARALGON CREEK,KOORNALLA
226411,FLYNNS CREEK @ FLYNN,"38°10'00.0""S","146°42'30.0""E",FALSE,33.14,LaTrobe,FLYNNS CREEK,FLYNN
226414,TANJIL RIVER @ WEST BRANCH FUMINA NORTH,"37°55'24.0""S","146°07'42.0""E",FALSE,276.105,LaTrobe,TANJIL RIVER,WEST BRANCH FUMINA NORTH
226415,TRARALGON CREEK @ TRARALGON SOUTH (JONES RD),"38°16'11.5""S","146°32'25.8""E",TRUE,62.393,LaTrobe,TRARALGON CREEK,TRARALGON SOUTH (JONES RD)
226416,SHEEPWASH CREEK @ TRARALGON,"38°10'42.0""S","146°37'06.0""E",FALSE,24.436,LaTrobe,SHEEPWASH CREEK,TRARALGON
226418,MORWELL RIVER @ CREAMERY ROAD,"38°19'23.0""S","146°19'10.3""E",TRUE,61.352,LaTrobe,MORWELL RIVER,CREAMERY ROAD
226600,LAKE COLEMAN @ DUTSTON DOWNS,"38°10'60.0""S","147°19'60.0""E",FALSE,0.25,LaTrobe,LAKE COLEMAN,DUTSTON DOWNS
226601,LAKE NARRACAN @ NARRACAN EAST,"38°09'16.0""S","146°18'47.0""E",FALSE,91.51,LaTrobe,LAKE NARRACAN,NARRACAN EAST
226602,AREA 2 SITE1 @ DOWDS MORASS NTH,"38°08'52.9""S","147°10'57.5""E",TRUE,0.999,LaTrobe,AREA 2 SITE1,DOWDS MORASS NTH
226603,AREA 4 SITE 2 @ DOWDS MORASS STH,"38°09'17.0""S","147°11'20.9""E",FALSE,0.3,LaTrobe,AREA 4 SITE 2,DOWDS MORASS STH
226605,LAKE VICTORIA @ MCLENNAN'S STRAIT,"38°03'17.2""S","147°27'36.8""E",TRUE,0.1,LaTrobe,LAKE VICTORIA,MCLENNAN'S STRAIT
226606,LAKE VICTORIA @ LOCH SPORT,"38°02'42.4""S","147°34'59.7""E",TRUE,0.2,LaTrobe,LAKE VICTORIA,LOCH SPORT
226607,MCMILLAN STRAIT @ PAYNESVILLE,"37°54'41.7""S","147°43'41.8""E",TRUE,0.253,LaTrobe,MCMILLAN STRAIT,PAYNESVILLE
226608,LAKE KING @ METUNG,"37°52'48.0""S","147°52'12.0""E",TRUE,0.2,LaTrobe,LAKE KING,METUNG
226609,CUNNINGHAM ARM @ BULLOCK ISLAND,"37°53'03.3""S","147°58'24.0""E",TRUE,0.2,LaTrobe,CUNNINGHAM ARM,BULLOCK ISLAND
226610,LAKE WELLINGTON @ LIGHT PILE,"38°07'03.8""S","147°14'14.3""E",FALSE,0.198,LaTrobe,LAKE WELLINGTON,LIGHT PILE
226611,HEART MORASS @ RICKETY BRIDGE,"38°07'57.5""S","147°10'46.4""E",TRUE,1.001,LaTrobe,HEART MORASS,RICKETY BRIDGE
226612,HEART MORASS,"38°08'41.2""S","147°07'40.5""E",FALSE,0.888,LaTrobe,HEART MORASS,
226613,SALE COMMON @ GAUGE 2 WETLAND,"38°08'12.4""S","147°05'31.9""E",TRUE,3.015,LaTrobe,SALE COMMON,GAUGE 2 WETLAND
226614,SALE COMMON @ GAUGE 1 BILLABONG,"38°07'36.6""S","147°04'31.8""E",TRUE,2.732,LaTrobe,SALE COMMON,GAUGE 1 BILLABONG
226617,LAKE COLEMAN @ DUTSON DOWNS,"38°10'41.0""S","147°20'30.4""E",TRUE,0,LaTrobe,LAKE COLEMAN,DUTSON DOWNS
226700,LOY YANG OUTFALL @ TRARALGON CREEK,"38°15'06.0""S","146°32'34.8""E",FALSE,55.441,LaTrobe,LOY YANG OUTFALL,TRARALGON CREEK
226702,MORWELL GROSS POLLUTION TRAP @ D/S CIRCULAR PIPE,"38°14'45.9""S","146°24'16.6""E",FALSE,72.007,LaTrobe,MORWELL GROSS POLLUTION TRAP,CIRCULAR PIPE
226801,RAIN GAUGE @ (REPRESENTATIVE BASIN) LATROBE NO. 2,"37°50'54.0""S","145°51'24.0""E",FALSE,632.703,LaTrobe,RAIN GAUGE,(REPRESENTATIVE BASIN) LATROBE NO. 2
226802,RAIN GAUGE @ (REPRESENTATIVE BASIN) LATROBE NO. 3,"37°55'00.0""S","145°50'42.0""E",FALSE,883.199,LaTrobe,RAIN GAUGE,(REPRESENTATIVE BASIN) LATROBE NO. 3
226804,RAIN GAUGE @ (SITE 3) WALHALLA ST - NEWBOROUGH,"38°11'35.4""S","146°17'31.1""E",FALSE,128.999,LaTrobe,RAIN GAUGE,(SITE 3) WALHALLA ST - NEWBOROUGH
226805,RAIN GAUGE @ (SITE 4) MOE INDOOR RECREATION CENTRE,"38°11'21.1""S","146°16'50.9""E",FALSE,88.988,LaTrobe,RAIN GAUGE,(SITE 4) MOE INDOOR RECREATION CENTRE
226814,RAIN GAUGE @ MT TASSIE,"38°23'47.7""S","146°33'44.5""E",TRUE,732.505,LaTrobe,RAIN GAUGE,MT TASSIE
226815,RAIN GAUGE @ (TRARALGON CK) TRARALGON - EPA YARD,"38°11'39.3""S","146°31'53.7""E",TRUE,40,LaTrobe,RAIN GAUGE,(TRARALGON CK) TRARALGON - EPA YARD
226816,RAIN GAUGE @ MT HOOGHLY,"38°23'32.2""S","146°27'59.0""E",FALSE,691.228,LaTrobe,RAIN GAUGE,MT HOOGHLY
226817,RAIN GAUGE @ LE ROY QUARRY,"38°23'28.4""S","146°30'54.4""E",FALSE,432.817,LaTrobe,RAIN GAUGE,LE ROY QUARRY
226818,RAIN GAUGE @ BALOOK,"38°25'48.6""S","146°32'28.2""E",TRUE,586.683,LaTrobe,RAIN GAUGE,BALOOK
226819,RAIN GAUGE @ CALIGNEE NORTH,"38°19'05.4""S","146°33'57.7""E",FALSE,189.449,LaTrobe,RAIN GAUGE,CALIGNEE NORTH
226820,RAIN GAUGE @ TRARALGON SOUTH,"38°17'40.5""S","146°32'31.6""E",TRUE,96.053,LaTrobe,RAIN GAUGE,TRARALGON SOUTH
226825,RAIN GAUGE @ MOE SOUTH,"38°13'07.0""S","146°14'55.2""E",TRUE,384.86,LaTrobe,RAIN GAUGE,MOE SOUTH
226826,RAIN GAUGE @ YARRAGON SOUTH,"38°16'26.8""S","146°05'28.5""E",TRUE,408.326,LaTrobe,RAIN GAUGE,YARRAGON SOUTH
226827,RAIN GAUGE @ THORPDALE PEAK,"38°18'19.1""S","146°12'50.3""E",TRUE,366.37,LaTrobe,RAIN GAUGE,THORPDALE PEAK
226828,RAIN GAUGE @ JEERALANG SOUTH HALLAMS RD,"38°22'14.2""S","146°26'21.0""E",FALSE,593.539,LaTrobe,RAIN GAUGE,JEERALANG SOUTH HALLAMS RD
226829,RAIN GAUGE @ JERRALANG DOBBINS ROAD,"38°21'16.3""S","146°26'16.3""E",TRUE,516.757,LaTrobe,RAIN GAUGE,JERRALANG DOBBINS ROAD
227001,MERRIMAN CREEK @ SEASPRAY,"38°21'27.0""S","147°09'49.0""E",FALSE,8.109,South Gippsland,MERRIMAN CREEK,SEASPRAY
227200,TARRA RIVER @ YARRAM,"38°33'03.5""S","146°40'58.1""E",TRUE,21.315,South Gippsland,TARRA RIVER,YARRAM
227201,BRUTHEN CREEK @ WOODSIDE,"38°31'35.2""S","146°52'17.4""E",FALSE,32.154,South Gippsland,BRUTHEN CREEK,WOODSIDE
227202,TARWIN RIVER @ MEENIYAN,"38°34'53.9""S","145°59'29.6""E",TRUE,16.177,South Gippsland,TARWIN RIVER,MEENIYAN
227203,FRANKLIN RIVER @ HENWOODS BRIDGE,"38°37'07.0""S","146°16'13.1""E",FALSE,84.641,South Gippsland,FRANKLIN RIVER,HENWOODS BRIDGE
227205,MERRIMAN CREEK @ CALIGNEE SOUTH,"38°21'07.5""S","146°39'17.1""E",TRUE,179.396,South Gippsland,MERRIMAN CREEK,CALIGNEE SOUTH
227206,BASS RIVER @ GLEN FORBES,"38°27'30.0""S","145°32'30.0""E",FALSE,28,South Gippsland,BASS RIVER,GLEN FORBES
227208,ALBERT RIVER @ HIAWATHA (ABOVE FALLS),"38°31'00.0""S","146°28'00.0""E",FALSE,95.855,South Gippsland,ALBERT RIVER,HIAWATHA (ABOVE FALLS)
227209,JACK RIVER @ MADALYA,"38°30'00.0""S","146°31'00.0""E",FALSE,219.617,South Gippsland,JACK RIVER,MADALYA
227210,BRUTHEN CREEK @ CARRAJUNG LOWER,"38°23'42.1""S","146°44'38.7""E",TRUE,144.186,South Gippsland,BRUTHEN CREEK,CARRAJUNG LOWER
227211,AGNES RIVER @ TOORA,"38°38'23.9""S","146°22'20.9""E",TRUE,136.977,South Gippsland,AGNES RIVER,TOORA
227212,FOSTER CREEK @ ELLERSIDE,"38°32'00.0""S","145°43'00.0""E",FALSE,44.518,South Gippsland,FOSTER CREEK,ELLERSIDE
227213,JACK RIVER @ JACK RIVER,"38°31'32.9""S","146°32'17.2""E",TRUE,49.578,South Gippsland,JACK RIVER,JACK RIVER
227216,ALBERT RIVER @ HIAWATHA (BELOW FALLS),"38°31'38.6""S","146°28'14.5""E",FALSE,67.851,South Gippsland,ALBERT RIVER,HIAWATHA (BELOW FALLS)
227217,LILLYPILLY CREEK @ STAIRCASE,"39°01'30.0""S","146°19'60.0""E",FALSE,8.51,South Gippsland,LILLYPILLY CREEK,STAIRCASE
227219,BASS RIVER @ LOCH,"38°21'27.4""S","145°43'30.3""E",TRUE,83.625,South Gippsland,BASS RIVER,LOCH
227220,GREIG CREEK @ MUMFORDS,"38°27'19.3""S","146°41'30.1""E",FALSE,88.966,South Gippsland,GREIG CREEK,MUMFORDS
227221,BODMAN CREEK @ BRIDGES,"38°26'00.0""S","146°43'60.0""E",FALSE,119.992,South Gippsland,BODMAN CREEK,BRIDGES
227222,SPRING CREEK @ BOWDENS,"38°28'00.0""S","146°43'00.0""E",FALSE,67.7,South Gippsland,SPRING CREEK,BOWDENS
227223,MACKS CREEK @ RICHARDS,"38°28'24.0""S","146°37'54.0""E",FALSE,127.804,South Gippsland,MACKS CREEK,RICHARDS
227224,WOMERAH CREEK @ TARR VALLEY ROAD,"38°28'30.0""S","146°34'00.0""E",FALSE,207.25,South Gippsland,WOMERAH CREEK,TARR VALLEY ROAD
227225,TARRA RIVER @ FISCHERS,"38°28'10.2""S","146°33'18.4""E",TRUE,178.275,South Gippsland,TARRA RIVER,FISCHERS
227226,TARWIN RIVER @ EAST BRANCH DUMBALK NORTH,"38°29'58.7""S","146°09'39.5""E",TRUE,49.915,South Gippsland,TARWIN RIVER,EAST BRANCH DUMBALK NORTH
227227,WILKUR CREEK @ LEONGATHA,"38°23'34.6""S","145°57'26.5""E",TRUE,66.437,South Gippsland,WILKUR CREEK,LEONGATHA
227228,TARWIN RIVER @ EAST BRANCH MIRBOO,"38°30'30.0""S","146°13'60.0""E",FALSE,119.446,South Gippsland,TARWIN RIVER,EAST BRANCH MIRBOO
227231,BASS RIVER @ GLEN FORBES SOUTH,"38°28'00.9""S","145°30'54.6""E",TRUE,15.539,South Gippsland,BASS RIVER,GLEN FORBES SOUTH
227232,LANCE CREEK @ U/S LANCE CREEK RESERVOIR,"38°29'31.2""S","145°40'02.6""E",FALSE,79.754,South Gippsland,LANCE CREEK,LANCE CREEK RESERVOIR
227233,LANCE CREEK @ LANCE CREEK RESERVOIR (H. GUAGE),"38°30'42.0""S","145°40'36.0""E",FALSE,68.4,South Gippsland,LANCE CREEK,LANCE CREEK RESERVOIR (H. GUAGE)
227234,SPRING CREEK @ BEAUMONT,"38°27'00.0""S","146°43'00.0""E",FALSE,88.735,South Gippsland,SPRING CREEK,BEAUMONT
227235,MIDDLE CREEK @ TALL TIMBERS,"38°28'00.0""S","146°33'00.0""E",FALSE,238.86,South Gippsland,MIDDLE CREEK,TALL TIMBERS
227236,POWLETT RIVER @ D/S FOSTER CREEK JUNCTION,"38°33'32.5""S","145°42'32.0""E",TRUE,33.976,South Gippsland,POWLETT RIVER,FOSTER CREEK JUNCTION
227237,FRANKLIN RIVER @ TOORA,"38°37'46.4""S","146°18'29.0""E",TRUE,60.597,South Gippsland,FRANKLIN RIVER,TOORA
227238,FOSTER CREEK @ DAM SITE,"38°29'00.0""S","145°42'18.0""E",FALSE,80.311,South Gippsland,FOSTER CREEK,DAM SITE
227239,MERRIMAN CREEK @ STRADBROKE WEST,"38°15'57.6""S","146°54'57.9""E",TRUE,78.05,South Gippsland,MERRIMAN CREEK,STRADBROKE WEST
227240,MERRIMAN CREEK @ PROSPECT ROAD SEASPRAY,"38°21'37.1""S","147°09'50.1""E",FALSE,5.126,South Gippsland,MERRIMAN CREEK,PROSPECT ROAD SEASPRAY
227242,MERRIMAN CREEK @ SEASPRAY TOWNSHIP,"38°22'30.5""S","147°11'07.8""E",TRUE,1.923,South Gippsland,MERRIMAN CREEK,SEASPRAY TOWNSHIP
227243,BRUTHEN CREEK @ D/S REEDY CREEK,"38°25'03.7""S","146°49'32.3""E",FALSE,85.815,South Gippsland,BRUTHEN CREEK,REEDY CREEK
227244,DEEP CREEK @ FOSTER,"38°36'52.0""S","146°13'21.1""E",TRUE,115.837,South Gippsland,DEEP CREEK,FOSTER
227245,LITTLE BASS RIVER @ POOWONG U/S LITTLE BASS RES.,"38°21'35.5""S","145°47'55.7""E",TRUE,141.966,South Gippsland,LITTLE BASS RIVER,POOWONG U/S LITTLE BASS RES.
227246,COALITION CREEK @ KORUMBURRA,"38°24'33.7""S","145°49'05.9""E",TRUE,259.602,South Gippsland,COALITION CREEK,KORUMBURRA
227248,BELLVIEW CREEK @ U/S BELLVIEW RESERVOIR,"38°24'00.5""S","145°48'47.4""E",TRUE,179.132,South Gippsland,BELLVIEW CREEK,BELLVIEW RESERVOIR
227249,RUBY CREEK @ ARAWATA,"38°24'11.3""S","145°52'55.1""E",TRUE,210.237,South Gippsland,RUBY CREEK,ARAWATA
227251,TARRA RIVER @ TARRA WEIR OFFTAKE,"38°28'32.5""S","146°34'45.4""E",TRUE,121.593,South Gippsland,TARRA RIVER,TARRA WEIR OFFTAKE
227253,TARWIN RIVER @ D/S FISH CK DRAIN,"38°41'40.6""S","145°52'38.8""E",TRUE,1.658,South Gippsland,TARWIN RIVER,FISH CK DRAIN
227254,POWLETT RIVER @ D/S WONTHAGGI,"38°34'00.2""S","145°33'40.8""E",TRUE,6.849,South Gippsland,POWLETT RIVER,WONTHAGGI
227258,ALBERT RIVER @ GELLIONDALE,"38°34'31.4""S","146°34'19.2""E",TRUE,18.917,South Gippsland,ALBERT RIVER,GELLIONDALE
227259,BRUTHEN CREEK @ D/S STH GIPPSLAND HWY,"38°33'24.4""S","146°52'52.7""E",FALSE,20.013,South Gippsland,BRUTHEN CREEK,STH GIPPSLAND HWY
227260,SCREW CREEK @ D/S BASS HWY,"38°36'09.6""S","145°46'14.1""E",FALSE,17.911,South Gippsland,SCREW CREEK,BASS HWY
227261,TIDAL RIVER @ TIDAL RIVER PUMP STATION,"39°01'33.3""S","146°19'56.5""E",FALSE,7.743,South Gippsland,TIDAL RIVER,TIDAL RIVER PUMP STATION
227262,TARRA RIVER @ TARRAVILLE (BREWERY CK ROAD),"38°36'35.9""S","146°42'12.0""E",FALSE,5.762,South Gippsland,TARRA RIVER,TARRAVILLE (BREWERY CK ROAD)
227264,COALITION CREEK @ LEONGATHA (SPENCERS ROAD BRIDGE),"38°26'59.1""S","145°57'25.7""E",FALSE,51.789,South Gippsland,COALITION CREEK,LEONGATHA (SPENCERS ROAD BRIDGE)
227265,GOLDEN CREEK @ BLACK SWAMP ROAD,"38°44'47.1""S","146°10'28.3""E",FALSE,5.193,South Gippsland,GOLDEN CREEK,BLACK SWAMP ROAD
227266,TARWIN RIVER @ KOONWARRA,"38°31'06.7""S","145°57'21.2""E",FALSE,28.111,South Gippsland,TARWIN RIVER,KOONWARRA
227270,FOSTER CREEK @ KORUMBURRA,"38°25'55.9""S","145°47'33.4""E",TRUE,150.976,South Gippsland,FOSTER CREEK,KORUMBURRA
227271,STONY CREEK @ MEENIYAN,"38°36'11.9""S","146°02'17.8""E",TRUE,33.891,South Gippsland,STONY CREEK,MEENIYAN
227272,MERRIMAN CREEK @ SEASPRAY PUMP STATION,"38°21'19.6""S","147°09'54.6""E",TRUE,6.362,South Gippsland,MERRIMAN CREEK,SEASPRAY PUMP STATION
227273,POWLETT RIVER @ MOUTH OF POWLETT ROAD,"38°34'25.2""S","145°30'38.0""E",TRUE,0.964,South Gippsland,POWLETT RIVER,MOUTH OF POWLETT ROAD
227275,STONY CREEK @ MEENIYAN-PROMONTORY ROAD,"38°36'05.8""S","146°01'07.4""E",TRUE,26.221,South Gippsland,STONY CREEK,MEENIYAN-PROMONTORY ROAD
227280,GOLDEN CREEK @ WONYIP U/S HVP PLANTATION,"38°34'13.2""S","146°24'44.0""E",TRUE,0,South Gippsland,GOLDEN CREEK,WONYIP U/S HVP PLANTATION
227281,GOLDEN CREEK @ WONYIP D/S HVP PLANTATION,"38°34'24.1""S","146°24'56.7""E",TRUE,0,South Gippsland,GOLDEN CREEK,WONYIP D/S HVP PLANTATION
227282,BENNISON CREEK @ LOWER FRANKLIN ROAD,"38°40'40.2""S","146°14'17.8""E",TRUE,0,South Gippsland,BENNISON CREEK,LOWER FRANKLIN ROAD
227283,AGNES RIVER @ AGNES RIVER RD,"38°39'40.8""S","146°22'46.4""E",TRUE,0,South Gippsland,AGNES RIVER,AGNES RIVER RD
227284,TARRA RIVER @ POUND ROAD EAST,"38°35'09.8""S","146°43'25.9""E",TRUE,0,South Gippsland,TARRA RIVER,POUND ROAD EAST
228200,BUNYIP RIVER @ BUNYIP,"38°06'00.0""S","145°43'60.0""E",FALSE,38.017,Bunyip,BUNYIP RIVER,BUNYIP
228201,TARAGO RIVER @ DROUIN WEST,"38°05'18.0""S","145°49'48.0""E",FALSE,83.696,Bunyip,TARAGO RIVER,DROUIN WEST
228202,LANG LANG RIVER @ HEATH HILL,"38°15'00.0""S","145°42'00.0""E",FALSE,44.002,Bunyip,LANG LANG RIVER,HEATH HILL
228203,EUMEMMERRING CREEK @ LYNDHURST,"38°01'24.0""S","145°13'54.0""E",FALSE,13.789,Bunyip,EUMEMMERRING CREEK,LYNDHURST
228204,DANDENONG CREEK @ DANDENONG,"37°59'42.0""S","145°12'24.0""E",FALSE,18.064,Bunyip,DANDENONG CREEK,DANDENONG
228205,CARDINIA CREEK @ BEACONSFIELD,"38°02'36.0""S","145°21'48.0""E",FALSE,55.865,Bunyip,CARDINIA CREEK,BEACONSFIELD
228206,TARAGO RIVER @ NEERIM,"37°58'00.0""S","145°55'60.0""E",FALSE,220.958,Bunyip,TARAGO RIVER,NEERIM
228207,BUNYIP RIVER @ HEADWORKS,"37°56'37.6""S","145°44'30.7""E",FALSE,122.668,Bunyip,BUNYIP RIVER,HEADWORKS
228208,LANG LANG RIVER @ LANG LANG,"38°15'24.0""S","145°34'18.0""E",FALSE,10.996,Bunyip,LANG LANG RIVER,LANG LANG
228209,LANG LANG RIVER @ HAMILTONS BRIDGE,"38°14'36.0""S","145°38'06.0""E",FALSE,24.02,Bunyip,LANG LANG RIVER,HAMILTONS BRIDGE
228210,MILE CREEK @ DANDENONG,"37°59'02.4""S","145°11'38.4""E",FALSE,18.954,Bunyip,MILE CREEK,DANDENONG
228211,EUMEMMERRING CREEK @ BANGHOLME,"38°02'30.0""S","145°11'06.0""E",FALSE,3.966,Bunyip,EUMEMMERRING CREEK,BANGHOLME
228212,BUNYIP RIVER @ TONIMBUK,"38°01'14.9""S","145°45'43.6""E",FALSE,59.965,Bunyip,BUNYIP RIVER,TONIMBUK
228213,BUNYIP RIVER @ IONA,"38°07'39.5""S","145°41'09.9""E",FALSE,27.177,Bunyip,BUNYIP RIVER,IONA
228214,DIAMOND CREEK @ NORTH BUNYIP,"38°00'48.0""S","145°44'30.0""E",FALSE,69.514,Bunyip,DIAMOND CREEK,NORTH BUNYIP
228215,KING PARROT CREEK @ D/S DROUIN WWTP,"38°08'02.7""S","145°49'40.9""E",TRUE,76.713,Bunyip,KING PARROT CREEK,DROUIN WWTP
228216,KING PARROT CREEK @ LONGWARRY,"38°09'00.0""S","145°46'30.0""E",FALSE,38.584,Bunyip,KING PARROT CREEK,LONGWARRY
228217,TOOMUC CREEK @ PAKENHAM,"38°03'50.8""S","145°27'50.4""E",FALSE,41.952,Bunyip,TOOMUC CREEK,PAKENHAM
228219,TARAGO RIVER @ NEERIM SOUTH,"38°02'00.0""S","145°55'60.0""E",FALSE,168.004,Bunyip,TARAGO RIVER,NEERIM SOUTH
228222,CARDINIA CREEK @ BEACONSFIELD UPPER,"37°58'00.0""S","145°22'42.0""E",FALSE,101.332,Bunyip,CARDINIA CREEK,BEACONSFIELD UPPER
228223,"LANG LANG RIVER @ U/S DROUIN-POOWONG RD, ATHLONE","38°14'11.2""S","145°47'00.9""E",FALSE,0,Bunyip,LANG LANG RIVER,"DROUIN-POOWONG RD, ATHLONE"
228224,TARAGO RIVER @ TARAGO RESERVOIR (HEAD GAUGE),"38°01'30.0""S","145°56'06.0""E",FALSE,134.82,Bunyip,TARAGO RIVER,TARAGO RESERVOIR (HEAD GAUGE)
228226,STONY CREEK @ SHOREHAM,"38°25'48.0""S","145°02'30.0""E",FALSE,20.589,Bunyip,STONY CREEK,SHOREHAM
228228,CARDINIA CREEK @ CARDINIA,"38°07'08.9""S","145°24'05.0""E",FALSE,12.954,Bunyip,CARDINIA CREEK,CARDINIA
228230,CARDINIA CREEK @ CHADWICK ROAD UPPER BEACONSFIELD,"37°59'13.6""S","145°22'44.4""E",FALSE,83.233,Bunyip,CARDINIA CREEK,CHADWICK ROAD UPPER BEACONSFIELD
228231,HALLAM VALLEY CONTOUR DRAIN @ HAMPTON PARK,"38°01'14.5""S","145°15'21.6""E",FALSE,14.997,Bunyip,HALLAM VALLEY CONTOUR DRAIN,HAMPTON PARK
228232,YALLOCK @ BAYLES,"38°10'54.0""S","145°34'18.0""E",FALSE,10.634,Bunyip,YALLOCK,BAYLES
228234,BOGGY CREEK @ SEAFORD,"38°06'00.4""S","145°09'00.0""E",FALSE,4.852,Bunyip,BOGGY CREEK,SEAFORD
228241,CARDINIA CREEK @ BALLARTO ROAD CARDINIA,"38°08'50.3""S","145°25'55.2""E",FALSE,3.94,Bunyip,CARDINIA CREEK,BALLARTO ROAD CARDINIA
228242,DANDENONG CREEK @ KILSYTH SOUTH SHEFFIELD ROAD,"37°50'46.0""S","145°19'33.6""E",FALSE,153.173,Bunyip,DANDENONG CREEK,KILSYTH SOUTH SHEFFIELD ROAD
228244,DANDENONG CREEK @ BORONIA ROAD WANTIRNA,"37°50'42.4""S","145°12'36.0""E",FALSE,76.943,Bunyip,DANDENONG CREEK,BORONIA ROAD WANTIRNA
228246,DEEP CREEK @ RYTHDALE BALLARTO ROAD,"38°08'57.5""S","145°26'56.4""E",FALSE,2.604,Bunyip,DEEP CREEK,RYTHDALE BALLARTO ROAD
228248,TARAGO RIVER @ MORRISONS ROAD LONGWARRY NORTH,"38°04'36.1""S","145°45'50.4""E",FALSE,42.23,Bunyip,TARAGO RIVER,MORRISONS ROAD LONGWARRY NORTH
228249,WARRANGINE CREEK @ D/S FRANKSTON-FLINDERS RD HASTINGS,"38°18'59.4""S","145°11'02.4""E",FALSE,5.353,Bunyip,WARRANGINE CREEK,FRANKSTON-FLINDERS RD HASTINGS
228252,CHINAMANS CREEK @ EASTBORNE ROAD ROSEBUD,"38°22'01.6""S","144°52'44.4""E",FALSE,1.665,Bunyip,CHINAMANS CREEK,EASTBORNE ROAD ROSEBUD
228253,MAIN CREEK @ BONEO ROAD FLINDERS,"38°28'37.6""S","144°56'06.0""E",FALSE,32.585,Bunyip,MAIN CREEK,BONEO ROAD FLINDERS
228254,DUNNS CREEK @ MARINE DRIVE SAFETY BEACH,"38°19'08.4""S","144°59'13.2""E",FALSE,2.831,Bunyip,DUNNS CREEK,MARINE DRIVE SAFETY BEACH
228255,BUNYIP RIVER @ LONGWARRY NORTH,"38°04'36.5""S","145°45'18.0""E",FALSE,40.572,Bunyip,BUNYIP RIVER,LONGWARRY NORTH
228257,BUNYIP RIVER @ LABERTOUCH ROAD TONIMBUK,"37°59'05.3""S","145°45'21.6""E",FALSE,72.934,Bunyip,BUNYIP RIVER,LABERTOUCH ROAD TONIMBUK
228272,KANANOOK CREEK @ WELLS STREET FRANKSTON,"38°08'38.0""S","145°07'12.0""E",TRUE,4.409,Bunyip,KANANOOK CREEK,WELLS STREET FRANKSTON
228273,MONBULK CREEK @ KAROO ROAD,"37°54'13.7""S","145°15'25.2""E",TRUE,65,Bunyip,MONBULK CREEK,KAROO ROAD
228274,PATTERSON RIVER @ NATIONAL WATER SPORTS CNTR BANGHOLME,"38°03'27.4""S","145°08'45.6""E",TRUE,4.473,Bunyip,PATTERSON RIVER,NATIONAL WATER SPORTS CNTR BANGHOLME
228275,KACKERABOITE CREEK @ U/S OLD MORNINGTON ROAD,"38°10'00.5""S","145°06'00.0""E",TRUE,25.984,Bunyip,KACKERABOITE CREEK,OLD MORNINGTON ROAD
228276,KING PARROT CREEK @ U/S KOO WEE RUP LONGWARRY ROAD,"38°10'29.6""S","145°43'01.2""E",TRUE,25.481,Bunyip,KING PARROT CREEK,KOO WEE RUP LONGWARRY ROAD
228277,LABERTOUCHE CREEK @ LABERTOUCHE JACKSONS TRACK,"38°04'14.9""S","145°47'49.2""E",TRUE,53.361,Bunyip,LABERTOUCHE CREEK,LABERTOUCHE JACKSONS TRACK
228278,LOWER GUM SCRUB CREEK @ WENN ROAD,"38°08'53.2""S","145°26'49.2""E",TRUE,3.201,Bunyip,LOWER GUM SCRUB CREEK,WENN ROAD
228279,MINNIEBURN CREEK @ SOUTH ROAD,"38°14'03.8""S","145°50'06.0""E",TRUE,77.225,Bunyip,MINNIEBURN CREEK,SOUTH ROAD
228280,MUSK CREEK @ U/S KOO WEE RUP LONGWARRY ROAD,"38°11'15.7""S","145°42'36.0""E",TRUE,25.683,Bunyip,MUSK CREEK,KOO WEE RUP LONGWARRY ROAD
228281,OLIVERS CREEK @ BAYVIEW ROAD,"38°17'18.6""S","145°11'45.6""E",TRUE,1.79,Bunyip,OLIVERS CREEK,BAYVIEW ROAD
228282,SWEETWATER CREEK @ GRANGE ROAD,"38°09'35.6""S","145°06'39.6""E",TRUE,17.743,Bunyip,SWEETWATER CREEK,GRANGE ROAD
228283,WYLIES DRAIN @ BAXTER-TOORADIN ROAD,"38°11'44.5""S","145°20'16.8""E",TRUE,2,Bunyip,WYLIES DRAIN,BAXTER-TOORADIN ROAD
228284,MCDONALDS DRAIN @ BALLARTO ROAD,"38°09'22.7""S","145°30'10.8""E",TRUE,5.641,Bunyip,MCDONALDS DRAIN,BALLARTO ROAD
228285,ARARAT CREEK @ NAR NAR GOO LONGWARRY ROAD,"38°04'59.5""S","145°35'34.8""E",TRUE,31.825,Bunyip,ARARAT CREEK,NAR NAR GOO LONGWARRY ROAD
228286,DIAMOND CREEK @ ELLIS ROAD,"38°00'46.4""S","145°44'31.2""E",TRUE,63.244,Bunyip,DIAMOND CREEK,ELLIS ROAD
228351,BLIND CREEK @ HIGH STREET ROAD WANTIRNA SOUTH,"37°52'38.6""S","145°12'57.6""E",FALSE,58.669,Bunyip,BLIND CREEK,HIGH STREET ROAD WANTIRNA SOUTH
228356,DANDENONG CREEK @ EASTLINK CROSSING KEYSBOROUGH,"38°01'17.8""S","145°11'14.6""E",FALSE,6.49,Bunyip,DANDENONG CREEK,EASTLINK CROSSING KEYSBOROUGH
228368,DANDENONG CREEK @ POLICE ROAD RETARDING BASIN ROWVILLE,"37°56'12.5""S","145°13'04.8""E",FALSE,34.508,Bunyip,DANDENONG CREEK,POLICE ROAD RETARDING BASIN ROWVILLE
228384,BROWNS RESERVE PUMP STATION,"38°00'43.9""S","145°05'45.6""E",FALSE,2.007,Bunyip,BROWNS RESERVE,
228386,BALCOMBE CREEK @ NEPEAN HIGHWAY MOUNT MARTHA,"38°15'51.1""S","145°02'13.2""E",TRUE,3.743,Bunyip,BALCOMBE CREEK,NEPEAN HIGHWAY MOUNT MARTHA
228387,CORANWARRABUL CREEK @ WELLINGTON ROAD,"37°55'28.2""S","145°12'28.8""E",FALSE,41.415,Bunyip,CORANWARRABUL CREEK,WELLINGTON ROAD
228388,EUMEMMERRING CREEK @ WORSLEY ROAD BANGHOLME,"38°02'26.5""S","145°10'48.0""E",TRUE,1.834,Bunyip,EUMEMMERRING CREEK,WORSLEY ROAD BANGHOLME
228389,MERRICKS CREEK @ END OF BRIDGE ST BEACH RD BALNARRING,"38°23'25.8""S","145°07'19.2""E",FALSE,1.161,Bunyip,MERRICKS CREEK,END OF BRIDGE ST BEACH RD BALNARRING
228390,BUNYIP RIVER @ KOO WEE RUP UPSTREAM OF RAILWAY,"38°08'57.1""S","145°26'52.8""E",FALSE,2.48,Bunyip,BUNYIP RIVER,KOO WEE RUP UPSTREAM OF RAILWAY
228391,YALLOCK @ SOUTH GIPPSLAND HIGHWAY MONOMEITH,"38°13'01.9""S","145°30'18.0""E",FALSE,6.027,Bunyip,YALLOCK,SOUTH GIPPSLAND HIGHWAY MONOMEITH
228395,BUNYIP RIVER @ KOO WEE RUP,"38°11'50.6""S","145°28'37.2""E",FALSE,3.329,Bunyip,BUNYIP RIVER,KOO WEE RUP
228398,FERNY CREEK @ U/S MONBULK CREEK KNOXFIELD,"37°54'11.9""S","145°15'07.2""E",TRUE,62.563,Bunyip,FERNY CREEK,MONBULK CREEK KNOXFIELD
228604,CROYDON MAIN DRAIN @ BANGALOOK ROAD WALKWAY WEST-EAST,"37°50'04.2""S","145°15'32.4""E",TRUE,91.167,Bunyip,CROYDON MAIN DRAIN,BANGALOOK ROAD WALKWAY WEST-EAST
228701,TARAGO CHANNEL @ FLYNE NO 1,"37°57'54.0""S","145°55'54.0""E",FALSE,183.904,Bunyip,TARAGO CHANNEL,FLYNE NO 1
228702,TARAGO CHANNEL @ WOODLANDS (U/S OF JUNCTION),"38°01'48.0""S","145°43'48.0""E",FALSE,119.456,Bunyip,TARAGO CHANNEL,WOODLANDS (U/S OF JUNCTION)
228711,HEATHERTON DRAIN @ BEAR STREET,"38°00'14.4""S","145°05'45.6""E",FALSE,2,Bunyip,HEATHERTON DRAIN,BEAR STREET
229104,ARMSTRONG CREEK @ U/S OF WEIR,"37°38'12.0""S","145°51'36.0""E",FALSE,333.127,Yarra,ARMSTRONG CREEK,WEIR
229107,ARMSTRONG CREEK @ U/S OF WEIR EAST BRANCH,"37°38'18.0""S","145°52'00.0""E",FALSE,345.279,Yarra,ARMSTRONG CREEK,WEIR EAST BRANCH
229108,YARRA RIVER @ D/S OF MCMAHONS,"37°42'48.0""S","145°48'54.0""E",FALSE,227.108,Yarra,YARRA RIVER,MCMAHONS
229109,STARVATION CREEK @ U/S WEIR,"37°45'36.0""S","145°51'06.0""E",FALSE,339.999,Yarra,STARVATION CREEK,WEIR
229142,YARRA RIVER @ FITZSIMONS LANE TEMPLESTOWE,"37°44'24.5""S","145°08'10.3""E",FALSE,21.722,Yarra,YARRA RIVER,FITZSIMONS LANE TEMPLESTOWE
229143,YARRA RIVER @ CHANDLER HIGHWAY KEW,"37°47'09.2""S","145°01'30.2""E",FALSE,24.817,Yarra,YARRA RIVER,CHANDLER HIGHWAY KEW
229144,WATTS RIVER @ HEALESVILLE RACECOURSE,"37°39'11.5""S","145°30'07.2""E",FALSE,75.747,Yarra,WATTS RIVER,HEALESVILLE RACECOURSE
229146,STRINGYBARK CREEK @ YARRA GLEN ROAD COLDSTREAM,"37°41'41.6""S","145°22'58.8""E",TRUE,72.159,Yarra,STRINGYBARK CREEK,YARRA GLEN ROAD COLDSTREAM
229147,YARRA RIVER @ YERING GORGE,"37°41'21.8""S","145°19'23.9""E",FALSE,72.345,Yarra,YARRA RIVER,YERING GORGE
229149,MERRI CREEK @ ST GEORGE ROAD FITZROY,"37°46'47.2""S","144°59'19.5""E",FALSE,37.356,Yarra,MERRI CREEK,ST GEORGE ROAD FITZROY
229200,YARRA RIVER @ WARRANDYTE,"37°44'12.0""S","145°13'12.0""E",FALSE,31.499,Yarra,YARRA RIVER,WARRANDYTE
229201,O'SHANNASSY RIVER @ WARBURTON,"37°42'30.0""S","145°46'60.0""E",FALSE,232.997,Yarra,O'SHANNASSY RIVER,WARBURTON
229202,ARMSTRONG CREEK @ REEFTON,"37°39'60.0""S","145°51'01.4""E",FALSE,268.141,Yarra,ARMSTRONG CREEK,REEFTON
229203,YARRA RIVER @ REEFTON,"37°40'30.0""S","145°51'30.0""E",FALSE,259.134,Yarra,YARRA RIVER,REEFTON
229204,YARRA RIVER @ MCVEIGHS,"37°41'30.0""S","145°55'00.0""E",FALSE,326.046,Yarra,YARRA RIVER,MCVEIGHS
229208,ARTHURS CREEK @ STRATHEWEN,"37°31'54.0""S","145°16'36.0""E",FALSE,198.913,Yarra,ARTHURS CREEK,STRATHEWEN
229209,DIAMOND CREEK @ SAINT ANDREWS NORTH,"37°34'00.0""S","145°18'30.0""E",FALSE,252.417,Yarra,DIAMOND CREEK,SAINT ANDREWS NORTH
229210,CRYSTAL CREEK @ GLENVALE,"37°27'00.0""S","145°06'00.0""E",FALSE,251.923,Yarra,CRYSTAL CREEK,GLENVALE
229211,YARRA RIVER @ YERING,"37°42'12.0""S","145°18'42.0""E",FALSE,85.268,Yarra,YARRA RIVER,YERING
229212,YARRA RIVER @ MILLGROVE,"37°45'09.3""S","145°39'19.7""E",FALSE,126.895,Yarra,YARRA RIVER,MILLGROVE
229213,DIAMOND CREEK @ WATTLE GLEN,"37°39'54.0""S","145°10'48.0""E",FALSE,58.138,Yarra,DIAMOND CREEK,WATTLE GLEN
229214,LITTLE YARRA RIVER @ YARRA JUNCTION,"37°46'50.4""S","145°37'12.3""E",FALSE,115.411,Yarra,LITTLE YARRA RIVER,YARRA JUNCTION
229215,WOORI YALLOCK CREEK @ WOORI YALLOCK,"37°46'00.0""S","145°30'36.0""E",FALSE,86.709,Yarra,WOORI YALLOCK CREEK,WOORI YALLOCK
229216,PLENTY RIVER @ MERNDA,"37°36'06.5""S","145°06'21.7""E",FALSE,160.036,Yarra,PLENTY RIVER,MERNDA
229217,RUNNING CREEK @ ARTHURS CREEK,"37°32'30.0""S","145°13'24.0""E",FALSE,207.141,Yarra,RUNNING CREEK,ARTHURS CREEK
229218,WATSONS CREEK @ WATSONS CREEK,"37°40'06.0""S","145°15'30.0""E",FALSE,73.148,Yarra,WATSONS CREEK,WATSONS CREEK
229219,MCCRAE CREEK @ BEENAK,"37°53'30.0""S","145°39'00.0""E",FALSE,407.362,Yarra,MCCRAE CREEK,BEENAK
229220,DON RIVER @ LAUNCHING PLACE,"37°44'06.0""S","145°35'30.0""E",FALSE,223.605,Yarra,DON RIVER,LAUNCHING PLACE
229221,FALLS CREEK @ UPPER PLENTY,"37°25'30.0""S","145°06'00.0""E",FALSE,501.848,Yarra,FALLS CREEK,UPPER PLENTY
229222,LITTLE YARRA RIVER @ WARBURTON HIGHWAY,"37°47'00.0""S","145°37'42.0""E",FALSE,119.977,Yarra,LITTLE YARRA RIVER,WARBURTON HIGHWAY
229223,DIAMOND CREEK @ DIAMOND CREEK,"37°40'18.0""S","145°09'24.0""E",FALSE,48.895,Yarra,DIAMOND CREEK,DIAMOND CREEK
229224,HODDLES CREEK @ WARBURTON HIGHWAY LAUNCHING PLACE,"37°46'35.8""S","145°34'37.2""E",FALSE,105.272,Yarra,HODDLES CREEK,WARBURTON HIGHWAY LAUNCHING PLACE
229226,YARRA RIVER @ LAUNCHING PLACE DON ROAD,"37°46'31.1""S","145°35'06.0""E",FALSE,100.574,Yarra,YARRA RIVER,LAUNCHING PLACE DON ROAD
229228,PLENTY RIVER @ HENTY ROAD VIEW BANK,"37°44'22.6""S","145°06'18.0""E",FALSE,13.791,Yarra,PLENTY RIVER,HENTY ROAD VIEW BANK
229229,KOONUNG CREEK @ BULLEEN,"37°46'38.6""S","145°04'44.4""E",FALSE,14.058,Yarra,KOONUNG CREEK,BULLEEN
229231,GARDINERS CREEK @ GLENFERRIE ROAD HAWTHORN,"37°50'14.6""S","145°01'58.8""E",FALSE,0.658,Yarra,GARDINERS CREEK,GLENFERRIE ROAD HAWTHORN
229245,PAUL CREEK @ D/S HEALESVILLE-YARRA GLEN RD TARRAWARRA,"37°39'15.8""S","145°25'22.8""E",FALSE,69.69,Yarra,PAUL CREEK,HEALESVILLE-YARRA GLEN RD TARRAWARRA
229246,STEELS CREEK @ YARRA GLEN-HEALESVILLE ROAD YARRA GLEN,"37°39'41.8""S","145°22'58.8""E",FALSE,67.374,Yarra,STEELS CREEK,YARRA GLEN-HEALESVILLE ROAD YARRA GLEN
229248,COCKATOO CREEK @ TSCHAMPIONS ROAD NANGANA,"37°52'34.0""S","145°31'44.4""E",FALSE,128.285,Yarra,COCKATOO CREEK,TSCHAMPIONS ROAD NANGANA
229250,ANDERSONS CREEK @ EVERARD DRIVE WARRANDYTE,"37°44'34.1""S","145°12'25.2""E",FALSE,28.801,Yarra,ANDERSONS CREEK,EVERARD DRIVE WARRANDYTE
229251,ARTHURS CREEK @ BURKES BRIDGE HURSTBRIDGE,"37°37'21.4""S","145°11'32.2""E",FALSE,72.527,Yarra,ARTHURS CREEK,BURKES BRIDGE HURSTBRIDGE
229252,BRUSHY CREEK @ LOWER HOMESTEAD ROAD WONGA PARK,"37°43'54.5""S","145°17'27.6""E",FALSE,55.666,Yarra,BRUSHY CREEK,LOWER HOMESTEAD ROAD WONGA PARK
229253,DAREBIN CREEK @ CLARK ROAD ALPHINGTON,"37°46'47.6""S","145°02'20.4""E",FALSE,18.251,Yarra,DAREBIN CREEK,CLARK ROAD ALPHINGTON
229254,DIAMOND CREEK @ COTTLES BRIDGE,"37°37'23.8""S","145°13'03.1""E",FALSE,81.074,Yarra,DIAMOND CREEK,COTTLES BRIDGE
229258,OLINDA CREEK @ MCINTYRE LANE YERING,"37°41'56.8""S","145°21'50.4""E",FALSE,68.565,Yarra,OLINDA CREEK,MCINTYRE LANE YERING
229259,PLENTY RIVER @ KURRAK ROAD SOUTH MORANG,"37°38'51.7""S","145°06'21.6""E",FALSE,93.079,Yarra,PLENTY RIVER,KURRAK ROAD SOUTH MORANG
229260,RUFFEY CREEK @ PARKER STREET TEMPLESTOWE,"37°45'25.3""S","145°07'20.7""E",FALSE,19.969,Yarra,RUFFEY CREEK,PARKER STREET TEMPLESTOWE
229265,CEMENT CREEK @ ROAD 18 CROSSING EAST BRANCH,"37°42'45.5""S","145°44'41.1""E",FALSE,242.75,Yarra,CEMENT CREEK,ROAD 18 CROSSING EAST BRANCH
229266,CEMENT CREEK @ DIVERSION WEIR WEST BRANCH,"37°43'07.1""S","145°44'14.8""E",FALSE,299.242,Yarra,CEMENT CREEK,DIVERSION WEIR WEST BRANCH
229289,LITTLE YARRA RIVER @ CORDUROY ROAD,"37°46'37.9""S","145°36'14.4""E",TRUE,111.077,Yarra,LITTLE YARRA RIVER,CORDUROY ROAD
229294,BIG PATS CREEK @ SMALL TRACK OFF MISSISSIPI CREEK ROAD,"37°45'10.4""S","145°44'31.2""E",TRUE,175.399,Yarra,BIG PATS CREEK,SMALL TRACK OFF MISSISSIPI CREEK ROAD
229295,BRUCES CREEK @ BEECH STREET,"37°30'40.3""S","145°07'22.8""E",TRUE,193.679,Yarra,BRUCES CREEK,BEECH STREET
229296,CORANDERRK CREEK @ HEALESVILLE-KOO WEE RUP ROAD,"37°41'20.4""S","145°31'08.4""E",TRUE,90.778,Yarra,CORANDERRK CREEK,HEALESVILLE-KOO WEE RUP ROAD
229297,EDGARS CREEK @ MURRAY ROAD,"37°44'01.3""S","144°58'33.6""E",TRUE,41.632,Yarra,EDGARS CREEK,MURRAY ROAD
229298,MCMAHONS CREEK @ WOODS POINT ROAD,"37°42'05.0""S","145°49'51.6""E",TRUE,236.596,Yarra,MCMAHONS CREEK,WOODS POINT ROAD
229299,NEW CHUM CREEK @ ROAD 11 OFF MYERS CREEK ROAD,"37°38'02.0""S","145°31'08.4""E",TRUE,90.215,Yarra,NEW CHUM CREEK,ROAD 11 OFF MYERS CREEK ROAD
229416,OLINDA CREEK @ U/S HULL ROAD,"37°46'41.2""S","145°21'39.6""E",TRUE,112.67,Yarra,OLINDA CREEK,HULL ROAD
229417,SCOTCHMAN CREEK @ GOLFERS DRIVE,"37°52'34.0""S","145°04'44.4""E",TRUE,28.333,Yarra,SCOTCHMAN CREEK,GOLFERS DRIVE
229418,STARVATION CREEK @ U/S WOODS POINT ROAD,"37°42'54.4""S","145°48'00.0""E",TRUE,209.374,Yarra,STARVATION CREEK,WOODS POINT ROAD
229419,YARRA RIVER @ SPADONIS RESERVE COLDSTREAM,"37°40'52.0""S","145°21'00.0""E",TRUE,64.23,Yarra,YARRA RIVER,SPADONIS RESERVE COLDSTREAM
229420,YARRA RIVER @ PRINCES BRIDGE,"37°49'09.1""S","144°58'04.8""E",TRUE,0.1,Yarra,YARRA RIVER,PRINCES BRIDGE
229421,O'SHANNASSY RIVER @ U/S CONFLUENCE WITH YARRA,"37°42'28.4""S","145°47'06.0""E",TRUE,224.91,Yarra,O'SHANNASSY RIVER,CONFLUENCE WITH YARRA
229601,DIAMOND CREEK @ MAIN ROAD ELTHAM,"37°43'55.2""S","145°08'31.2""E",TRUE,20.502,Yarra,DIAMOND CREEK,MAIN ROAD ELTHAM
229603,MERRI CREEK @ COOPER STREET SOMERTON,"37°38'50.8""S","144°58'17.7""E",FALSE,138.077,Yarra,MERRI CREEK,COOPER STREET SOMERTON
229608,WATSONS CREEK @ KANGAROO GROUND,"37°42'07.2""S","145°15'54.0""E",FALSE,49.045,Yarra,WATSONS CREEK,KANGAROO GROUND
229614,PLENTY RIVER @ LOWER PLENTY,"37°43'49.0""S","145°06'27.4""E",FALSE,28.763,Yarra,PLENTY RIVER,LOWER PLENTY
229625,GARDINERS CREEK @ D/S HIGH STREET ROAD ASHWOOD,"37°52'04.1""S","145°06'00.0""E",FALSE,40.438,Yarra,GARDINERS CREEK,HIGH STREET ROAD ASHWOOD
229627,MERRI CREEK @ SUMMERHILL ROAD CRAIGIEBURN,"37°34'28.2""S","144°57'54.0""E",FALSE,202.19,Yarra,MERRI CREEK,SUMMERHILL ROAD CRAIGIEBURN
229643,MOONEE PONDS CREEK @ U/S MT ALEXANDER RD FLEMINGTON,"37°46'53.4""S","144°56'20.4""E",FALSE,3.011,Yarra,MOONEE PONDS CREEK,MT ALEXANDER RD FLEMINGTON
229648,MULLUM MULLUM CREEK @ DONCASTER EAST,"37°45'07.8""S","145°10'33.1""E",FALSE,42.457,Yarra,MULLUM MULLUM CREEK,DONCASTER EAST
229651,DEEP CREEK @ ROAD 5,"37°36'06.0""S","145°49'24.0""E",FALSE,742.313,Yarra,DEEP CREEK,ROAD 5
229653,YARRA RIVER @ YARRA GRANGE,"37°40'02.0""S","145°28'33.6""E",FALSE,76.635,Yarra,YARRA RIVER,YARRA GRANGE
229656,PAUL CREEK @ AQUEDUCT,"37°37'24.0""S","145°25'30.0""E",FALSE,102.751,Yarra,PAUL CREEK,AQUEDUCT
229660,ELSTER CREEK @ HEAD STREET ELSTERNWICK,"37°53'35.5""S","145°00'07.2""E",FALSE,4.024,Yarra,ELSTER CREEK,HEAD STREET ELSTERNWICK
229665,MOONEE PONDS CREEK @ JACANA RETARDING BASIN JACANA,"37°41'49.6""S","144°54'10.8""E",FALSE,57.144,Yarra,MOONEE PONDS CREEK,JACANA RETARDING BASIN JACANA
229670,BLACKBURN LAKE @ BLACKBURN,"37°49'32.8""S","145°09'44.2""E",FALSE,95.759,Yarra,BLACKBURN LAKE,BLACKBURN
229671,WOORI YALLOCK CREEK @ U/S WARBURTON HIGHWAY,"37°46'36.5""S","145°30'32.4""E",TRUE,87.907,Yarra,WOORI YALLOCK CREEK,WARBURTON HIGHWAY
229677,SHEPHERD CREEK @ D/S HEALESVILLE KOOWEERUP RD NANGANA,"37°51'59.4""S","145°31'51.6""E",TRUE,120.512,Yarra,SHEPHERD CREEK,HEALESVILLE KOOWEERUP RD NANGANA
229678,MCCRAE CREEK @ YELLINGBO,"37°49'23.9""S","145°30'39.6""E",FALSE,104.728,Yarra,MCCRAE CREEK,YELLINGBO
229685,WOORI YALLOCK CREEK @ MACCLESFIELD ROAD,"37°48'55.8""S","145°30'10.8""E",FALSE,100.013,Yarra,WOORI YALLOCK CREEK,MACCLESFIELD ROAD
229697,JUMPING CREEK @ JUMPING CREEK ROAD BRIDGE,"37°44'19.3""S","145°14'34.8""E",FALSE,34.587,Yarra,JUMPING CREEK,JUMPING CREEK ROAD BRIDGE
229701,LILYDALE TIP SPOON DRAIN @ NORTH SITE,"37°44'27.5""S","145°23'50.7""E",FALSE,120.967,Yarra,LILYDALE TIP SPOON DRAIN,NORTH SITE
229702,LILYDALE TIP SPOON DRAIN @ SOUTH SITE,"37°44'30.8""S","145°23'50.7""E",FALSE,124.529,Yarra,LILYDALE TIP SPOON DRAIN,SOUTH SITE
229800,RAIN GAUGE @ (DANDENONG ROAD) CARNEGIE,"37°53'07.4""S","145°03'11.5""E",FALSE,44.979,Yarra,RAIN GAUGE,(DANDENONG ROAD) CARNEGIE
229801,RAIN GAUGE @ (E.E. GUNN RESERVE) ORMOND,"37°53'58.4""S","145°02'16.9""E",FALSE,33.001,Yarra,RAIN GAUGE,(E.E. GUNN RESERVE) ORMOND
229802,RAIN GAUGE @ (XAVIER PREP. SCHOOL) BRIGHTON,"37°55'42.6""S","144°59'26.2""E",FALSE,7.105,Yarra,RAIN GAUGE,(XAVIER PREP. SCHOOL) BRIGHTON
229803,RAIN GAUGE @ (BLACK SPUR) SITE 10E NTH MAROONDAH OFF RD 24,"37°35'31.3""S","145°38'03.4""E",FALSE,577.309,Yarra,RAIN GAUGE,(BLACK SPUR) SITE 10E NTH MAROONDAH OFF RD 24
229804,RAIN GAUGE @ POLEY TOWER FIRE TOWER,"37°37'39.8""S","145°48'07.7""E",FALSE,1167.29,Yarra,RAIN GAUGE,POLEY TOWER FIRE TOWER
229808,RAIN GAUGE @ (GLADYSDALE) OFF YARR JUNCTION-NOOJEE RD,"37°49'17.9""S","145°38'54.5""E",FALSE,156.976,Yarra,RAIN GAUGE,(GLADYSDALE) OFF YARR JUNCTION-NOOJEE RD
229809,RAIN GAUGE @ (SUGARLOAF RES.) WEST SIDE MAIN WALL,"37°40'20.5""S","145°17'12.8""E",FALSE,165.139,Yarra,RAIN GAUGE,(SUGARLOAF RES.) WEST SIDE MAIN WALL
229812,RAIN GAUGE @ (YARRA PORTAL) JUNCT. OF 32 - 9 RD BULK GAUGE,"37°43'44.7""S","146°02'42.2""E",FALSE,531.708,Yarra,RAIN GAUGE,(YARRA PORTAL) JUNCT. OF 32 - 9 RD BULK GAUGE
230102,DEEP CREEK @ D/S BULLA ROAD BULLA,"37°37'53.0""S","144°48'03.6""E",FALSE,83.786,Maribyrnong,DEEP CREEK,BULLA ROAD BULLA
230104,JACKSONS CREEK @ SUNBURY,"37°35'03.2""S","144°44'26.1""E",FALSE,183.996,Maribyrnong,JACKSONS CREEK,SUNBURY
230105,MARIBYRNONG RIVER @ KEILOR,"37°43'39.0""S","144°50'09.6""E",FALSE,14.502,Maribyrnong,MARIBYRNONG RIVER,KEILOR
230112,STONY CREEK @ SPOTSWOOD,"37°49'28.6""S","144°52'48.0""E",FALSE,1.602,Maribyrnong,STONY CREEK,SPOTSWOOD
230200,MARIBYRNONG RIVER @ KEILOR,"37°43'39.7""S","144°50'11.3""E",TRUE,10.337,Maribyrnong,MARIBYRNONG RIVER,KEILOR
230201,DEEP CREEK @ BULLA (ABOVE EMU CREEK JUNCTION),"37°37'53.1""S","144°48'01.7""E",FALSE,82.598,Maribyrnong,DEEP CREEK,BULLA (ABOVE EMU CREEK JUNCTION)
230202,JACKSONS CREEK @ SUNBURY,"37°34'59.6""S","144°44'31.3""E",TRUE,181.595,Maribyrnong,JACKSONS CREEK,SUNBURY
230203,EMU CREEK @ SUNBURY,"37°35'00.0""S","144°46'00.0""E",FALSE,182.398,Maribyrnong,EMU CREEK,SUNBURY
230204,RIDDELLS CREEK @ RIDDELLS CREEK,"37°27'53.2""S","144°40'19.6""E",TRUE,357.782,Maribyrnong,RIDDELLS CREEK,RIDDELLS CREEK
230205,DEEP CREEK @ BULLA (D/S OF EMU CREEK JUNCT.),"37°37'52.9""S","144°48'03.5""E",TRUE,83.786,Maribyrnong,DEEP CREEK,BULLA (D/S OF EMU CREEK JUNCT.)
230206,JACKSONS CREEK @ GISBORNE,"37°28'31.3""S","144°34'20.8""E",TRUE,422.523,Maribyrnong,JACKSONS CREEK,GISBORNE
230207,MARIBYRNONG RIVER @ ARUNDEL,"37°42'00.0""S","144°49'60.0""E",FALSE,33.465,Maribyrnong,MARIBYRNONG RIVER,ARUNDEL
230208,DEEP CREEK @ DARRAWEIT GUIM,"37°24'12.0""S","144°53'12.0""E",FALSE,244.635,Maribyrnong,DEEP CREEK,DARRAWEIT GUIM
230209,BARRINGO CREEK @ BARRINGO (U/S OF DIVERSION),"37°24'37.8""S","144°37'33.8""E",TRUE,535.771,Maribyrnong,BARRINGO CREEK,BARRINGO (U/S OF DIVERSION)
230210,JACKSONS CREEK @ BULLENGAROOK,"37°28'18.7""S","144°31'27.5""E",TRUE,462.806,Maribyrnong,JACKSONS CREEK,BULLENGAROOK
230211,EMU CREEK @ CLARKEFIELD,"37°27'58.4""S","144°44'38.9""E",FALSE,317.992,Maribyrnong,EMU CREEK,CLARKEFIELD
230212,BARRINGO CREEK @ BARRINGO (DS OF DIVERSION WEIR),"37°25'18.0""S","144°37'06.0""E",FALSE,467.996,Maribyrnong,BARRINGO CREEK,BARRINGO (DS OF DIVERSION WEIR)
230213,TURRITABLE CREEK @ MOUNT MACEDON,"37°25'08.1""S","144°35'05.3""E",TRUE,456.946,Maribyrnong,TURRITABLE CREEK,MOUNT MACEDON
230214,WILLIMIGONGON CREEK @ MOUNT MACEDON,"37°25'01.8""S","144°35'12.7""E",FALSE,460.541,Maribyrnong,WILLIMIGONGON CREEK,MOUNT MACEDON
230216,JACKSONS CREEK @ ROSSLYNNE RESERVOIR (HEAD GAUGE),"37°28'29.3""S","144°34'08.1""E",FALSE,452.241,Maribyrnong,JACKSONS CREEK,ROSSLYNNE RESERVOIR (HEAD GAUGE)
230217,GARDEN HUT CREEK @ U/S OF LANCEFIELD RESERVIOR,"37°18'45.1""S","144°38'26.3""E",TRUE,534.721,Maribyrnong,GARDEN HUT CREEK,LANCEFIELD RESERVIOR
230218,BOLINDA CREEK @ MOUNT ELIZA,"37°22'24.0""S","144°41'06.0""E",FALSE,547.83,Maribyrnong,BOLINDA CREEK,MOUNT ELIZA
230219,BOYD CREEK @ DARRAWEIT GUIM,"37°23'39.3""S","144°53'47.5""E",FALSE,242.039,Maribyrnong,BOYD CREEK,DARRAWEIT GUIM
230220,JACKSONS CREEK @ CLARKFIELD,"37°29'26.8""S","144°44'21.2""E",TRUE,232.564,Maribyrnong,JACKSONS CREEK,CLARKFIELD
230221,SALTWATER CREEK @ SALTWATER ROAD,"37°28'18.0""S","144°26'18.0""E",FALSE,610.934,Maribyrnong,SALTWATER CREEK,SALTWATER ROAD
230222,GISBORNE CREEK @ U/S OF ROSSLYNNE RESERVOIR,"37°27'39.9""S","144°31'54.3""E",FALSE,471.625,Maribyrnong,GISBORNE CREEK,ROSSLYNNE RESERVOIR
230223,SLATY CREEK @ ROSSLYNNE RESERVOIR,"37°27'32.5""S","144°33'44.4""E",FALSE,463.969,Maribyrnong,SLATY CREEK,ROSSLYNNE RESERVOIR
230224,BARRINGO CREEK @ SANATORIUM LAKE,"37°22'42.0""S","144°37'00.0""E",FALSE,880.882,Maribyrnong,BARRINGO CREEK,SANATORIUM LAKE
230225,GISBORNE CREEK @ BURNT MILL EAST ROAD,"37°26'00.0""S","144°29'54.0""E",FALSE,569.908,Maribyrnong,GISBORNE CREEK,BURNT MILL EAST ROAD
230226,SLATY CREEK @ BLACKWOOD ROAD,"37°26'10.4""S","144°32'56.3""E",FALSE,499.746,Maribyrnong,SLATY CREEK,BLACKWOOD ROAD
230227,MAIN CREEK @ KERRIE,"37°23'46.0""S","144°39'37.4""E",TRUE,577.491,Maribyrnong,MAIN CREEK,KERRIE
230228,LONG GULLY CREEK @ LANCEFIELD,"37°14'12.0""S","144°41'18.0""E",FALSE,508.987,Maribyrnong,LONG GULLY CREEK,LANCEFIELD
230229,DRY CREEK @ COBAW,"37°15'54.0""S","144°38'24.0""E",FALSE,487.011,Maribyrnong,DRY CREEK,COBAW
230230,JACKSONS CREEK @ ORGAN PIPES,"37°39'54.0""S","144°45'54.0""E",FALSE,63.075,Maribyrnong,JACKSONS CREEK,ORGAN PIPES
230231,WILLIMIGONGON CREEK @ MT MACEDON-ANZAC RD,"37°23'56.2""S","144°35'36.6""E",TRUE,593.922,Maribyrnong,WILLIMIGONGON CREEK,MT MACEDON-ANZAC RD
230232,DEEP CREEK @ BOLINDA,"37°25'37.6""S","144°49'00.5""E",TRUE,313.896,Maribyrnong,DEEP CREEK,BOLINDA
230233,JACKSONS CREEK @ GISBORNE TREATMENT PLANT,"37°29'16.7""S","144°36'57.9""E",TRUE,395.179,Maribyrnong,JACKSONS CREEK,GISBORNE TREATMENT PLANT
230235,MARIBYRNONG RIVER @ AVONDALE HEIGHTS CANNING ST FORD,"37°46'10.9""S","144°51'03.6""E",FALSE,3.438,Maribyrnong,MARIBYRNONG RIVER,AVONDALE HEIGHTS CANNING ST FORD
230236,STEELE CREEK @ ROSEHILL ROAD KEILOR EAST,"37°44'49.9""S","144°52'51.6""E",FALSE,9.202,Maribyrnong,STEELE CREEK,ROSEHILL ROAD KEILOR EAST
230238,MARIBYRNONG RIVER @ ARUNDEL ROAD,"37°42'11.9""S","144°50'02.4""E",FALSE,19.452,Maribyrnong,MARIBYRNONG RIVER,ARUNDEL ROAD
230239,STONY CREEK @ U/S ORD HILL RESERVOIR,"37°23'06.6""S","144°36'05.8""E",TRUE,707.74,Maribyrnong,STONY CREEK,ORD HILL RESERVOIR
230240,JACKSONS CREEK @ SALESIAN COLLEGE SUNBURY,"37°34'16.2""S","144°44'12.8""E",TRUE,206.956,Maribyrnong,JACKSONS CREEK,SALESIAN COLLEGE SUNBURY
230242,JACKSONS CREEK @ U/S RIDDLES CREEK RWP OUTFALL,"37°28'59.7""S","144°42'47.5""E",TRUE,287.063,Maribyrnong,JACKSONS CREEK,RIDDLES CREEK RWP OUTFALL
230243,BOLINDA CREEK @ BOLINDA CREEK OFFTAKE,"37°22'15.2""S","144°40'04.5""E",TRUE,592.266,Maribyrnong,BOLINDA CREEK,BOLINDA CREEK OFFTAKE
230244,TAYLORS CREEK @ WALKWAY DOWNSTREAM GREEN GULLY ROAD,"37°43'37.2""S","144°49'33.6""E",TRUE,18.457,Maribyrnong,TAYLORS CREEK,WALKWAY DOWNSTREAM GREEN GULLY ROAD
230245,JACKSONS CREEK @ U/S SUNBURY-RIDDELLS ROAD,"37°29'33.4""S","144°40'58.8""E",TRUE,322.052,Maribyrnong,JACKSONS CREEK,SUNBURY-RIDDELLS ROAD
230246,DEEP CREEK @ ROMSEY,"37°21'39.4""S","144°47'02.0""E",TRUE,396.107,Maribyrnong,DEEP CREEK,ROMSEY
230250,DEEP CREEK @ ROMSEY TREATMENT PLANT,"37°22'06.3""S","144°46'56.7""E",TRUE,391.457,Maribyrnong,DEEP CREEK,ROMSEY TREATMENT PLANT
230704,BOLINDA CREEK @ BOLINDA CREEK,"37°22'15.2""S","144°40'04.5""E",TRUE,592.266,Maribyrnong,BOLINDA CREEK,BOLINDA CREEK
230706,MAIN CREEK @ FORSTER RESERVOIR,"37°25'18.3""S","144°40'11.6""E",TRUE,549.132,Maribyrnong,MAIN CREEK,FORSTER RESERVOIR
230707,PIPELINE INFLOW @ LANCEFIELD BASIN,"37°16'56.2""S","144°41'44.0""E",TRUE,506.103,Maribyrnong,PIPELINE INFLOW,LANCEFIELD BASIN
231101,KOROROIT CREEK @ U/S RACECOURSE RD RAILWAY BRIDGE ALTONA,"37°51'22.6""S","144°51'09.6""E",FALSE,0.359,Werribee,KOROROIT CREEK,RACECOURSE RD RAILWAY BRIDGE ALTONA
231102,CHERRY DRAIN PIPELINE @ ALTONA,"37°50'55.3""S","144°49'14.2""E",TRUE,5.497,Werribee,CHERRY DRAIN PIPELINE,ALTONA
231104,KOROROIT CREEK @  MILLBANK DRIVE DEER PARK,"37°45'56.2""S","144°45'57.6""E",FALSE,49.602,Werribee,KOROROIT CREEK,MILLBANK DRIVE DEER PARK
231108,SKELETON CREEK @ POINT COOK ROAD LAVERTON,"37°52'23.5""S","144°45'43.2""E",FALSE,2.021,Werribee,SKELETON CREEK,POINT COOK ROAD LAVERTON
231200,WERRIBEE RIVER @ BACCHUS MARSH,"37°40'51.7""S","144°25'41.8""E",TRUE,97.017,Werribee,WERRIBEE RIVER,BACCHUS MARSH
231201,LERDERDERG RIVER @ DARLEY,"37°39'30.0""S","144°27'00.0""E",FALSE,99.188,Werribee,LERDERDERG RIVER,DARLEY
231202,WERRIBEE RIVER @ BACCHUS MARSH (THE FALLS),"37°40'30.7""S","144°22'07.9""E",FALSE,129.436,Werribee,WERRIBEE RIVER,BACCHUS MARSH (THE FALLS)
231203,PYKES CREEK @ PYKES CREEK RESERVOIR,"37°36'51.9""S","144°17'38.1""E",TRUE,363.678,Werribee,PYKES CREEK,PYKES CREEK RESERVOIR
231204,WERRIBEE RIVER @ WERRIBEE DIVERSION WEIR,"37°52'46.3""S","144°38'44.0""E",TRUE,26.653,Werribee,WERRIBEE RIVER,WERRIBEE DIVERSION WEIR
231205,WERRIBEE RIVER @ MELTON RESERVOIR (TAIL GAUGE),"37°44'46.4""S","144°34'21.3""E",TRUE,55.87,Werribee,WERRIBEE RIVER,MELTON RESERVOIR (TAIL GAUGE)
231206,TOOLERN CREEK @ MELTON,"37°41'00.0""S","144°34'60.0""E",FALSE,135,Werribee,TOOLERN CREEK,MELTON
231207,GOODMAN CREEK @ DARLEY,"37°38'30.0""S","144°26'30.0""E",FALSE,117.998,Werribee,GOODMAN CREEK,DARLEY
231208,WERRIBEE RIVER @ COBBLEDICK FORD,"37°49'13.7""S","144°34'51.8""E",TRUE,42.445,Werribee,WERRIBEE RIVER,COBBLEDICK FORD
231209,WERRIBEE RIVER @ BALLAN,"37°36'00.0""S","144°13'60.0""E",FALSE,497.382,Werribee,WERRIBEE RIVER,BALLAN
231210,LERDERDERG RIVER @ BACCHUS MARSH,"37°41'00.0""S","144°27'30.0""E",FALSE,92.989,Werribee,LERDERDERG RIVER,BACCHUS MARSH
231211,LERDERDERG RIVER @ U/S GOODMAN CREEK JUNCTION,"37°37'50.6""S","144°25'37.9""E",TRUE,128.386,Werribee,LERDERDERG RIVER,GOODMAN CREEK JUNCTION
231212,DJERRIWARRH CREEK @ NOTUK,"37°36'00.0""S","144°31'60.0""E",FALSE,252.805,Werribee,DJERRIWARRH CREEK,NOTUK
231213,LERDERDERG RIVER @ SARDINE CREEK O'BRIEN CROSSING,"37°29'46.6""S","144°21'39.8""E",TRUE,430.828,Werribee,LERDERDERG RIVER,SARDINE CREEK O'BRIEN CROSSING
231214,PYRITES CREEK @ BACCHUS MARSH,"37°40'51.7""S","144°29'29.8""E",TRUE,89.032,Werribee,PYRITES CREEK,BACCHUS MARSH
231216,TOOLERN CREEK @ MELTON RESERVOIR,"37°45'00.0""S","144°34'30.0""E",FALSE,82.109,Werribee,TOOLERN CREEK,MELTON RESERVOIR
231218,GOODMAN CREEK @ GOODMAN CREEK DIVERSION WEIR,"37°35'22.2""S","144°27'21.4""E",FALSE,261.017,Werribee,GOODMAN CREEK,GOODMAN CREEK DIVERSION WEIR
231219,GOODMAN CREEK @ ABOVE LERDERDERG TUNNEL,"37°34'28.6""S","144°27'03.0""E",FALSE,230.886,Werribee,GOODMAN CREEK,ABOVE LERDERDERG TUNNEL
231221,WERRIBEE RIVER @ MELTON RESERVOIR (HEAD GAUGE),"37°44'41.0""S","144°34'09.6""E",TRUE,85.257,Werribee,WERRIBEE RIVER,MELTON RESERVOIR (HEAD GAUGE)
231222,PYKES CREEK @ PYKES CREEK RESERVOIR (H.GAUGE),"37°36'36.0""S","144°17'42.0""E",TRUE,383.696,Werribee,PYKES CREEK,PYKES CREEK RESERVOIR (H.GAUGE)
231223,PYRITES CREEK @ MERRIMU RESERVOIR (HEAD GAUGE),"37°38'00.0""S","144°29'30.0""E",TRUE,176.436,Werribee,PYRITES CREEK,MERRIMU RESERVOIR (HEAD GAUGE)
231224,PYRITES CREEK @ ABOVE MERRIMU RESERVOIR,"37°35'30.0""S","144°28'30.0""E",FALSE,193.584,Werribee,PYRITES CREEK,ABOVE MERRIMU RESERVOIR
231225,WERRIBEE RIVER @ BALLAN (U/S OLD WESTERN HWY),"37°36'01.8""S","144°15'00.0""E",FALSE,471.829,Werribee,WERRIBEE RIVER,BALLAN (U/S OLD WESTERN HWY)
231226,WERRIBEE RIVER @ MELTON RESERVOIR OUTLET,"37°45'00.0""S","144°34'30.0""E",FALSE,82.109,Werribee,WERRIBEE RIVER,MELTON RESERVOIR OUTLET
231227,TOOLERN CREEK @ U/S OF MELTON,"37°40'48.0""S","144°35'54.0""E",FALSE,135,Werribee,TOOLERN CREEK,MELTON
231228,ARNOLD CREEK @ U/S OF MELTON,"37°40'12.0""S","144°34'00.0""E",FALSE,148.882,Werribee,ARNOLD CREEK,MELTON
231229,ARNOLD CREEK @ D/S OF MELTON,"37°42'12.0""S","144°33'36.0""E",FALSE,118.971,Werribee,ARNOLD CREEK,MELTON
231230,PARWAN CREEK @ BALLIANG ROAD,"37°43'54.0""S","144°23'54.0""E",FALSE,141.996,Werribee,PARWAN CREEK,BALLIANG ROAD
231231,TOOLERN CREEK @ MELTON SOUTH,"37°43'40.7""S","144°34'44.3""E",TRUE,88.957,Werribee,TOOLERN CREEK,MELTON SOUTH
231233,BLACKWOOD BASIN 1 @ BLACKWOOD,"37°27'26.6""S","144°17'24.4""E",TRUE,682.337,Werribee,BLACKWOOD BASIN 1,BLACKWOOD
231234,PARWAN CREEK @ PARWAN,"37°43'23.7""S","144°24'54.4""E",TRUE,121.653,Werribee,PARWAN CREEK,PARWAN
231236,LONG GULLY CREEK @ BLACKWOOD,"37°27'20.7""S","144°18'05.0""E",TRUE,568.302,Werribee,LONG GULLY CREEK,BLACKWOOD
231240,WERRIBEE RIVER @ HEATHS ROAD WERRIBEE,"37°53'12.5""S","144°38'02.4""E",FALSE,26.198,Werribee,WERRIBEE RIVER,HEATHS ROAD WERRIBEE
231241,LERDERDERG RIVER @ BACCHUS MARSH ROAD RUPERT VANCE RES,"37°41'11.4""S","144°28'44.4""E",FALSE,82.724,Werribee,LERDERDERG RIVER,BACCHUS MARSH ROAD RUPERT VANCE RES
231242,LAVERTON CREEK @ ALTONA,"37°52'33.6""S","144°47'56.4""E",FALSE,1.724,Werribee,LAVERTON CREEK,ALTONA
231260,OUTFALL SPRING @ MELTON TREATMENT PLANT (SURBITON PARK),"37°45'24.1""S","144°34'55.8""E",TRUE,58.38,Werribee,OUTFALL SPRING,MELTON TREATMENT PLANT (SURBITON PARK)
231262,WERRIBEE RIVER @ D/S MELTON TREATMENT PLANT,"37°47'17.9""S","144°35'22.3""E",TRUE,47.423,Werribee,WERRIBEE RIVER,MELTON TREATMENT PLANT
231708,WERRIBEE DELTA @ OFFTAKE,"37°58'31.9""S","144°36'53.3""E",FALSE,3.924,Werribee,WERRIBEE DELTA,OFFTAKE
231709,WERRIBEE DELTA @ OUTFALL,"37°58'35.2""S","144°36'53.1""E",FALSE,4.264,Werribee,WERRIBEE DELTA,OUTFALL
231731,DJERRIWARRH OUTLET CHANNEL @ DJERRIWARRH RESERVOIR,"37°36'14.0""S","144°31'24.2""E",TRUE,204.832,Werribee,DJERRIWARRH OUTLET CHANNEL,DJERRIWARRH RESERVOIR
231800,RAIN GAUGE @ (LERDERDERG RIVER) LERDERDERG NO. 4,"37°26'12.0""S","144°18'54.0""E",FALSE,732.173,Werribee,RAIN GAUGE,(LERDERDERG RIVER) LERDERDERG NO. 4
231801,RAIN GAUGE @ LERDERDERG NO. 3,"37°28'06.0""S","144°25'00.0""E",FALSE,686.967,Werribee,RAIN GAUGE,LERDERDERG NO. 3
231803,RAIN GAUGE @ LERDERDERG NO. 1,"37°28'18.0""S","144°13'24.0""E",FALSE,862.498,Werribee,RAIN GAUGE,LERDERDERG NO. 1
232200,LITTLE RIVER @ LITTLE RIVER,"37°57'17.2""S","144°29'09.0""E",TRUE,30.074,Moorabool,LITTLE RIVER,LITTLE RIVER
232201,MOORABOOL RIVER EAST BRANCH @ BOLWARRAH WEIR,"37°33'36.8""S","144°10'36.0""E",TRUE,517.877,Moorabool,MOORABOOL RIVER EAST BRANCH,BOLWARRAH WEIR
232202,MOORABOOL RIVER @ BATESFORD,"38°05'21.5""S","144°16'43.1""E",TRUE,23.325,Moorabool,MOORABOOL RIVER,BATESFORD
232204,MOORABOOL RIVER @ MORRISONS,"37°45'49.9""S","144°06'24.1""E",TRUE,300.258,Moorabool,MOORABOOL RIVER,MORRISONS
232205,WOMBAT CREEK @ BARKSTEAD,"37°28'30.0""S","144°07'30.0""E",FALSE,600.224,Moorabool,WOMBAT CREEK,BARKSTEAD
232207,MOORABOOL RIVER EAST BRANCH @ BARKSTEAD,"37°29'00.0""S","144°07'60.0""E",FALSE,604.026,Moorabool,MOORABOOL RIVER EAST BRANCH,BARKSTEAD
232209,MOORABOOL RIVER @ SHEOAKS,"37°53'49.2""S","144°07'26.9""E",TRUE,187.998,Moorabool,MOORABOOL RIVER,SHEOAKS
232210,MOORABOOL RIVER WEST BRANCH @ LAL LAL,"37°38'35.4""S","144°02'31.9""E",TRUE,471.494,Moorabool,MOORABOOL RIVER WEST BRANCH,LAL LAL
232211,MOORABOOL RIVER WEST BRANCH @ MOUNT DORAN,"37°42'41.0""S","144°05'38.8""E",TRUE,334.889,Moorabool,MOORABOOL RIVER WEST BRANCH,MOUNT DORAN
232213,LAL LAL CREEK @ U/S OF BUNGAL DAM,"37°39'16.9""S","144°02'01.9""E",TRUE,458.746,Moorabool,LAL LAL CREEK,BUNGAL DAM
232214,BLACK CREEK @ U/S OF BUNGAL DAM,"37°37'47.4""S","144°03'44.5""E",TRUE,479.712,Moorabool,BLACK CREEK,BUNGAL DAM
232215,WOOLLEN CREEK @ U/S OF BUNGAL DAM,"37°38'01.4""S","144°04'50.8""E",TRUE,503.001,Moorabool,WOOLLEN CREEK,BUNGAL DAM
232217,MOORABOOL RIVER WEST BRANCH @ MOORABOOL RESERVOIR HG,"37°30'55.8""S","144°05'05.2""E",TRUE,589.97,Moorabool,MOORABOOL RIVER WEST BRANCH,MOORABOOL RESERVOIR HG
232219,LAL LAL CREEK @ BEALES RESERVOIR,"37°32'29.2""S","144°01'35.7""E",TRUE,581.927,Moorabool,LAL LAL CREEK,BEALES RESERVOIR
232220,LAL LAL CREEK @ WILSON RESERVOIR H.G.,"37°30'51.7""S","144°01'03.6""E",TRUE,603.498,Moorabool,LAL LAL CREEK,WILSON RESERVOIR H.G.
232221,MOORABOOL RIVER EAST BRANCH @ BOSTOC RESERVOIR,"37°36'21.6""S","144°11'11.7""E",TRUE,493.876,Moorabool,MOORABOOL RIVER EAST BRANCH,BOSTOC RESERVOIR
232222,WEST MOORABOOL RIVER @ LAL LAL RES. H.G.,"37°40'36.4""S","144°04'27.6""E",TRUE,392.465,Moorabool,WEST MOORABOOL RIVER,LAL LAL RES. H.G.
232223,FRAWLEY CREEK @ U/S WILSON RESERVOIR,"37°30'17.7""S","144°00'44.2""E",TRUE,615.289,Moorabool,FRAWLEY CREEK,WILSON RESERVOIR
232224,SLATER CREEK @ U/S WILSON RESERVOIR,"37°30'20.9""S","144°01'28.3""E",FALSE,607.78,Moorabool,SLATER CREEK,WILSON RESERVOIR
232225,MAHARS CREEK @ U/S WILSON RESERVOIR,"37°30'08.7""S","144°01'11.6""E",FALSE,613.346,Moorabool,MAHARS CREEK,WILSON RESERVOIR
232226,EAST MOORABOOL RIVER @ D/S BOSTOCK RES.,"37°37'15.4""S","144°10'14.5""E",FALSE,433.864,Moorabool,EAST MOORABOOL RIVER,BOSTOCK RES.
232227,MOORABOOL RIVER @ SHEOAKS DIVERSION WEIR,"37°53'42.5""S","144°07'41.7""E",TRUE,205.118,Moorabool,MOORABOOL RIVER,SHEOAKS DIVERSION WEIR
232228,STONY CREEK @ UPPER STONEY RESERVOIR SPILLWAY,"37°49'11.0""S","144°12'32.7""E",TRUE,347.716,Moorabool,STONY CREEK,UPPER STONEY RESERVOIR SPILLWAY
232230,EAST MOORABOOL RIVER @ KORWEINGUBOORA RES H.G.,"37°30'29.5""S","144°09'01.7""E",TRUE,575.506,Moorabool,EAST MOORABOOL RIVER,KORWEINGUBOORA RES H.G.
232231,EAST MOORABOOL RIVER @ KORWEINGUBOORA RES P.D.R.,"37°30'31.3""S","144°09'08.2""E",TRUE,574.969,Moorabool,EAST MOORABOOL RIVER,KORWEINGUBOORA RES P.D.R.
232232,EAST MOORABOOL RIVER @ BOSTOCK RES (COMPENSATION WEIR),"37°36'25.9""S","144°11'17.8""E",TRUE,472.839,Moorabool,EAST MOORABOOL RIVER,BOSTOCK RES (COMPENSATION WEIR)
232233,PADDOCK CREEK @ U/S BOSTOCK RES,"37°35'37.2""S","144°09'45.3""E",TRUE,496.126,Moorabool,PADDOCK CREEK,BOSTOCK RES
232234,EAST MOORABOOL RIVER @ U/S BOSTOCK RES,"37°35'37.5""S","144°10'29.6""E",TRUE,499.965,Moorabool,EAST MOORABOOL RIVER,BOSTOCK RES
232235,DEVIL CREEK @ U/S MOORABOOL RESERVOIR,"37°30'22.7""S","144°04'13.9""E",TRUE,604.067,Moorabool,DEVIL CREEK,MOORABOOL RESERVOIR
232236,WEST MOORABOOL RIVER @ U/S MOORABOOL RESERVOIR,"37°29'43.0""S","144°04'37.2""E",TRUE,607.967,Moorabool,WEST MOORABOOL RIVER,MOORABOOL RESERVOIR
232237,BOLWARRA RES. H.G.,"37°33'31.1""S","144°10'36.9""E",TRUE,523.594,Moorabool,BOLWARRA RES.,
232238,STONY CREEK @ UPPER STONEY CK RES NO 2 H.G.,"37°49'21.7""S","144°11'45.1""E",TRUE,363.207,Moorabool,STONY CREEK,UPPER STONEY CK RES NO 2 H.G.
232239,STONY CREEK @ UPPER STONEY CK RES NO 3 H.G.,"37°49'24.9""S","144°11'51.7""E",TRUE,361.699,Moorabool,STONY CREEK,UPPER STONEY CK RES NO 3 H.G.
232240,TEA TREE CREEK @ MORRISONS U/S MOORABOOL R,"37°47'14.8""S","144°06'11.2""E",FALSE,312.531,Moorabool,TEA TREE CREEK,MORRISONS U/S MOORABOOL R
232241,MOORABOOL RIVER EAST BRANCH @ U/S KORWEINGUBOORA RES.,"37°29'26.9""S","144°07'53.7""E",FALSE,587.647,Moorabool,MOORABOOL RIVER EAST BRANCH,KORWEINGUBOORA RES.
232242,MOORABOOL RIVER @ COOPERS CROSSING MEREDITH,"37°51'42.9""S","144°07'54.5""E",TRUE,224.268,Moorabool,MOORABOOL RIVER,COOPERS CROSSING MEREDITH
232243,WHISKY CREEK @ WHISKY CREEK DIVERSION WEIR,"37°32'15.3""S","144°04'29.6""E",TRUE,590.965,Moorabool,WHISKY CREEK,WHISKY CREEK DIVERSION WEIR
232244,MOORABOOL RIVER @ MEREDITH WATER PUMP STATION,"37°49'12.0""S","144°06'21.4""E",FALSE,275.284,Moorabool,MOORABOOL RIVER,MEREDITH WATER PUMP STATION
232704,NO. 2 INFLOW CHANNEL @ UPPER STONEY CREEK RES,"37°48'50.8""S","144°11'25.5""E",TRUE,364.436,Moorabool,NO. 2 INFLOW CHANNEL,UPPER STONEY CREEK RES
232705,BOSTOCK CHANNEL @ EGERTON ROAD,"37°37'54.1""S","144°10'31.7""E",TRUE,472.582,Moorabool,BOSTOCK CHANNEL,EGERTON ROAD
232706,KORWEINGUBOORA OUTLET CHANNEL @ KORWEINGUBOORA RES,"37°30'30.2""S","144°09'04.9""E",FALSE,575.187,Moorabool,KORWEINGUBOORA OUTLET CHANNEL,KORWEINGUBOORA RES
232707,BALLAN CHANNEL @ FLACKS LANE (2.8 KM GAUGE),"37°34'36.9""S","144°11'30.7""E",FALSE,518.369,Moorabool,BALLAN CHANNEL,FLACKS LANE (2.8 KM GAUGE)
232708,BALLAN CHANNEL D/S BOSTOCK CHANNEL JUNCTION,"37°40'24.1""S","144°12'17.7""E",TRUE,453.399,Moorabool,BALLAN CHANNEL,BOSTOCK CHANNEL JUNCTION
232709,BALLAN CHANNAL @ 26.1 KM GAUGE,"37°44'38.4""S","144°10'46.8""E",TRUE,420.018,Moorabool,BALLAN CHANNAL,26.1 KM GAUGE
232710,BALLAN CHANNEL @ 35.3 KM GAUGE,"37°47'00.7""S","144°11'53.3""E",TRUE,377.8,Moorabool,BALLAN CHANNEL,35.3 KM GAUGE
232711,WASTEWATER O/F DRAIN @ FORD FACTORY GEELONG,"38°06'21.2""S","144°21'20.9""E",FALSE,4.455,Moorabool,WASTEWATER O/F DRAIN,FORD FACTORY GEELONG
232712,WILSON CHANNEL @ U/S BEALE'S RESERVOIR,"37°31'57.6""S","144°01'01.2""E",TRUE,587.223,Moorabool,WILSON CHANNEL,BEALE'S RESERVOIR
232713,BEALE CHANNEL @ BULLY PARK,"37°32'50.6""S","144°01'35.9""E",TRUE,581.683,Moorabool,BEALE CHANNEL,BULLY PARK
232714,MOORABOOL CHANNEL @ BULLY PARK,"37°32'54.8""S","144°01'34.1""E",TRUE,576.643,Moorabool,MOORABOOL CHANNEL,BULLY PARK
232715,MOORABOOL CHANNEL @ BUNGAREE,"37°33'01.6""S","143°59'16.0""E",TRUE,560.192,Moorabool,MOORABOOL CHANNEL,BUNGAREE
232800,RAIN GAUGE @ (STONY CK) UPPER STONEY CK RESERVOIR,"37°49'22.9""S","144°12'28.0""E",TRUE,362.005,Moorabool,RAIN GAUGE,(STONY CK) UPPER STONEY CK RESERVOIR
232805,RAIN GAUGE @ BLACKHILL,"37°34'49.5""S","144°04'37.1""E",TRUE,582.22,Moorabool,RAIN GAUGE,BLACKHILL
232806,RAIN GAUGE @ YENDON,"37°38'10.6""S","143°55'58.0""E",TRUE,519.748,Moorabool,RAIN GAUGE,YENDON
232810,KORWEINGUBOORA RESERVOIR RAIN GAUGE,"37°30'29.5""S","144°09'02.4""E",TRUE,0,Moorabool,KORWEINGUBOORA RESERVOIR,
233200,BARWON RIVER @ POLLOCKSFORD,"38°08'36.2""S","144°11'13.6""E",TRUE,28.681,Barwon,BARWON RIVER,POLLOCKSFORD
233201,BARWON RIVER @ WINCHELSEA,"38°14'30.4""S","143°59'30.2""E",TRUE,83.173,Barwon,BARWON RIVER,WINCHELSEA
233202,LEIGH RIVEER @ GARIBALDI,"37°43'00.0""S","143°52'60.0""E",FALSE,356.972,Barwon,LEIGH RIVEER,GARIBALDI
233203,BARWON RIVER @ FORREST WEST BRANCH,"38°30'30.0""S","143°43'06.0""E",FALSE,155.426,Barwon,BARWON RIVER,FORREST WEST BRANCH
233204,BARWON RIVER @ FORREST (BELOW TUNNEL) EAST BRANCH,"38°30'48.0""S","143°43'54.0""E",FALSE,154.369,Barwon,BARWON RIVER,FORREST (BELOW TUNNEL) EAST BRANCH
233205,CALLAHAN CREEK @ BARWON DOWNS,"38°29'00.0""S","143°45'00.0""E",FALSE,139.986,Barwon,CALLAHAN CREEK,BARWON DOWNS
233206,GOSLINGS CREEK @ MURROON,"38°26'30.0""S","143°49'00.0""E",FALSE,161.222,Barwon,GOSLINGS CREEK,MURROON
233207,DEWING CREEK @ BARWON DOWNS,"38°28'00.0""S","143°46'53.0""E",FALSE,180.664,Barwon,DEWING CREEK,BARWON DOWNS
233209,LEIGH RIVER @ INVERLEIGH,"38°05'59.4""S","144°03'44.0""E",TRUE,55.983,Barwon,LEIGH RIVER,INVERLEIGH
233210,LEIGH RIVER @ GRENVILLE,"37°47'00.0""S","143°53'30.0""E",FALSE,321.333,Barwon,LEIGH RIVER,GRENVILLE
233211,BIRREGURRA CREEK @ RICKETTS MARSH,"38°17'45.8""S","143°50'18.0""E",TRUE,99.915,Barwon,BIRREGURRA CREEK,RICKETTS MARSH
233213,LEIGH RIVER @ SHELFORD,"38°00'49.9""S","143°58'38.1""E",TRUE,84.799,Barwon,LEIGH RIVER,SHELFORD
233214,BARWON RIVER @ FORREST EAST BRANCH,"38°31'43.4""S","143°43'49.5""E",TRUE,195.133,Barwon,BARWON RIVER,FORREST EAST BRANCH
233215,LEIGH RIVER @ MOUNT MERCER,"37°48'38.5""S","143°55'06.4""E",TRUE,289.994,Barwon,LEIGH RIVER,MOUNT MERCER
233217,BARWON RIVER @ GEELONG,"38°09'49.0""S","144°20'48.8""E",TRUE,1.992,Barwon,BARWON RIVER,GEELONG
233218,BARWON RIVER @ INVERLEIGH,"38°08'57.3""S","143°59'25.3""E",TRUE,61.814,Barwon,BARWON RIVER,INVERLEIGH
233219,BARWON RIVER @ MURGHEBOLUC,"38°07'00.0""S","144°09'00.0""E",FALSE,36.129,Barwon,BARWON RIVER,MURGHEBOLUC
233220,WARRAMBINE CREEK @ WINGEEL,"38°04'30.0""S","143°52'00.0""E",FALSE,115.595,Barwon,WARRAMBINE CREEK,WINGEEL
233223,WARRAMBINE CREEK @ WARRAMBINE,"37°55'43.1""S","143°51'58.7""E",TRUE,182.025,Barwon,WARRAMBINE CREEK,WARRAMBINE
233224,BARWON RIVER @ RICKETTS MARSH,"38°19'30.8""S","143°50'00.8""E",TRUE,100.897,Barwon,BARWON RIVER,RICKETTS MARSH
233225,WARRAMBINE CREEK @ GUMLEY U/S OF LAGOON,"37°51'30.0""S","143°51'00.0""E",FALSE,263.146,Barwon,WARRAMBINE CREEK,GUMLEY U/S OF LAGOON
233226,WARRAMBINE CREEK @ GUMLEY D/S OF LAGOON,"37°53'24.0""S","143°51'06.0""E",FALSE,231.108,Barwon,WARRAMBINE CREEK,GUMLEY D/S OF LAGOON
233227,LAWALUK CREEK @ GUMLEY,"37°53'00.0""S","143°51'42.0""E",FALSE,233.055,Barwon,LAWALUK CREEK,GUMLEY
233228,BOUNDARY CREEK @ YEODENE,"38°25'16.5""S","143°42'39.5""E",TRUE,132.983,Barwon,BOUNDARY CREEK,YEODENE
233229,BOUNDARY CREEK @ D/S OF MACDONALDS DAM,"38°24'31.6""S","143°40'54.6""E",TRUE,162.806,Barwon,BOUNDARY CREEK,MACDONALDS DAM
233230,BOUNDARY CREEK @ MCDONALD'S DAM,"38°24'24.0""S","143°40'36.0""E",FALSE,173.587,Barwon,BOUNDARY CREEK,MCDONALD'S DAM
233231,BOUNDARY CREEK @ U/S OF MCDONALDS DAM,"38°24'13.2""S","143°40'29.0""E",TRUE,170.341,Barwon,BOUNDARY CREEK,MCDONALDS DAM
233232,WHITE SWAN RESERVOIR HEAD GAUGE @ GLEN PARK,"37°31'03.7""S","143°55'27.6""E",TRUE,0,Barwon,WHITE SWAN RESERVOIR HEAD GAUGE,GLEN PARK
233233,BARWON RIVER @ D/S BOUNDARY CREEK,"38°24'55.8""S","143°44'35.3""E",TRUE,117.388,Barwon,BARWON RIVER,BOUNDARY CREEK
233240,MATTHEWS CREEK @ CHANNEL OFFTAKE,"38°25'54.9""S","143°50'07.9""E",TRUE,164.764,Barwon,MATTHEWS CREEK,CHANNEL OFFTAKE
233244,WEST BARWON RIVER @ WEST BARWON RESERVOIR H.G.,"38°31'52.8""S","143°43'11.9""E",TRUE,212.159,Barwon,WEST BARWON RIVER,WEST BARWON RESERVOIR H.G.
233245,WEST BARWON RIVER @ COMPENSATION WEIR SPILLWAY,"38°31'37.6""S","143°43'24.0""E",TRUE,162.762,Barwon,WEST BARWON RIVER,COMPENSATION WEIR SPILLWAY
233246,CALLAHAN CREEK @ OFFTAKE,"38°29'56.9""S","143°45'38.1""E",TRUE,150.758,Barwon,CALLAHAN CREEK,OFFTAKE
233247,BARWON RIVER @ KILDEAN LANE,"38°17'57.4""S","143°56'15.0""E",TRUE,86.332,Barwon,BARWON RIVER,KILDEAN LANE
233248,LEIGH RIVER @ SHELFORD (GOLF HILL),"38°00'00.9""S","143°58'18.4""E",FALSE,92.473,Barwon,LEIGH RIVER,SHELFORD (GOLF HILL)
233249,BIRREGURRA CREEK @ IRREWARRA,"38°17'33.6""S","143°42'15.3""E",FALSE,113.245,Barwon,BIRREGURRA CREEK,IRREWARRA
233250,AGROFORESTRY SITE @ RACECOURSE PADDOCK GERANGAMETE,"38°26'53.1""S","143°43'52.7""E",TRUE,136.3,Barwon,AGROFORESTRY SITE,RACECOURSE PADDOCK GERANGAMETE
233251,MIA MIA CREEK @ U/S LAKE MURDEDUKE,"38°08'17.9""S","143°53'06.0""E",FALSE,89.949,Barwon,MIA MIA CREEK,LAKE MURDEDUKE
233253,EAST BARWON RIVER @ OFFTAKE,"38°30'17.0""S","143°43'54.9""E",FALSE,147.133,Barwon,EAST BARWON RIVER,OFFTAKE
233254,EAST BARWON RIVER @ U/S KING CK JUNCTION,"38°29'14.1""S","143°44'34.1""E",TRUE,145.778,Barwon,EAST BARWON RIVER,KING CK JUNCTION
233255,WEST BARWON RIVER @ BOUNDARY ROAD FORREST,"38°29'17.1""S","143°40'59.4""E",TRUE,140.789,Barwon,WEST BARWON RIVER,BOUNDARY ROAD FORREST
233257,DEWING CREEK @ BIBIRAGURRA-FORREST ROAD,"38°27'50.9""S","143°46'11.3""E",TRUE,143.467,Barwon,DEWING CREEK,BIBIRAGURRA-FORREST ROAD
233258,PENNYROYAL CREEK @ RAILWAY CULVERT,"38°24'30.5""S","143°51'29.9""E",TRUE,144.415,Barwon,PENNYROYAL CREEK,RAILWAY CULVERT
233259,WURDIBOLUC RESERVOIR H.G.,"38°16'55.5""S","144°03'01.3""E",TRUE,140.21,Barwon,WURDIBOLUC RESERVOIR,
233260,RETREAT CK @ INGLEBY,"38°18'00.5""S","143°56'07.5""E",FALSE,94.317,Barwon,RETREAT CK,INGLEBY
233261,WORMBETE CK @ WINCHELSEA,"38°18'28.1""S","143°59'48.5""E",FALSE,101.756,Barwon,WORMBETE CK,WINCHELSEA
233267,WEST BARWON RIVER @ U/S BARRAMUNGA,"38°34'48.4""S","143°42'42.8""E",TRUE,265.381,Barwon,WEST BARWON RIVER,BARRAMUNGA
233268,EAST BARWON RIVER @ FLUME,"38°30'31.3""S","143°43'52.9""E",TRUE,153.095,Barwon,EAST BARWON RIVER,FLUME
233269,BARWON RIVER @ LOWER BARRAGE OF GEELONG WETLANDS,"38°12'50.1""S","144°24'39.9""E",TRUE,1.646,Barwon,BARWON RIVER,LOWER BARRAGE OF GEELONG WETLANDS
233270,REEDY LAKE INFLOW @ OFFTAKE,"38°12'50.1""S","144°24'38.1""E",FALSE,1.608,Barwon,REEDY LAKE INFLOW,OFFTAKE
233271,CLARKES CREEK @ D/S DIVERSION WEIR,"37°30'52.5""S","143°55'52.8""E",TRUE,545.124,Barwon,CLARKES CREEK,DIVERSION WEIR
233272,FELLMONGERS CREEK @ GONG GONG RES. H.G.,"37°32'53.4""S","143°55'59.3""E",TRUE,499.958,Barwon,FELLMONGERS CREEK,GONG GONG RES. H.G.
233273,BOUNDARY CREEK @ BARONGAROOK,"38°24'52.8""S","143°38'00.5""E",TRUE,201.326,Barwon,BOUNDARY CREEK,BARONGAROOK
233274,FELLMONGERS CREEK @ U/S GONG GONG RESERVOIR,"37°32'11.0""S","143°56'21.6""E",TRUE,528.054,Barwon,FELLMONGERS CREEK,GONG GONG RESERVOIR
233275,BOUNDARY CREEK @ U/S BIG SWAMP,"38°25'21.7""S","143°41'32.0""E",TRUE,149.837,Barwon,BOUNDARY CREEK,BIG SWAMP
233276,BOUNDARY CREEK @ D/S BIG SWAMP,"38°25'18.4""S","143°42'08.8""E",TRUE,141.972,Barwon,BOUNDARY CREEK,BIG SWAMP
233277,GILES CREEK @ U/S GILES CK DIVERSION,"37°32'36.7""S","143°57'08.5""E",TRUE,552.635,Barwon,GILES CREEK,GILES CK DIVERSION
233278,GILES CREEK @ GILES CK DIVERSION,"37°32'36.7""S","143°57'08.5""E",TRUE,552.635,Barwon,GILES CREEK,GILES CK DIVERSION
233600,LAKE MURDEDUKE,"38°10'57.5""S","143°55'04.2""E",TRUE,82.9,Barwon,LAKE MURDEDUKE,
233601,LAKE WENDOUREE @ BALLARAT,"37°33'00.0""S","143°49'60.0""E",FALSE,451.222,Barwon,LAKE WENDOUREE,BALLARAT
233603,REEDY LAKE @ CONNEWARRE,"38°12'30.5""S","144°25'41.3""E",TRUE,0.903,Barwon,REEDY LAKE,CONNEWARRE
233604,HOSPITAL SWAMP @ CONNEWARRE,"38°13'48.5""S","144°24'01.2""E",TRUE,0.608,Barwon,HOSPITAL SWAMP,CONNEWARRE
233605,GILES CREEK @ KIRKS RESERVOIR H.G,"37°33'08.6""S","143°56'06.8""E",TRUE,500.994,Barwon,GILES CREEK,KIRKS RESERVOIR H.G
233702,LOUGH CALVERT O/FALL CHANNEL @ BULLIVANT RD BRIDGE,"38°14'03.8""S","143°40'36.4""E",FALSE,110.638,Barwon,LOUGH CALVERT O/FALL CHANNEL,BULLIVANT RD BRIDGE
233703,WURDIBOLUC INLET CHANNEL @ EAST BARWON OFFTAKE,"38°30'31.1""S","143°43'52.7""E",TRUE,152.785,Barwon,WURDIBOLUC INLET CHANNEL,EAST BARWON OFFTAKE
233704,CALLAHAN CHANNEL @ OFFTAKE,"38°29'57.5""S","143°45'40.2""E",TRUE,154.692,Barwon,CALLAHAN CHANNEL,OFFTAKE
233706,PINCOTT CHANNEL @ D/S PINCOTT RESERVOIR,"37°32'52.6""S","143°57'08.7""E",TRUE,551.744,Barwon,PINCOTT CHANNEL,PINCOTT RESERVOIR
233707,PINCOTT-WHITE SWAN CHANNEL @ U/S LONG HILL AQUADUCT,"37°32'37.3""S","143°56'44.4""E",TRUE,544.646,Barwon,PINCOTT-WHITE SWAN CHANNEL,LONG HILL AQUADUCT
233708,BEALE-PINCOTT CHANNEL @ KIERCES RD,"37°32'53.2""S","143°58'06.6""E",TRUE,556.447,Barwon,BEALE-PINCOTT CHANNEL,KIERCES RD
233709,MATTHEWS CHANNEL @ SYPHON,"38°25'53.5""S","143°50'04.4""E",TRUE,163.026,Barwon,MATTHEWS CHANNEL,SYPHON
233710,PENNYROYAL CHANNEL @ D/S OF OFFTAKE,"38°24'32.2""S","143°51'29.3""E",TRUE,147.865,Barwon,PENNYROYAL CHANNEL,OFFTAKE
233711,WURDIBOLUC CHANNEL @ 8.5 MILE,"38°26'59.8""S","143°46'45.5""E",TRUE,148.361,Barwon,WURDIBOLUC CHANNEL,8.5 MILE
233712,WURDIBOLUC INLET CHANNEL @ 12 MILE,"38°25'31.9""S","143°48'38.4""E",TRUE,148.38,Barwon,WURDIBOLUC INLET CHANNEL,12 MILE
233713,WURDIBOLUC INLET CHANNEL @ 16 MILE,"38°23'05.7""S","143°49'35.5""E",FALSE,145.623,Barwon,WURDIBOLUC INLET CHANNEL,16 MILE
233714,WURDIBOLUC INLET CHANNEL @ WINCHELSEA-DEAN MARSH RO,"38°19'29.5""S","143°58'21.2""E",FALSE,140.534,Barwon,WURDIBOLUC INLET CHANNEL,WINCHELSEA-DEAN MARSH RO
233715,WBIC @ WURDIBULOC RESERVOIR INLET,"38°18'07.0""S","144°02'04.3""E",TRUE,140.591,Barwon,WBIC,WURDIBULOC RESERVOIR INLET
233716,RAISED BED DRAIN @ LANGLEYS,"38°13'36.4""S","143°54'38.9""E",FALSE,106.397,Barwon,RAISED BED DRAIN,LANGLEYS
233718,BALLARAT STH WASTE WATER TREATMENT PLANT O/FALL,"37°36'43.7""S","143°50'42.2""E",TRUE,385.078,Barwon,MAGPIE,
233723,WURDIBOLUC INLET CHANNEL @ DEWINGS SYPHON,"38°27'48.9""S","143°46'12.4""E",TRUE,149.785,Barwon,WURDIBOLUC INLET CHANNEL,DEWINGS SYPHON
233724,DEWING'S CHANNEL @ WBIC JUNCTION,"38°27'59.5""S","143°46'01.3""E",TRUE,149.331,Barwon,DEWING'S CHANNEL,WBIC JUNCTION
233801,RAIN GAUGE @ (WEST BARWON R) WEST BARWON DAM,"38°31'53.9""S","143°43'10.0""E",TRUE,218.258,Barwon,RAIN GAUGE,(WEST BARWON R) WEST BARWON DAM
233802,RAIN GAUGE @ MOUNT SABINE,"38°37'25.9""S","143°43'46.9""E",TRUE,581.439,Barwon,RAIN GAUGE,MOUNT SABINE
233803,RAIN GAUGE @ MOUNT COWLEY,"38°32'52.3""S","143°51'36.8""E",TRUE,656.275,Barwon,RAIN GAUGE,MOUNT COWLEY
233813,RAIN GAUGE @ BOONAH,"38°24'34.7""S","143°58'40.6""E",TRUE,409.229,Barwon,RAIN GAUGE,BOONAH
233814,RAIN GAUGE @ BENWERIN,"38°29'00.7""S","143°54'49.0""E",TRUE,488.87,Barwon,RAIN GAUGE,BENWERIN
233815,RAIN GAUGE @ BUNINYONG,"37°40'22.2""S","143°56'35.6""E",TRUE,467.353,Barwon,RAIN GAUGE,BUNINYONG
234200,WOADY YALOAK RIVER @ PITFIELD,"37°48'31.8""S","143°35'08.7""E",TRUE,187.874,Corangamite,WOADY YALOAK RIVER,PITFIELD
234201,WOADY YALOAK RIVER @ CRESSY (YARIMA),"38°00'42.7""S","143°38'33.6""E",TRUE,124.879,Corangamite,WOADY YALOAK RIVER,CRESSY (YARIMA)
234203,PIRRON YALLOCK CREEK @ PIRRON YALLOCK (ABOVE H'WY BR.),"38°21'14.0""S","143°25'09.9""E",TRUE,123.898,Corangamite,PIRRON YALLOCK CREEK,PIRRON YALLOCK (ABOVE H'WY BR.)
234204,HAUNTED GULLY @ U/S LAKE GNARPURT,"38°02'27.9""S","143°20'45.9""E",FALSE,127.457,Corangamite,HAUNTED GULLY,LAKE GNARPURT
234205,NO. 1 WATERWAY @ LAKE TERANGPOM,"38°06'46.1""S","143°19'06.3""E",TRUE,122.129,Corangamite,NO. 1 WATERWAY,LAKE TERANGPOM
234206,GNARKEET CHAIN OF PONDS @ FOXHOW,"38°01'12.0""S","143°27'42.0""E",FALSE,123.496,Corangamite,GNARKEET CHAIN OF PONDS,FOXHOW
234209,DEAN CREEK @ LAKE COLAC,"38°20'18.4""S","143°33'30.0""E",TRUE,119.575,Corangamite,DEAN CREEK,LAKE COLAC
234210,BARONGAROOK CREEK @ LAKE COLAC,"38°20'30.0""S","143°35'36.0""E",FALSE,124.276,Corangamite,BARONGAROOK CREEK,LAKE COLAC
234211,BARONGAROOK CREEK @ WALLACE ST COLAC,"38°20'31.9""S","143°35'45.2""E",TRUE,0,Corangamite,BARONGAROOK CREEK,WALLACE ST COLAC
234212,BROWNS WATERHOLES @ D/S LISMORE (URARA),"38°01'06.2""S","143°21'12.9""E",FALSE,121.955,Corangamite,BROWNS WATERHOLES,LISMORE (URARA)
234213,GNARKEET CHAIN OF PONDS @ HAMILTON HWY (BERRYBANK),"37°58'14.6""S","143°28'02.3""E",FALSE,148.027,Corangamite,GNARKEET CHAIN OF PONDS,HAMILTON HWY (BERRYBANK)
234214,SALT CREEK @ ROKEWOOD,"37°52'34.5""S","143°41'07.9""E",FALSE,190.379,Corangamite,SALT CREEK,ROKEWOOD
234215,NARINGHIL CREEK @ U/S WOADY YALOAK RIVER,"37°55'14.6""S","143°34'22.4""E",FALSE,159.431,Corangamite,NARINGHIL CREEK,WOADY YALOAK RIVER
234602,LAKE CORANGAMITE @ LESLIE MANOR,"38°08'54.6""S","143°20'20.3""E",FALSE,119.228,Corangamite,LAKE CORANGAMITE,LESLIE MANOR
234603,LAKE CORANGAMITE @ WOOL WOOL,"38°13'28.5""S","143°24'58.4""E",TRUE,113.209,Corangamite,LAKE CORANGAMITE,WOOL WOOL
234605,LAKE GNARPURT @ GNARPURT,"38°04'14.2""S","143°25'10.4""E",TRUE,121.817,Corangamite,LAKE GNARPURT,GNARPURT
234606,LAKE COLONGULAC @ CAMPERDOWN,"38°11'54.0""S","143°09'00.5""E",TRUE,136.475,Corangamite,LAKE COLONGULAC,CAMPERDOWN
234607,LAKE GNOTUK @ CAMPERDOWN,"38°13'43.4""S","143°05'59.1""E",TRUE,101.582,Corangamite,LAKE GNOTUK,CAMPERDOWN
234608,LAKE BULLEM MERRI @ CAMPERDOWN (SOUTH END),"38°15'39.0""S","143°05'54.7""E",TRUE,141.252,Corangamite,LAKE BULLEM MERRI,CAMPERDOWN (SOUTH END)
234609,LAKE TOOLIOROOK @ LISMORE,"37°58'40.8""S","143°17'03.4""E",TRUE,156.738,Corangamite,LAKE TOOLIOROOK,LISMORE
234610,LAKE BOOKAR @ CAMPERDOWN,"38°08'29.9""S","143°06'19.7""E",TRUE,137.98,Corangamite,LAKE BOOKAR,CAMPERDOWN
234611,LAKE KARIAH @ CAMPERDOWN,"38°10'16.4""S","143°12'49.7""E",TRUE,139.204,Corangamite,LAKE KARIAH,CAMPERDOWN
234612,LAKE COLAC @ COLAC,"38°19'24.0""S","143°36'42.0""E",FALSE,116.339,Corangamite,LAKE COLAC,COLAC
234614,UNNAMED SWAMP @ GEGGIE RD NTH OF MT REBECCA,"38°01'00.0""S","143°43'60.0""E",FALSE,138.228,Corangamite,UNNAMED SWAMP,GEGGIE RD NTH OF MT REBECCA
234615,LAKE CUNDARE @ SOUTH SHORE,"38°09'00.0""S","143°37'00.0""E",FALSE,114.343,Corangamite,LAKE CUNDARE,SOUTH SHORE
234616,LAKE COLAC @ (H.G.) MEREDITH PARK,"38°16'36.1""S","143°37'12.2""E",FALSE,116.741,Corangamite,LAKE COLAC,(H.G.) MEREDITH PARK
234617,LAKE COLAC @ (H.G.) COLAC TOWNSHIP,"38°18'31.9""S","143°34'22.3""E",TRUE,114.702,Corangamite,LAKE COLAC,(H.G.) COLAC TOWNSHIP
234700,WOADY YALOAK CHANNEL @ 7 MILE 37 CHAIN MEASURING WEIR,"38°07'00.3""S","143°43'13.4""E",FALSE,116.476,Corangamite,WOADY YALOAK CHANNEL,7 MILE 37 CHAIN MEASURING WEIR
234701,LAKE COLAC @ OUTFALL MEREDITH PARK,"38°16'35.5""S","143°37'16.2""E",FALSE,117.086,Corangamite,LAKE COLAC,OUTFALL MEREDITH PARK
234801,RAIN GAUGE @ (LAKE COLAC) COLAC,"38°20'19.8""S","143°35'25.0""E",TRUE,127.287,Corangamite,RAIN GAUGE,(LAKE COLAC) COLAC
235200,CARLISLE RIVER @ CARLISLE RIVER,"38°33'30.0""S","143°23'42.0""E",FALSE,41.683,Otway Coast,CARLISLE RIVER,CARLISLE RIVER
235201,CURDIES RIVER @ TIMBOON,"38°28'30.0""S","142°56'30.0""E",FALSE,69.178,Otway Coast,CURDIES RIVER,TIMBOON
235202,GELLIBRAND RIVER @ UPPER GELLIBRAND,"38°33'46.3""S","143°39'22.9""E",TRUE,144.068,Otway Coast,GELLIBRAND RIVER,UPPER GELLIBRAND
235203,CURDIES RIVER @ CURDIE,"38°26'41.9""S","142°57'36.7""E",TRUE,6.254,Otway Coast,CURDIES RIVER,CURDIE
235204,LITTLE AIRE CREEK @ BEECH FOREST,"38°39'17.4""S","143°31'45.1""E",TRUE,406.162,Otway Coast,LITTLE AIRE CREEK,BEECH FOREST
235205,ARKINS CREEK WEST BRANCH @ WYELANGTA,"38°38'22.4""S","143°26'35.3""E",TRUE,341.263,Otway Coast,ARKINS CREEK WEST BRANCH,WYELANGTA
235206,SANDY CREEK @ (LEFT BRANCH) WYELANGTA,"38°38'42.0""S","143°25'06.0""E",FALSE,396.849,Otway Coast,SANDY CREEK,(LEFT BRANCH) WYELANGTA
235207,SANDY CREEK @ (RIGHT BRANCH) WYELANGTA,"38°39'06.0""S","143°25'06.0""E",FALSE,378.222,Otway Coast,SANDY CREEK,(RIGHT BRANCH) WYELANGTA
235208,GELLIBRAND RIVER @ CARLISLE,"38°35'06.0""S","143°19'42.0""E",FALSE,17.086,Otway Coast,GELLIBRAND RIVER,CARLISLE
235209,AIRE RIVER @ BEECH FOREST,"38°40'06.6""S","143°34'52.6""E",TRUE,262.533,Otway Coast,AIRE RIVER,BEECH FOREST
235210,LARDNER CREEK @ GELLIBRAND,"38°32'01.4""S","143°32'39.8""E",TRUE,67.459,Otway Coast,LARDNER CREEK,GELLIBRAND
235211,KENNEDYS CREEK @ KENNEDYS CREEK,"38°35'20.7""S","143°15'23.5""E",TRUE,18.275,Otway Coast,KENNEDYS CREEK,KENNEDYS CREEK
235212,CHAPPLE CREEK @ CHAPPLE VALE,"38°37'54.0""S","143°19'24.0""E",FALSE,40.248,Otway Coast,CHAPPLE CREEK,CHAPPLE VALE
235213,SKINNER CREEK @ CHAPPLE VALE,"38°38'30.0""S","143°18'24.0""E",FALSE,64.204,Otway Coast,SKINNER CREEK,CHAPPLE VALE
235214,BARHAM RIVER @ APOLLO BAY EAST BRANCH,"38°43'42.0""S","143°37'48.0""E",FALSE,49.247,Otway Coast,BARHAM RIVER,APOLLO BAY EAST BRANCH
235215,COORIEMUNGLE CREEK @ COORIEMUNGLE,"38°32'30.0""S","143°04'42.0""E",FALSE,47.581,Otway Coast,COORIEMUNGLE CREEK,COORIEMUNGLE
235216,CUMBERLAND RIVER @ LORNE,"38°34'21.1""S","143°56'49.9""E",TRUE,6.163,Otway Coast,CUMBERLAND RIVER,LORNE
235219,AIRE RIVER @ WYELANGTA,"38°42'11.4""S","143°28'38.3""E",TRUE,164.829,Otway Coast,AIRE RIVER,WYELANGTA
235220,PAINKALAC CREEK @ AIREY'S INLET,"38°27'00.0""S","144°06'00.0""E",FALSE,28.157,Otway Coast,PAINKALAC CREEK,AIREY'S INLET
235221,BARHAM RIVER @ APOLLO BAY WEST BRANCH,"38°46'00.0""S","143°37'48.0""E",FALSE,70.157,Otway Coast,BARHAM RIVER,APOLLO BAY WEST BRANCH
235222,SALT CREEK @ ALCOA,"38°23'22.9""S","144°10'22.8""E",TRUE,5.79,Otway Coast,SALT CREEK,ALCOA
235223,SCOTTS CREEK @ SCOTTS CREEK,"38°26'54.0""S","143°08'42.0""E",FALSE,53.995,Otway Coast,SCOTTS CREEK,SCOTTS CREEK
235224,GELLIBRAND RIVER @ BURRUPA,"38°41'58.7""S","143°14'60.0""E",TRUE,8.161,Otway Coast,GELLIBRAND RIVER,BURRUPA
235225,GELLIBRAND RIVER @ CARLISLE RIVER (PUMPING STATION),"38°33'32.7""S","143°22'03.7""E",TRUE,26.817,Otway Coast,GELLIBRAND RIVER,CARLISLE RIVER (PUMPING STATION)
235226,ST. GEORGE RIVER @ ALLENVALE,"38°33'06.0""S","143°57'24.0""E",FALSE,127.255,Otway Coast,ST. GEORGE RIVER,ALLENVALE
235227,GELLIBRAND RIVER @ BUNKERS HILL,"38°31'26.8""S","143°28'58.4""E",TRUE,52.399,Otway Coast,GELLIBRAND RIVER,BUNKERS HILL
235228,GELLIBRAND RIVER @ GELLIBRAND,"38°32'00.0""S","143°33'00.0""E",FALSE,70.994,Otway Coast,GELLIBRAND RIVER,GELLIBRAND
235229,FORD RIVER @ GLENAIRE,"38°45'18.0""S","143°25'54.0""E",FALSE,39.426,Otway Coast,FORD RIVER,GLENAIRE
235231,GELLIBRAND RIVER @ RAFFERTYS LANE GELLIBRAND,"38°31'46.5""S","143°33'47.3""E",TRUE,76.743,Otway Coast,GELLIBRAND RIVER,RAFFERTYS LANE GELLIBRAND
235232,PAINKALAC CREEK @ PAINKALAC CREEK DAM,"38°26'31.5""S","144°04'13.9""E",TRUE,22.961,Otway Coast,PAINKALAC CREEK,PAINKALAC CREEK DAM
235233,BARHAM RIVER @ APOLLO BAY PARADISE EAST BRANCH,"38°45'18.1""S","143°37'29.9""E",TRUE,20.347,Otway Coast,BARHAM RIVER,APOLLO BAY PARADISE EAST BRANCH
235234,LOVE CREEK @ GELLIBRAND,"38°28'59.4""S","143°34'18.5""E",TRUE,93.986,Otway Coast,LOVE CREEK,GELLIBRAND
235236,GELLIBRAND RIVER @ D/S OF DAM SITE G5A,"38°31'48.0""S","143°36'24.0""E",FALSE,98.366,Otway Coast,GELLIBRAND RIVER,DAM SITE G5A
235237,SCOTTS CREEK @ CURDIE (DIGNEYS BRIDGE),"38°26'51.7""S","142°59'19.7""E",TRUE,7.657,Otway Coast,SCOTTS CREEK,CURDIE (DIGNEYS BRIDGE)
235239,TEN MILE CREEK @ KAWARREN,"38°27'35.2""S","143°35'50.0""E",TRUE,141.539,Otway Coast,TEN MILE CREEK,KAWARREN
235240,YAHOO CREEK @ KAWARREN,"38°28'39.0""S","143°35'01.9""E",TRUE,99.443,Otway Coast,YAHOO CREEK,KAWARREN
235241,PORCUPINE CREEK @ KAWARREN,"38°28'43.2""S","143°36'23.3""E",FALSE,111.282,Otway Coast,PORCUPINE CREEK,KAWARREN
235242,ST. GEORGE RIVER @ U/S MELBA FALLS,"38°32'09.3""S","143°54'25.9""E",FALSE,290.766,Otway Coast,ST. GEORGE RIVER,MELBA FALLS
235243,ERSKINE RIVER @ LORNE,"38°30'39.8""S","143°55'40.7""E",FALSE,256.548,Otway Coast,ERSKINE RIVER,LORNE
235249,WEST GELLIBRAND RESERVOIR @ SPILLWAY,"38°35'56.4""S","143°39'12.0""E",TRUE,331.148,Otway Coast,WEST GELLIBRAND RESERVOIR,SPILLWAY
235250,OLANGOLAH WEIR @ SPILLWAY,"38°36'43.2""S","143°40'55.7""E",TRUE,352.72,Otway Coast,OLANGOLAH WEIR,SPILLWAY
235255,THOMPSON CREEK @ GHAZEEPORE,"38°16'12.3""S","144°17'37.1""E",TRUE,21.916,Otway Coast,THOMPSON CREEK,GHAZEEPORE
235256,ST. GEORGE RIVER @ ALLENVALE RESERVOIR (H.G.),"38°32'16.6""S","143°56'41.7""E",TRUE,117.233,Otway Coast,ST. GEORGE RIVER,ALLENVALE RESERVOIR (H.G.)
235257,PAINKALAC CREEK @ U/S PAINKALAC DAM,"38°26'10.3""S","144°02'45.6""E",TRUE,47.243,Otway Coast,PAINKALAC CREEK,PAINKALAC DAM
235258,GELLIBRAND RIVER @ D/S SOUTH OTWAY PUMPS BRIDGE,"38°38'04.8""S","143°15'51.0""E",TRUE,11.54,Otway Coast,GELLIBRAND RIVER,SOUTH OTWAY PUMPS BRIDGE
235260,ANGLESEA RIVER @ ALCOA,"38°23'09.7""S","144°10'38.9""E",TRUE,14.946,Otway Coast,ANGLESEA RIVER,ALCOA
235264,PAINKALAC CREEK @ PAINKALAC RES. H.G.,"38°26'33.1""S","144°04'02.0""E",TRUE,31.644,Otway Coast,PAINKALAC CREEK,PAINKALAC RES. H.G.
235265,MARINGO BASIN @ MARINGO RES. H.G.,"38°46'45.2""S","143°39'20.5""E",TRUE,48.671,Otway Coast,MARINGO BASIN,MARINGO RES. H.G.
235266,GELLIBRAND RIVER @ D/S WEST GELLIBRAND DAM,"38°35'34.2""S","143°39'16.7""E",TRUE,321.684,Otway Coast,GELLIBRAND RIVER,WEST GELLIBRAND DAM
235267,OLANGOLAH CREEK @ D/S OLANGOLAH RESERVOIR,"38°36'34.0""S","143°40'49.7""E",TRUE,341.773,Otway Coast,OLANGOLAH CREEK,OLANGOLAH RESERVOIR
235268,CURDIES RIVER @ PETERBOROUGH,"38°33'49.7""S","142°51'46.8""E",TRUE,1.011,Otway Coast,CURDIES RIVER,PETERBOROUGH
235269,GELLIBRAND RIVER @ PRINCETOWN,"38°41'48.0""S","143°09'18.6""E",TRUE,0.027,Otway Coast,GELLIBRAND RIVER,PRINCETOWN
235270,UPPER ANGLESEA RIVER @ (V-NOTCH) AARC,"38°19'49.9""S","144°06'22.0""E",TRUE,75.551,Otway Coast,UPPER ANGLESEA RIVER,(V-NOTCH) AARC
235271,UPPER ANGLESEA RIVER @ (POOL) AARC,"38°19'47.6""S","144°06'07.2""E",TRUE,80.074,Otway Coast,UPPER ANGLESEA RIVER,(POOL) AARC
235272,ANGLESEA WETLANDS @ ALLARDYLE TRACK,"38°22'54.6""S","144°10'21.8""E",TRUE,13.356,Otway Coast,ANGLESEA WETLANDS,ALLARDYLE TRACK
235273,BREAKFAST CREEK @ BRIDGE ON BREAKFAST CREEK ROAD,"38°22'57.1""S","144°03'45.8""E",TRUE,87.116,Otway Coast,BREAKFAST CREEK,BRIDGE ON BREAKFAST CREEK ROAD
235274,BREAKFAST CREEK @ V-NOTCH,"38°22'40.5""S","144°03'24.3""E",TRUE,96.478,Otway Coast,BREAKFAST CREEK,V-NOTCH
235275,SALT CREEK @ (POOL) ABOVE SWAMP DENHAM TRACK,"38°23'25.8""S","144°05'12.7""E",TRUE,59.82,Otway Coast,SALT CREEK,(POOL) ABOVE SWAMP DENHAM TRACK
235276,SALT CREEK @ DENHAMS TRACK,"38°23'25.8""S","144°05'11.3""E",TRUE,60.169,Otway Coast,SALT CREEK,DENHAMS TRACK
235277,ANGLESEA RIVER @ GUMFLATS ROAD,"38°20'44.2""S","144°08'53.8""E",TRUE,39.596,Otway Coast,ANGLESEA RIVER,GUMFLATS ROAD
235278,ANGLESEA RIVER @ GREAT OCEAN ROAD BRIDGE,"38°24'18.3""S","144°11'10.1""E",TRUE,1.893,Otway Coast,ANGLESEA RIVER,GREAT OCEAN ROAD BRIDGE
235279,APOLLO BAY BASIN,"38°45'54.6""S","143°39'13.1""E",TRUE,14.368,Otway Coast,APOLLO BAY BASIN,
235280,ANGLESEA SWAMP @ VEGETATION SITE P7 TRANSECT,"38°21'28.0""S","144°10'19.4""E",TRUE,34.266,Otway Coast,ANGLESEA SWAMP,VEGETATION SITE P7 TRANSECT
235282,CURDIES RIVER @ COBDEN-STONEYFORD ROAD,"38°20'36.3""S","143°08'32.4""E",TRUE,79.167,Otway Coast,CURDIES RIVER,COBDEN-STONEYFORD ROAD
235283,AIRE RIVER @ HORDEN VALE,"38°48'07.4""S","143°28'39.7""E",TRUE,1.642,Otway Coast,AIRE RIVER,HORDEN VALE
235285,PAINKALAC CREEK @ GREAT OCEAN RD BRIDGE,"38°27'52.6""S","144°05'40.5""E",TRUE,0,Otway Coast,PAINKALAC CREEK,GREAT OCEAN RD BRIDGE
235600,LAKE PURRUMBETE @ CAMPERDOWN,"38°17'33.1""S","143°13'13.3""E",TRUE,133.892,Otway Coast,LAKE PURRUMBETE,CAMPERDOWN
235602,LAKE ELINGAMITE @ COBDEN,"38°21'00.0""S","143°00'50.5""E",FALSE,126.23,Otway Coast,LAKE ELINGAMITE,COBDEN
235801,RAIN GAUGE @ AV2,"38°23'22.7""S","144°10'22.5""E",TRUE,14.946,Otway Coast,RAIN GAUGE,AV2
235805,RAIN GAUGE @ AARC,"38°20'12.3""S","144°06'15.5""E",TRUE,167.541,Otway Coast,RAIN GAUGE,AARC
235806,RAIN GAUGE @ BREAKFAST CREEK,"38°23'02.4""S","144°03'41.4""E",TRUE,104.787,Otway Coast,RAIN GAUGE,BREAKFAST CREEK
236200,HOPKINS RIVER @ ALLANSFORD,"38°23'00.0""S","142°34'60.0""E",FALSE,16.473,Hopkins,HOPKINS RIVER,ALLANSFORD
236202,HOPKINS RIVER @ WICKLIFFE,"37°41'38.5""S","142°43'32.1""E",TRUE,200.903,Hopkins,HOPKINS RIVER,WICKLIFFE
236203,MOUNT EMU CREEK @ SKIPTON,"37°41'15.7""S","143°21'36.2""E",TRUE,272.981,Hopkins,MOUNT EMU CREEK,SKIPTON
236204,FIERY CREEK @ STREATHAM,"37°40'49.9""S","143°03'56.5""E",TRUE,238.663,Hopkins,FIERY CREEK,STREATHAM
236205,MERRI RIVER @ WOODFORD,"38°19'00.8""S","142°28'59.1""E",TRUE,13.676,Hopkins,MERRI RIVER,WOODFORD
236208,MOUNT EMU CREEK @ CUDGEE,"38°19'30.0""S","142°39'00.0""E",FALSE,46.934,Hopkins,MOUNT EMU CREEK,CUDGEE
236209,HOPKINS RIVER @ HOPKINS FALLS,"38°20'07.6""S","142°37'30.7""E",TRUE,26.069,Hopkins,HOPKINS RIVER,HOPKINS FALLS
236210,HOPKINS RIVER @ FRAMLINGHAM,"38°14'37.7""S","142°42'10.9""E",TRUE,94.242,Hopkins,HOPKINS RIVER,FRAMLINGHAM
236211,MOUNT EMU CREEK @ GARVOC,"38°18'52.7""S","142°48'59.1""E",FALSE,101.122,Hopkins,MOUNT EMU CREEK,GARVOC
236212,BRUCKNELL CREEK @ CUDGEE,"38°20'45.5""S","142°39'06.9""E",TRUE,18.612,Hopkins,BRUCKNELL CREEK,CUDGEE
236213,MOUNT EMU CREEK @ MENA PARK,"37°31'49.4""S","143°27'54.6""E",TRUE,352.846,Hopkins,MOUNT EMU CREEK,MENA PARK
236214,MUSTON CREEK @ HEXHAM,"38°02'00.0""S","142°39'30.0""E",FALSE,126.905,Hopkins,MUSTON CREEK,HEXHAM
236215,BURRUMBEET CREEK @ LAKE BURRUMBEET,"37°31'28.3""S","143°40'32.0""E",TRUE,383.004,Hopkins,BURRUMBEET CREEK,LAKE BURRUMBEET
236216,MOUNT EMU CREEK @ TAROON (AYRFORD ROAD BRIDGE),"38°18'20.1""S","142°52'52.6""E",TRUE,96.863,Hopkins,MOUNT EMU CREEK,TAROON (AYRFORD ROAD BRIDGE)
236217,MERRI RIVER @ WARRNAMBOOL,"38°22'30.0""S","142°26'24.0""E",FALSE,3.643,Hopkins,MERRI RIVER,WARRNAMBOOL
236218,MERRI RIVER @ DENNINGTON,"38°21'24.0""S","142°26'06.0""E",FALSE,11.474,Hopkins,MERRI RIVER,DENNINGTON
236219,HOPKINS RIVER @ ARARAT,"37°18'56.8""S","142°56'29.1""E",TRUE,283.315,Hopkins,HOPKINS RIVER,ARARAT
236223,BOGGY CREEK @ STAVELY,"37°33'24.0""S","142°40'42.0""E",FALSE,240.153,Hopkins,BOGGY CREEK,STAVELY
236228,MUSICAL GULLY CREEK @ MUSICAL GULLY RESERVOIR H.G.,"37°22'40.6""S","143°22'44.7""E",TRUE,443.197,Hopkins,MUSICAL GULLY CREEK,MUSICAL GULLY RESERVOIR H.G.
236229,YAM HOLES CREEK @ D/S BEAUFORT,"37°25'18.5""S","143°24'25.4""E",FALSE,382.192,Hopkins,YAM HOLES CREEK,BEAUFORT
236230,LONG GULLY CREEK @ THE GLUT,"37°17'35.9""S","143°15'47.2""E",TRUE,638.75,Hopkins,LONG GULLY CREEK,THE GLUT
236231,CAVE HILL @ MOUNT COLE,"37°18'17.1""S","143°16'13.7""E",TRUE,515.963,Hopkins,CAVE HILL,MOUNT COLE
236232,SIDESPRING CREEK @ MT COLE,"37°17'28.7""S","143°16'05.0""E",TRUE,473.737,Hopkins,SIDESPRING CREEK,MT COLE
236238,MOUNT EMU CREEK @ GUTHRIES BRIDGE,"37°38'43.3""S","143°28'58.4""E",TRUE,329.242,Hopkins,MOUNT EMU CREEK,GUTHRIES BRIDGE
236249,RUSSELLS CREEK @ MORTLAKE RD,"38°22'21.9""S","142°29'34.0""E",TRUE,8.598,Hopkins,RUSSELLS CREEK,MORTLAKE RD
236251,STONY CREEK @ MORTLAKE,"38°08'06.0""S","142°48'37.0""E",TRUE,0,Hopkins,STONY CREEK,MORTLAKE
236600,LAKE BOLAC @ LAKE BOLAC,"37°43'19.5""S","142°50'21.8""E",TRUE,213.912,Hopkins,LAKE BOLAC,LAKE BOLAC
236601,LAKE LEARMONTH @ LEARMONTH,"37°26'18.7""S","143°43'22.1""E",FALSE,408.441,Hopkins,LAKE LEARMONTH,LEARMONTH
236602,LAKE BURRUMBEET @ BURRUMBEET,"37°29'26.3""S","143°40'07.3""E",TRUE,379.166,Hopkins,LAKE BURRUMBEET,BURRUMBEET
236603,LAKE GOLDSMITH @ BEAUFORT,"37°33'27.0""S","143°21'44.0""E",FALSE,349.993,Hopkins,LAKE GOLDSMITH,BEAUFORT
236606,LAKE BUNINJON @ CALVERT,"37°29'14.3""S","142°47'08.8""E",TRUE,237.943,Hopkins,LAKE BUNINJON,CALVERT
236609,LAKE CARTCARRONG @ WINSLOW,"38°14'33.6""S","142°27'19.4""E",FALSE,75.264,Hopkins,LAKE CARTCARRONG,WINSLOW
236610,CHINAMAN SWAMP @ WESTMERE,"37°41'28.7""S","143°00'33.3""E",TRUE,234.387,Hopkins,CHINAMAN SWAMP,WESTMERE
236611,MYUNA LANE SWAMP @ WOORNDOO,"37°48'47.9""S","142°45'53.2""E",TRUE,200.012,Hopkins,MYUNA LANE SWAMP,WOORNDOO
236800,WARRNAMBOOL WEATHER STATION,"38°23'37.4""S","142°27'34.8""E",FALSE,7.51,Hopkins,WARRNAMBOOL,
236805,CAVE HILL @ CAVE HILL,"37°18'09.8""S","143°16'58.2""E",TRUE,435.047,Hopkins,CAVE HILL,CAVE HILL
236808,RAIN GAUGE @ WANGOOM RD,"38°20'54.2""S","142°33'33.0""E",TRUE,45.975,Hopkins,RAIN GAUGE,WANGOOM RD
236809,RAIN GAUGE @ ABERLINE RD,"38°22'06.3""S","142°31'00.7""E",TRUE,23.86,Hopkins,RAIN GAUGE,ABERLINE RD
237200,MOYNE RIVER @ TOOLONG,"38°19'11.7""S","142°13'35.1""E",TRUE,11.474,Portland Coast,MOYNE RIVER,TOOLONG
237202,FITZROY RIVER @ HEYWOOD,"38°07'33.0""S","141°37'11.5""E",TRUE,25.985,Portland Coast,FITZROY RIVER,HEYWOOD
237204,DARLOT CREEK @ LAKE CONDAH BRIDGE,"38°03'00.0""S","141°49'30.0""E",FALSE,56.127,Portland Coast,DARLOT CREEK,LAKE CONDAH BRIDGE
237205,DARLOT CREEK @ HOMERTON BRIDGE,"38°09'01.5""S","141°46'10.5""E",TRUE,21.364,Portland Coast,DARLOT CREEK,HOMERTON BRIDGE
237206,EUMERALLA RIVER @ CODRINGTON,"38°15'26.9""S","141°56'39.7""E",TRUE,12.345,Portland Coast,EUMERALLA RIVER,CODRINGTON
237207,SURRY RIVER @ HEATHMERE,"38°14'36.4""S","141°39'47.6""E",TRUE,5.555,Portland Coast,SURRY RIVER,HEATHMERE
237208,MOYNE RIVER @ WILLATOOK,"38°09'46.3""S","142°15'23.9""E",TRUE,60.887,Portland Coast,MOYNE RIVER,WILLATOOK
237209,DARLOT CREEK @ MYAMYN,"38°02'05.0""S","141°49'13.4""E",FALSE,53.167,Portland Coast,DARLOT CREEK,MYAMYN
237221,MOYNE RIVER @ GIPPS STREET BRIDGE PORT FAIRY,"38°22'49.7""S","142°14'29.0""E",TRUE,0.862,Portland Coast,MOYNE RIVER,GIPPS STREET BRIDGE PORT FAIRY
237600,LAKE CONDAH @ LAKE CONDAH,"38°04'04.8""S","141°49'51.9""E",FALSE,55.4,Portland Coast,LAKE CONDAH,LAKE CONDAH
237602,BRIDGEWATER LAKE @ BRIDGEWATER,"38°19'00.0""S","141°24'00.0""E",FALSE,4.688,Portland Coast,BRIDGEWATER LAKE,BRIDGEWATER
237603,TOWER HILL LAKE WEST @ CONCOURSE,"38°19'00.0""S","142°21'00.0""E",FALSE,3.292,Portland Coast,TOWER HILL LAKE WEST,CONCOURSE
237801,RAIN GAUGE @ GERRIGERUP,"38°00'24.9""S","142°13'02.3""E",TRUE,177.453,Portland Coast,RAIN GAUGE,GERRIGERUP
238200,GLENELG RIVER @ MOORA MOORA,"37°11'00.0""S","142°18'30.0""E",FALSE,212.32,Glenelg,GLENELG RIVER,MOORA MOORA
238201,GLENELG RIVER @ BALMORAL,"37°14'55.0""S","141°50'40.4""E",FALSE,176.298,Glenelg,GLENELG RIVER,BALMORAL
238202,GLENELG RIVER @ SANDFORD,"37°37'08.5""S","141°25'44.7""E",TRUE,40.419,Glenelg,GLENELG RIVER,SANDFORD
238204,WANNON RIVER @ DUNKELD,"37°37'51.9""S","142°20'09.9""E",TRUE,222.111,Glenelg,WANNON RIVER,DUNKELD
238205,GLENELG RIVER @ ROCKLANDS RESERVOIR,"37°14'11.1""S","141°57'13.5""E",TRUE,181.035,Glenelg,GLENELG RIVER,ROCKLANDS RESERVOIR
238206,GLENELG RIVER @ DARTMOOR,"37°55'29.0""S","141°16'52.3""E",TRUE,12.618,Glenelg,GLENELG RIVER,DARTMOOR
238207,WANNON RIVER @ JIMMY CREEK,"37°22'17.3""S","142°30'10.9""E",TRUE,302.157,Glenelg,WANNON RIVER,JIMMY CREEK
238208,JIMMY CREEK @ JIMMY CREEK,"37°22'22.2""S","142°30'29.9""E",TRUE,310.455,Glenelg,JIMMY CREEK,JIMMY CREEK
238210,GLENELG RIVER @ HARROW,"37°10'14.8""S","141°35'23.5""E",TRUE,98.793,Glenelg,GLENELG RIVER,HARROW
238211,GLENELG RIVER @ DERGHOLM,"37°22'00.2""S","141°14'33.9""E",TRUE,68.098,Glenelg,GLENELG RIVER,DERGHOLM
238212,GLENELG RIVER @ CASTERTON,"37°34'56.7""S","141°24'32.2""E",TRUE,44.023,Glenelg,GLENELG RIVER,CASTERTON
238214,SECOND WANNON CREEK @ DIVERSION POINT,"37°19'00.0""S","142°32'30.0""E",FALSE,450.774,Glenelg,SECOND WANNON CREEK,DIVERSION POINT
238215,WANNON RIVER @ FOUR POSTS,"37°39'30.0""S","141°57'00.0""E",FALSE,173.019,Glenelg,WANNON RIVER,FOUR POSTS
238216,WANNON RIVER @ CAVENDISH,"37°31'00.0""S","142°03'30.0""E",FALSE,199.707,Glenelg,WANNON RIVER,CAVENDISH
238217,CRAWFORD RIVER @ WINNAP,"37°56'00.0""S","141°19'30.0""E",FALSE,41.38,Glenelg,CRAWFORD RIVER,WINNAP
238218,WANNON RIVER @ WANNON FALLS,"37°40'26.3""S","141°50'26.5""E",TRUE,123.71,Glenelg,WANNON RIVER,WANNON FALLS
238219,GRANGE BURN @ MORGIANA,"37°42'31.5""S","141°49'57.2""E",TRUE,77.971,Glenelg,GRANGE BURN,MORGIANA
238220,DUNDAS RIVER @ CAVENDISH,"37°31'31.1""S","142°00'13.2""E",TRUE,197.66,Glenelg,DUNDAS RIVER,CAVENDISH
238221,DWYER CREEK @ MIRRANATWA,"37°29'57.6""S","142°19'12.9""E",FALSE,219.508,Glenelg,DWYER CREEK,MIRRANATWA
238222,WANNON RIVER @ SANDFORD,"37°37'30.0""S","141°27'00.0""E",FALSE,71.591,Glenelg,WANNON RIVER,SANDFORD
238223,WANDO RIVER @ WANDO VALE,"37°29'45.4""S","141°25'33.5""E",TRUE,66.334,Glenelg,WANDO RIVER,WANDO VALE
238224,GLENELG RIVER @ FULHAM BRIDGE,"37°08'52.3""S","141°51'00.9""E",TRUE,152.886,Glenelg,GLENELG RIVER,FULHAM BRIDGE
238225,WANNON RIVER @ BURRAH,"37°30'30.0""S","142°25'06.0""E",FALSE,261.451,Glenelg,WANNON RIVER,BURRAH
238226,MATHER CREEK @ PIGEON PONDS,"37°18'00.0""S","141°44'30.0""E",FALSE,222.184,Glenelg,MATHER CREEK,PIGEON PONDS
238227,DWYER CREEK @ KILLARA,"37°42'30.0""S","141°25'60.0""E",FALSE,116.354,Glenelg,DWYER CREEK,KILLARA
238228,WANNON RIVER @ HENTY,"37°38'42.5""S","141°30'20.2""E",TRUE,50.037,Glenelg,WANNON RIVER,HENTY
238229,CHETWYND RIVER @ CHETWYND,"37°19'17.3""S","141°28'50.7""E",TRUE,156.488,Glenelg,CHETWYND RIVER,CHETWYND
238230,STOKES RIVER @ TEAKETTLE,"37°52'10.8""S","141°24'35.8""E",TRUE,54.56,Glenelg,STOKES RIVER,TEAKETTLE
238231,GLENELG RIVER @ BIG CORD,"37°18'44.2""S","142°22'02.0""E",TRUE,244.471,Glenelg,GLENELG RIVER,BIG CORD
238233,MOLESIDE CREEK @ KENTBRUCK,"38°04'30.0""S","141°18'00.0""E",FALSE,33.756,Glenelg,MOLESIDE CREEK,KENTBRUCK
238234,PIGEON PONDS CREEK @ KOOLOMERT,"37°18'36.0""S","141°33'24.0""E",FALSE,203.182,Glenelg,PIGEON PONDS CREEK,KOOLOMERT
238235,CRAWFORD RIVER @ LOWER CRAWFORD,"37°58'48.3""S","141°27'16.7""E",TRUE,43.239,Glenelg,CRAWFORD RIVER,LOWER CRAWFORD
238236,GLENELG RIVER @ ROCKLANDS RESERVOIR (HEAD GAUGE),"37°14'04.2""S","141°57'32.4""E",TRUE,180.209,Glenelg,GLENELG RIVER,ROCKLANDS RESERVOIR (HEAD GAUGE)
238237,MOORA MOORA CREEK @ MOORA MOORA RESERVOIR (H. GAUGE),"37°13'14.6""S","142°24'37.9""E",TRUE,220,Glenelg,MOORA MOORA CREEK,MOORA MOORA RESERVOIR (H. GAUGE)
238238,HENTY CREEK @ HENTY,"37°39'42.0""S","141°31'12.0""E",FALSE,56.678,Glenelg,HENTY CREEK,HENTY
238242,NEYLONS CREEK @ WANDO HEIGHTS,"37°24'41.0""S","141°36'40.8""E",FALSE,280.588,Glenelg,NEYLONS CREEK,WANDO HEIGHTS
238244,SURFACE RUNOFF @ NEYLONS PLOT NO 1 (MIDDLE),"37°24'28.0""S","141°36'36.6""E",FALSE,298.324,Glenelg,SURFACE RUNOFF,NEYLONS PLOT NO 1 (MIDDLE)
238245,SURFACE RUNOFF @ NEYLONS PLOT NO 2 (EAST),"37°24'28.0""S","141°36'36.6""E",FALSE,298.324,Glenelg,SURFACE RUNOFF,NEYLONS PLOT NO 2 (EAST)
238246,SURFACE RUNOFF @ NEYLONS PLOT NO 3 (WEST),"37°24'28.0""S","141°36'36.6""E",FALSE,298.324,Glenelg,SURFACE RUNOFF,NEYLONS PLOT NO 3 (WEST)
238249,GLENELG RIVER @ D/S BURKES BRIDGE,"37°14'16.9""S","141°20'34.5""E",TRUE,79.272,Glenelg,GLENELG RIVER,BURKES BRIDGE
238257,GLENELG RIVER @ WEAVERS,"37°15'04.6""S","141°52'04.6""E",TRUE,171.893,Glenelg,GLENELG RIVER,WEAVERS
238266,MUDDY CREEK @ HENTY HIGHWAY,"37°46'22.6""S","141°57'44.9""E",TRUE,156.848,Glenelg,MUDDY CREEK,HENTY HIGHWAY
238600,LAKE LINLITHGOW @ PENHURST,"37°46'03.9""S","142°12'50.7""E",TRUE,209.931,Glenelg,LAKE LINLITHGOW,PENHURST
238601,BRADY SWAMP @ GLENTHOMPSON,"37°36'25.1""S","142°27'09.8""E",TRUE,248.952,Glenelg,BRADY SWAMP,GLENTHOMPSON
238602,TULLICH SWAMP @ TULLICH (SOUTH-EAST ACCESS TRACK),"37°31'60.0""S","141°12'00.0""E",FALSE,77.335,Glenelg,TULLICH SWAMP,TULLICH (SOUTH-EAST ACCESS TRACK)
238603,CHURCH SWAMP @ SOUTH-WEST ACCESS TRACK,"37°45'00.0""S","141°04'60.0""E",FALSE,66.184,Glenelg,CHURCH SWAMP,SOUTH-WEST ACCESS TRACK
238604,BRYANS SWAMP @ VICTORIA VALLEY,"37°34'17.4""S","142°15'36.8""E",TRUE,209.593,Glenelg,BRYANS SWAMP,VICTORIA VALLEY
238700,ROCKLANDS CHANNEL @ ROCKLANDS RESERVOIR,"37°14'03.4""S","141°57'28.3""E",TRUE,185.25,Glenelg,ROCKLANDS CHANNEL,ROCKLANDS RESERVOIR
238701,MOORA CHANNEL @ 9.3 KM. OFFTAKE,"37°11'52.1""S","142°20'28.3""E",FALSE,214.162,Glenelg,MOORA CHANNEL,9.3 KM. OFFTAKE
238702,MOORA OUTLET CHANNEL @ MOORA RESERVOIR,"37°13'32.4""S","142°24'33.7""E",TRUE,220.009,Glenelg,MOORA OUTLET CHANNEL,MOORA RESERVOIR
238704,MOORA CHANNEL @ BURNS SWAMP,"37°00'00.0""S","142°16'00.0""E",FALSE,184.124,Glenelg,MOORA CHANNEL,BURNS SWAMP
238705,ROCKLANDS CHANNEL @ 13 KM. SITE,"37°10'12.0""S","141°56'12.0""E",FALSE,164.326,Glenelg,ROCKLANDS CHANNEL,13 KM. SITE
238706,ROCKLANDS CHANNEL @ D/S MT TALBOT CK OUTFALL,"37°02'00.0""S","141°58'48.0""E",FALSE,168.226,Glenelg,ROCKLANDS CHANNEL,MT TALBOT CK OUTFALL
238707,ROCKLANDS CHANNEL @ TOOLONDO LAKE INLET,"36°59'29.8""S","141°56'26.4""E",FALSE,166.718,Glenelg,ROCKLANDS CHANNEL,TOOLONDO LAKE INLET
238708,ROCKLANDS CHANNEL @ D/S MT. TALBOT CK OUTFALL (PDC),"37°02'00.0""S","141°58'48.0""E",FALSE,168.226,Glenelg,ROCKLANDS CHANNEL,MT. TALBOT CK OUTFALL (PDC)
238709,NEYLONS TILE DRAIN @ WANDO HEIGHTS,"37°24'28.0""S","141°36'36.6""E",FALSE,298.324,Glenelg,NEYLONS TILE DRAIN,WANDO HEIGHTS
238710,LYONS TILE DRAINAGE @ GATUM,"37°24'29.3""S","141°57'49.8""E",FALSE,230,Glenelg,LYONS TILE DRAINAGE,GATUM
238711,ROCKLANDS CHANNEL @ OUTFALL MT TALBOT CREEK,"37°01'55.5""S","141°58'54.5""E",TRUE,168.09,Glenelg,ROCKLANDS CHANNEL,OUTFALL MT TALBOT CREEK
238716,MOORA CHANNEL @ BRIMPAEN,"37°06'14.5""S","142°14'40.9""E",FALSE,216.186,Glenelg,MOORA CHANNEL,BRIMPAEN
238720,MOORA CHANNEL @ BRIMPEAN - LAHARUM RD,"37°02'13.2""S","142°15'58.8""E",TRUE,212.446,Glenelg,MOORA CHANNEL,BRIMPEAN - LAHARUM RD
238802,WEATHER STATION @ ROCKLANDS RESERVOIR,"37°14'01.3""S","141°57'34.3""E",TRUE,188.535,Glenelg,WEATHER STATION,ROCKLANDS RESERVOIR
239200,LAKE CHARLEGRARK @ (INFLOW) BOOROOPKI,"36°46'30.0""S","141°14'24.0""E",FALSE,132.314,Millicent,LAKE CHARLEGRARK,(INFLOW) BOOROOPKI
239201,LAKE CHARLEGRARK @ (HEAD GAUGE) BOOROOPKI,"36°45'58.9""S","141°14'11.9""E",TRUE,127.647,Millicent,LAKE CHARLEGRARK,(HEAD GAUGE) BOOROOPKI
239202,LAKE CHARLEGRARK @(OUTFLOW) BOOROOPKI,"36°44'42.0""S","141°13'54.0""E",FALSE,130.109,Millicent,LAKE CHARLEGRARK,(OUTFLOW) BOOROOPKI
239600,MORTAT SWAMP @ EASTERN SHORE,"36°43'00.0""S","141°22'60.0""E",FALSE,138.943,Millicent,MORTAT SWAMP,EASTERN SHORE
239601,RED GUM SWAMP @ EASTERN SHORE,"36°46'00.0""S","141°31'00.0""E",FALSE,177.642,Millicent,RED GUM SWAMP,EASTERN SHORE
239602,WHITE LAKE @ NORTH SHORE,"37°04'00.0""S","141°45'00.0""E",FALSE,147.25,Millicent,WHITE LAKE,NORTH SHORE
401200,MITTA MITTA RIVER @ TALLANGATTA,"36°12'48.0""S","147°14'24.0""E",FALSE,191.436,Upper Murray,MITTA MITTA RIVER,TALLANGATTA
401201,MURRAY RIVER @ JINGELLIC,"35°55'53.1""S","147°42'41.4""E",TRUE,209.809,Upper Murray,MURRAY RIVER,JINGELLIC
401203,MITTA MITTA RIVER @ HINNOMUNJIE,"36°56'45.5""S","147°36'20.5""E",TRUE,539.8,Upper Murray,MITTA MITTA RIVER,HINNOMUNJIE
401204,MITTA MITTA RIVER @ TALLANDOON,"36°24'27.1""S","147°13'52.4""E",TRUE,222.315,Upper Murray,MITTA MITTA RIVER,TALLANDOON
401205,TALLANGATTA CREEK @ TALLANGATTA,"36°11'30.0""S","147°16'30.0""E",FALSE,192.347,Upper Murray,TALLANGATTA CREEK,TALLANGATTA
401206,LITTLE KOETONG CREEK @ BURROWYE,"36°00'30.0""S","147°33'00.0""E",FALSE,264.311,Upper Murray,LITTLE KOETONG CREEK,BURROWYE
401207,BURROWYE CREEK @ BURROWYE,"36°02'00.0""S","147°33'00.0""E",FALSE,309.198,Upper Murray,BURROWYE CREEK,BURROWYE
401208,CUDGEWA CREEK @ BERRINGAMA,"36°12'42.8""S","147°40'39.9""E",TRUE,370.985,Upper Murray,CUDGEWA CREEK,BERRINGAMA
401209,LIVINGSTONE CREEK @ OMEO,"37°06'42.0""S","147°34'18.0""E",FALSE,689.292,Upper Murray,LIVINGSTONE CREEK,OMEO
401210,SNOWY CREEK @ BELOW GRANITE FLAT,"36°34'06.7""S","147°24'48.2""E",TRUE,309.241,Upper Murray,SNOWY CREEK,BELOW GRANITE FLAT
401211,MITTA MITTA RIVER @ COLEMANS,"36°31'52.4""S","147°27'23.6""E",TRUE,303.322,Upper Murray,MITTA MITTA RIVER,COLEMANS
401212,NARIEL CREEK @ UPPER NARIEL,"36°26'42.0""S","147°49'46.2""E",TRUE,493.306,Upper Murray,NARIEL CREEK,UPPER NARIEL
401213,MITTA MITTA RIVER @ DARTMOUTH,"36°33'24.4""S","147°30'40.5""E",FALSE,326.077,Upper Murray,MITTA MITTA RIVER,DARTMOUTH
401214,MITTA MITTA RIVER @ BELOW GIBBO RIVER JUNCTION,"36°45'00.0""S","147°40'00.0""E",FALSE,495.118,Upper Murray,MITTA MITTA RIVER,BELOW GIBBO RIVER JUNCTION
401215,MORASS CREEK @ UPLANDS,"36°51'58.4""S","147°42'12.6""E",TRUE,667.65,Upper Murray,MORASS CREEK,UPLANDS
401216,BIG RIVER @ JOKERS CREEK,"36°55'57.8""S","147°28'19.9""E",TRUE,677.434,Upper Murray,BIG RIVER,JOKERS CREEK
401217,GIBBO RIVER @ GIBBO PARK,"36°45'23.8""S","147°42'33.4""E",TRUE,489.813,Upper Murray,GIBBO RIVER,GIBBO PARK
401218,TALLANGATTA CREEK @ BULLIOH,"36°11'30.0""S","147°18'00.0""E",FALSE,200.253,Upper Murray,TALLANGATTA CREEK,BULLIOH
401220,TALLANGATTA CREEK @ McCALLUMS,"36°12'47.8""S","147°20'06.9""E",TRUE,213.818,Upper Murray,TALLANGATTA CREEK,McCALLUMS
401221,EIGHT MILE CREEK @ THURGOONA,"36°02'46.8""S","146°59'56.0""E",FALSE,172.054,Upper Murray,EIGHT MILE CREEK,THURGOONA
401222,MITTA MITTA RIVER @ BOWLERS LANE,"36°28'03.3""S","147°19'58.1""E",TRUE,252.018,Upper Murray,MITTA MITTA RIVER,BOWLERS LANE
401223,MITTA MITTA RIVER @ ESKDALE BRIDGE,"36°27'12.0""S","147°16'02.7""E",TRUE,237.882,Upper Murray,MITTA MITTA RIVER,ESKDALE BRIDGE
401224,MITTA MITTA RIVER @ LAKE DARTMOUTH (HEAD GAUGE),"36°33'25.5""S","147°31'46.6""E",TRUE,477.117,Upper Murray,MITTA MITTA RIVER,LAKE DARTMOUTH (HEAD GAUGE)
401225,LITTLE SNOWY CREEK @ ESKDALE,"36°27'54.0""S","147°14'48.0""E",FALSE,244.72,Upper Murray,LITTLE SNOWY CREEK,ESKDALE
401226,VICTORIA RIVER @ VICTORIA FALLS,"37°05'16.9""S","147°27'28.5""E",TRUE,928.046,Upper Murray,VICTORIA RIVER,VICTORIA FALLS
401228,BUTCHER CREEK @ OMEO,"37°11'35.5""S","147°31'12.0""E",TRUE,768.661,Upper Murray,BUTCHER CREEK,OMEO
401229,CUDGEWA CREEK @ CUDGEWA NORTH,"36°03'55.8""S","147°52'44.6""E",TRUE,247.106,Upper Murray,CUDGEWA CREEK,CUDGEWA NORTH
401230,CORRYONG CREEK @ TOWONG,"36°06'23.3""S","147°58'20.8""E",TRUE,246.47,Upper Murray,CORRYONG CREEK,TOWONG
401231,SNOWY CREEK @ D/S LIGHTNING CK,"36°39'38.4""S","147°25'59.4""E",TRUE,450.458,Upper Murray,SNOWY CREEK,LIGHTNING CK
401233,MITTA MITTA RIVER @ SURGE DAM NO 1 DARTMOUTH,"36°33'08.1""S","147°29'59.7""E",TRUE,327.005,Upper Murray,MITTA MITTA RIVER,SURGE DAM NO 1 DARTMOUTH
401400,INDI RIVER (MURRAY RIVER) @ BELOW TIN MINE CREEK,"36°39'30.0""S","148°12'12.0""E",FALSE,695.412,Upper Murray,INDI RIVER (MURRAY RIVER),BELOW TIN MINE CREEK
401403,JOHNSTONS CREEK @ MOUNT NELSE,"36°51'00.0""S","147°20'54.0""E",FALSE,1701.263,Upper Murray,JOHNSTONS CREEK,MOUNT NELSE
401404,HOLLONDS CREEK @ MOUNT NELSE,"36°51'24.0""S","147°22'24.0""E",FALSE,1537.408,Upper Murray,HOLLONDS CREEK,MOUNT NELSE
401405,BIG RIVER @ BELOW CAIRN CREEK,"36°46'36.0""S","147°18'24.0""E",FALSE,1153.739,Upper Murray,BIG RIVER,BELOW CAIRN CREEK
401411,BIG RIVER @ GLEN VALLEY,"36°51'12.0""S","147°27'18.0""E",FALSE,787.335,Upper Murray,BIG RIVER,GLEN VALLEY
401412,BIG RIVER @ GLEN WILLLIS,"36°53'18.0""S","147°27'36.0""E",FALSE,757.514,Upper Murray,BIG RIVER,GLEN WILLLIS
401413,BUNDARA RIVER @ BUNDARA,"36°59'06.0""S","147°24'18.0""E",FALSE,805.37,Upper Murray,BUNDARA RIVER,BUNDARA
401414,COBUNGRA RIVER @ BELOW VICTORIA RIVER,"37°04'12.0""S","147°28'06.0""E",FALSE,897.633,Upper Murray,COBUNGRA RIVER,BELOW VICTORIA RIVER
401415,MITTA MITTA RIVER @ DARTMOUTH (SEC),"36°34'30.0""S","147°34'42.0""E",FALSE,347.448,Upper Murray,MITTA MITTA RIVER,DARTMOUTH (SEC)
401416,MURRAY RIVER @ TALMALMO,"35°58'36.0""S","147°34'12.0""E",FALSE,222.778,Upper Murray,MURRAY RIVER,TALMALMO
401417,LANGFORDS CREEK E7 @ LANGFORDS EAST,"36°53'00.0""S","147°21'06.0""E",FALSE,1580.215,Upper Murray,LANGFORDS CREEK E7,LANGFORDS EAST
401600,LAKE OMEO @ BENAMBRA,"36°58'00.0""S","147°40'00.0""E",FALSE,699.381,Upper Murray,LAKE OMEO,BENAMBRA
401800,RAIN GAUGE @ (COBUNGRA RIVER) ANGLERS REST,"36°59'37.3""S","147°29'21.1""E",FALSE,668.402,Upper Murray,RAIN GAUGE,(COBUNGRA RIVER) ANGLERS REST
401822,RAIN GAUGE @ Benambra,"36°56'27.5""S","147°46'24.8""E",TRUE,700.178,Upper Murray,RAIN GAUGE,Benambra
401823,RAIN GAUGE @ (VICTORIA RIVER) VICTORIA FALLS,"37°05'16.9""S","147°27'28.5""E",FALSE,928.046,Upper Murray,RAIN GAUGE,(VICTORIA RIVER) VICTORIA FALLS
401824,RAIN GAUGE @ (MORASS CK) UPLANDS,"36°52'05.2""S","147°42'05.1""E",FALSE,684.825,Upper Murray,RAIN GAUGE,(MORASS CK) UPLANDS
401825,RAIN GAUGE @ (NARIEL CK) UPPER NARIEL,"36°26'57.9""S","147°49'40.4""E",TRUE,499.026,Upper Murray,RAIN GAUGE,(NARIEL CK) UPPER NARIEL
401829,DARTMOUTH RAINGAUGE @ GMW OFFICE,"36°32'06.8""S","147°29'54.3""E",TRUE,0,Upper Murray,DARTMOUTH RAINGAUGE,GMW OFFICE
402200,KIEWA RIVER @ KIEWA (COMBINED FLOW),"36°15'14.3""S","147°01'12.6""E",TRUE,173.302,Kiewa,KIEWA RIVER,KIEWA (COMBINED FLOW)
402202,YACKANDANDAH CREEK @ ALLANS FLAT,"36°17'30.0""S","146°54'30.0""E",FALSE,226.936,Kiewa,YACKANDANDAH CREEK,ALLANS FLAT
402203,KIEWA RIVER @ MONGANS BRIDGE,"36°35'43.3""S","147°06'01.3""E",TRUE,264.13,Kiewa,KIEWA RIVER,MONGANS BRIDGE
402204,YACKANDANDAH CREEK @ OSBORNES FLAT,"36°18'16.5""S","146°54'24.6""E",TRUE,211.921,Kiewa,YACKANDANDAH CREEK,OSBORNES FLAT
402205,KIEWA RIVER @ BANDIANA,"36°08'15.7""S","146°57'14.9""E",TRUE,155,Kiewa,KIEWA RIVER,BANDIANA
402206,RUNNING CREEK @ RUNNING CREEK,"36°32'21.5""S","147°02'39.1""E",TRUE,246.637,Kiewa,RUNNING CREEK,RUNNING CREEK
402207,MOUNTAIN CREEK @ COOPERS,"36°42'24.0""S","147°13'12.0""E",FALSE,457.958,Kiewa,MOUNTAIN CREEK,COOPERS
402208,SWAMPY CREEK @ MEEHANS,"36°19'36.0""S","146°55'24.0""E",FALSE,297.214,Kiewa,SWAMPY CREEK,MEEHANS
402209,TWIST CREEK @ WHISKY FLAT,"36°19'30.0""S","146°49'24.0""E",FALSE,305.355,Kiewa,TWIST CREEK,WHISKY FLAT
402210,COMMISSIONERS CREEK @ ABOVE DAMSITE,"36°17'48.0""S","146°49'18.0""E",FALSE,378.635,Kiewa,COMMISSIONERS CREEK,ABOVE DAMSITE
402211,KINCHINGTON CREEK @ BRUARONG,"36°25'12.0""S","146°51'12.0""E",FALSE,398.744,Kiewa,KINCHINGTON CREEK,BRUARONG
402212,BACK CREEK @ MOORES,"36°20'24.0""S","146°50'36.0""E",FALSE,310.679,Kiewa,BACK CREEK,MOORES
402213,KINCHINGTON CREEK @ OSBORNES FLAT,"36°18'58.2""S","146°53'39.1""E",TRUE,227.557,Kiewa,KINCHINGTON CREEK,OSBORNES FLAT
402214,SWAMPY CREEK @ BEN VIEW,"36°20'18.0""S","146°53'06.0""E",FALSE,266.673,Kiewa,SWAMPY CREEK,BEN VIEW
402215,YACKANDANDAH CREEK @ KIRBYS FLAT,"36°20'12.0""S","146°49'24.0""E",FALSE,333.883,Kiewa,YACKANDANDAH CREEK,KIRBYS FLAT
402216,NINE MILE CREEK @ STANLEY,"36°23'00.0""S","146°46'30.0""E",FALSE,675.836,Kiewa,NINE MILE CREEK,STANLEY
402217,FLAGGY CREEK @ MYRTLEFORD ROAD BRIDGE,"36°23'07.7""S","146°52'37.0""E",FALSE,310.328,Kiewa,FLAGGY CREEK,MYRTLEFORD ROAD BRIDGE
402218,SIMMONDS CREEK @ MOUNT BEAUTY,"36°46'06.0""S","147°08'42.0""E",FALSE,479.996,Kiewa,SIMMONDS CREEK,MOUNT BEAUTY
402219,MIDDLE CREEK @ WHYTES ROAD,"36°09'12.0""S","146°56'54.0""E",FALSE,162.007,Kiewa,MIDDLE CREEK,WHYTES ROAD
402220,KIEWA RIVER @ KIEWA (ANABRANCH),"36°15'19.2""S","147°00'53.9""E",TRUE,172.933,Kiewa,KIEWA RIVER,KIEWA (ANABRANCH)
402221,MIDDLE CREEK @ LENEVA,"36°12'06.0""S","146°53'24.0""E",FALSE,206.389,Kiewa,MIDDLE CREEK,LENEVA
402222,KIEWA RIVER @ KIEWA (MAIN STREAM),"36°15'12.8""S","147°01'13.8""E",TRUE,172.464,Kiewa,KIEWA RIVER,KIEWA (MAIN STREAM)
402223,KIEWA RIVER WEST BRANCH @ U/S OF OFFTAKE,"36°47'28.8""S","147°09'36.1""E",TRUE,585.666,Kiewa,KIEWA RIVER WEST BRANCH,OFFTAKE
402224,HOUSE CREEK @ BROCKLEY STREET WODONGA,"36°07'41.9""S","146°52'27.9""E",FALSE,160.723,Kiewa,HOUSE CREEK,BROCKLEY STREET WODONGA
402400,WATCHED CREEK @ BOGONG HIGH PLAINS,"36°52'24.0""S","147°19'12.0""E",FALSE,1625.823,Kiewa,WATCHED CREEK,BOGONG HIGH PLAINS
402401,PRETTY VALLEY BR. EAST KIEWA R @ BOGONG HIGH PLAINS,"36°53'12.0""S","147°14'36.0""E",FALSE,1622.015,Kiewa,PRETTY VALLEY BR. EAST KIEWA R,BOGONG HIGH PLAINS
402402,ROCKY VALLEY @ BR. EAST KIEWA R BOGONG HIGH PLAINS,"36°52'36.0""S","147°17'42.0""E",FALSE,1578.829,Kiewa,ROCKY VALLEY,BR. EAST KIEWA R BOGONG HIGH PLAINS
402403,ROCKY VALLEY @ BR. EAST KIEWA R ABOVE JUNCTION,"36°48'48.0""S","147°14'12.0""E",FALSE,763.615,Kiewa,ROCKY VALLEY,BR. EAST KIEWA R ABOVE JUNCTION
402404,COPE CREEK @ BOGONG HIGH PLAINS,"36°55'00.0""S","147°16'18.0""E",FALSE,1681.328,Kiewa,COPE CREEK,BOGONG HIGH PLAINS
402405,PRETTY VALLEY BR. EAST KIEWA R @ JUNCTION,"36°48'48.0""S","147°13'42.0""E",FALSE,741.461,Kiewa,PRETTY VALLEY BR. EAST KIEWA R,JUNCTION
402406,KIEWA RIVER WEST BRANCH @ SNAKE VALLEY,"36°49'24.0""S","147°09'24.0""E",FALSE,768.091,Kiewa,KIEWA RIVER WEST BRANCH,SNAKE VALLEY
402407,KIEWA RIVER EAST BRANCH @ JUNCTION,"36°48'25.9""S","147°13'43.9""E",FALSE,691.679,Kiewa,KIEWA RIVER EAST BRANCH,JUNCTION
402408,ROCKY CREEK @ BOGONG HIGH PLAINS,"36°53'00.0""S","147°16'30.0""E",FALSE,1647.346,Kiewa,ROCKY CREEK,BOGONG HIGH PLAINS
402600,ROCKY VALLEY @ RESERVOIR WQ,"36°52'29.0""S","147°17'32.4""E",FALSE,1599.397,Kiewa,ROCKY VALLEY,RESERVOIR WQ
402821,RAIN GAUGE @ (MIDDLE CREEK) LENEVA,"36°12'06.0""S","146°53'24.0""E",FALSE,206.389,Kiewa,RAIN GAUGE,(MIDDLE CREEK) LENEVA
402888,RAIN GAUGE @ (MIDDLE CREEK) PHILLIPS,"36°14'12.0""S","146°50'24.0""E",FALSE,330.942,Kiewa,RAIN GAUGE,(MIDDLE CREEK) PHILLIPS
402889,RAIN GAUGE @ (MIDDLE CREEK) EDNEYS,"36°12'30.0""S","146°50'30.0""E",FALSE,410.232,Kiewa,RAIN GAUGE,(MIDDLE CREEK) EDNEYS
402899,RAIN GAUGE @ (MIDDLE CREEK) STREETS,"36°10'18.0""S","146°53'36.0""E",FALSE,218.725,Kiewa,RAIN GAUGE,(MIDDLE CREEK) STREETS
403200,OVENS RIVER @ WANGARATTA,"36°21'02.4""S","146°19'15.4""E",TRUE,141.69,Ovens,OVENS RIVER,WANGARATTA
403201,KING RIVER @ WANGARATTA,"36°21'30.0""S","146°19'60.0""E",FALSE,143.46,Ovens,KING RIVER,WANGARATTA
403203,KING RIVER @ WHITFIELD,"36°45'18.0""S","146°25'24.0""E",FALSE,238.559,Ovens,KING RIVER,WHITFIELD
403204,BUFFALO RIVER @ MCGUFFIES BRIDGE,"36°40'00.0""S","146°42'00.0""E",FALSE,247.348,Ovens,BUFFALO RIVER,MCGUFFIES BRIDGE
403205,OVENS RIVER @ BRIGHT,"36°43'32.3""S","146°57'09.3""E",TRUE,298.342,Ovens,OVENS RIVER,BRIGHT
403206,BUCKLAND RIVER @ BUCKLAND,"36°47'42.0""S","146°50'48.0""E",FALSE,333.881,Ovens,BUCKLAND RIVER,BUCKLAND
403207,BUFFALO RIVER @ SMITHS SUSPENSION BRIDGE,"36°37'00.0""S","146°40'60.0""E",FALSE,231.915,Ovens,BUFFALO RIVER,SMITHS SUSPENSION BRIDGE
403209,REEDY CREEK @ WANGARATTA NORTH,"36°19'55.6""S","146°20'40.2""E",TRUE,141.553,Ovens,REEDY CREEK,WANGARATTA NORTH
403210,OVENS RIVER @ MYRTLEFORD,"36°34'16.4""S","146°43'04.5""E",TRUE,209.182,Ovens,OVENS RIVER,MYRTLEFORD
403211,HAPPY VALLEY CREEK @ MYRTLEFORD,"36°35'00.0""S","146°46'30.0""E",FALSE,255.191,Ovens,HAPPY VALLEY CREEK,MYRTLEFORD
403212,FIFTEEN MILE CREEK @ MASONS HILL,"36°39'30.0""S","146°15'00.0""E",FALSE,215.796,Ovens,FIFTEEN MILE CREEK,MASONS HILL
403213,FIFTEEN MILE CREEK @ GRETA SOUTH,"36°37'10.0""S","146°14'38.7""E",TRUE,195.241,Ovens,FIFTEEN MILE CREEK,GRETA SOUTH
403214,HAPPY VALLEY CREEK @ ROSEWHITE,"36°34'38.9""S","146°49'12.2""E",TRUE,254.339,Ovens,HAPPY VALLEY CREEK,ROSEWHITE
403215,REEDY CREEK @ ELDORADO,"36°18'30.0""S","146°31'60.0""E",FALSE,194.615,Ovens,REEDY CREEK,ELDORADO
403216,BUFFALO CREEK @ MYRTLEFORD,"36°34'43.1""S","146°42'48.1""E",FALSE,215.364,Ovens,BUFFALO CREEK,MYRTLEFORD
403217,ROSE RIVER @ MATONG NORTH,"36°49'14.3""S","146°34'56.6""E",TRUE,322.249,Ovens,ROSE RIVER,MATONG NORTH
403218,DANDONGADALE RIVER @ MATONG NORTH,"36°48'19.5""S","146°37'53.2""E",TRUE,281.413,Ovens,DANDONGADALE RIVER,MATONG NORTH
403219,KING RIVER @ PINEAPPLE FLAT,"37°04'00.0""S","146°30'00.0""E",FALSE,667.913,Ovens,KING RIVER,PINEAPPLE FLAT
403220,BUFFALO RIVER @ LAKE BUFFALO,"36°42'41.8""S","146°40'06.5""E",TRUE,239.105,Ovens,BUFFALO RIVER,LAKE BUFFALO
403221,REEDY CREEK @ WOOLSHED,"36°18'39.4""S","146°36'04.2""E",TRUE,230.6,Ovens,REEDY CREEK,WOOLSHED
403222,BUFFALO RIVER @ ABBEYARD,"36°54'38.1""S","146°42'00.5""E",TRUE,339.929,Ovens,BUFFALO RIVER,ABBEYARD
403223,KING RIVER @ DOCKER ROAD BRIDGE,"36°30'58.7""S","146°23'21.9""E",TRUE,157.922,Ovens,KING RIVER,DOCKER ROAD BRIDGE
403224,HURDLE CREEK @ BOBINAWARRAH,"36°30'47.7""S","146°26'56.9""E",TRUE,167.956,Ovens,HURDLE CREEK,BOBINAWARRAH
403225,KING RIVER @ HORSESHOE BEND,"36°56'00.0""S","146°23'30.0""E",FALSE,416.973,Ovens,KING RIVER,HORSESHOE BEND
403226,BOGGY CREEK @ ANGLESIDE,"36°36'22.7""S","146°21'45.0""E",TRUE,183.592,Ovens,BOGGY CREEK,ANGLESIDE
403227,KING RIVER @ CHESHUNT,"36°49'52.6""S","146°23'53.6""E",TRUE,295.854,Ovens,KING RIVER,CHESHUNT
403228,KING RIVER @ LAKE WILLIAM HOVELL T.G.,"36°54'32.6""S","146°23'42.0""E",TRUE,373.409,Ovens,KING RIVER,LAKE WILLIAM HOVELL T.G.
403229,BLACK RANGE CREEK @ EDI UPPPER,"36°41'48.0""S","146°27'54.0""E",FALSE,232.41,Ovens,BLACK RANGE CREEK,EDI UPPPER
403230,OVENS RIVER @ ROCKY POINT,"36°32'00.5""S","146°40'05.9""E",TRUE,195.342,Ovens,OVENS RIVER,ROCKY POINT
403232,MORSES CREEK @ WANDILIGONG,"36°45'04.6""S","146°58'45.8""E",TRUE,328.633,Ovens,MORSES CREEK,WANDILIGONG
403233,BUCKLAND RIVER @ HARRIS LANE,"36°43'17.4""S","146°52'55.4""E",TRUE,284.542,Ovens,BUCKLAND RIVER,HARRIS LANE
403234,KING RIVER @ LAKE WILLIAM HOVELL (HG),"36°54'48.3""S","146°23'10.9""E",TRUE,432.14,Ovens,KING RIVER,LAKE WILLIAM HOVELL (HG)
403235,BUFFALO RIVER @ LAKE BUFFALO (HEAD GAUGE),"36°42'57.4""S","146°39'18.5""E",TRUE,269.509,Ovens,BUFFALO RIVER,LAKE BUFFALO (HEAD GAUGE)
403236,BARWIDGEE CREEK @ MYRTLEFORD,"36°30'24.0""S","146°46'42.0""E",FALSE,256.774,Ovens,BARWIDGEE CREEK,MYRTLEFORD
403238,ONE MILE CREEK @ WANGARATTA,"36°22'48.0""S","146°18'54.0""E",FALSE,149.526,Ovens,ONE MILE CREEK,WANGARATTA
403239,FIFTEEN MILE CREEK @ WANGARATTA,"36°22'00.0""S","146°16'60.0""E",FALSE,146.592,Ovens,FIFTEEN MILE CREEK,WANGARATTA
403240,KING RIVER @ EDI,"36°39'34.3""S","146°25'12.0""E",TRUE,189.169,Ovens,KING RIVER,EDI
403241,OVENS RIVER @ PEECHELBA,"36°09'46.7""S","146°14'10.9""E",TRUE,130.397,Ovens,OVENS RIVER,PEECHELBA
403242,OVENS RIVER @ WANGARATTA (COMBINED FLOW),"36°21'06.5""S","146°19'12.6""E",TRUE,152.008,Ovens,OVENS RIVER,WANGARATTA (COMBINED FLOW)
403244,OVENS RIVER @ HARRIETVILLE,"36°53'02.7""S","147°03'44.7""E",TRUE,489.826,Ovens,OVENS RIVER,HARRIETVILLE
403245,OVENS RIVER @ HARRIETVILLE (WEST BRANCH),"36°54'24.0""S","147°03'00.0""E",FALSE,533.997,Ovens,OVENS RIVER,HARRIETVILLE (WEST BRANCH)
403246,GULLIVER'S CREEK @ LILLIPUT (RUTHERGLEN RESEARCH STN),"36°06'24.0""S","146°30'42.0""E",FALSE,173.033,Ovens,GULLIVER'S CREEK,LILLIPUT (RUTHERGLEN RESEARCH STN)
403247,BLACK DOG CREEK @ U/S OF DUGAYS BRIDGE,"36°04'23.5""S","146°19'04.8""E",TRUE,131.906,Ovens,BLACK DOG CREEK,DUGAYS BRIDGE
403248,INDIGO CREEK @ D/S CREAMERY BRIDGE,"36°01'45.3""S","146°38'58.0""E",TRUE,145.52,Ovens,INDIGO CREEK,CREAMERY BRIDGE
403249,THREE MILE CREEK @ D/S YARRAWONGA RD WANGARATTA,"36°20'11.6""S","146°17'59.6""E",TRUE,140.95,Ovens,THREE MILE CREEK,YARRAWONGA RD WANGARATTA
403250,OVENS RIVER @ EUROBIN,"36°39'08.5""S","146°51'25.5""E",TRUE,252.043,Ovens,OVENS RIVER,EUROBIN
403251,FIFTEEN MILE CREEK @ GLENROWAN,"36°28'14.9""S","146°14'46.3""E",TRUE,161.776,Ovens,FIFTEEN MILE CREEK,GLENROWAN
403252,SIMMONDS CREEK @ HARIETVILLE,"36°53'44.1""S","147°04'42.6""E",FALSE,596.323,Ovens,SIMMONDS CREEK,HARIETVILLE
403253,BUCKLAND RIVER @ TWELVE MILE,"36°51'17.8""S","146°51'34.0""E",TRUE,373.491,Ovens,BUCKLAND RIVER,TWELVE MILE
403254,BUFFALO RIVER @ D/S ROSE RIVER JUNCTION,"36°47'41.8""S","146°39'54.8""E",TRUE,273.862,Ovens,BUFFALO RIVER,ROSE RIVER JUNCTION
403258,YARRARBULA CREEK @ U/S LAKE BUFFALO,"36°45'55.4""S","146°41'39.9""E",TRUE,296.569,Ovens,YARRARBULA CREEK,LAKE BUFFALO
403262,KING RIVER @ (MAINSTREAM) OXLEY,"36°26'53.2""S","146°22'26.2""E",FALSE,151.606,Ovens,KING RIVER,(MAINSTREAM) OXLEY
403263,KING RIVER @ (ANABRANCH) OXLEY,"36°26'50.1""S","146°22'25.5""E",FALSE,152.296,Ovens,KING RIVER,(ANABRANCH) OXLEY
403600,LAKE CARANI @ CAMPING GROUND,"36°43'60.0""S","146°48'00.0""E",FALSE,1417.651,Ovens,LAKE CARANI,CAMPING GROUND
403601,MULLINMUR BILLABONG @ WANGARATTA,"36°20'00.9""S","146°18'41.2""E",FALSE,141.116,Ovens,MULLINMUR BILLABONG,WANGARATTA
403603,LAKE SAMBELL @ PLAYGROUND BEACH,"36°21'31.9""S","146°41'42.0""E",TRUE,544.744,Ovens,LAKE SAMBELL,PLAYGROUND BEACH
403604,LAKE SAMBELL @ JETTY,"36°21'40.7""S","146°41'34.4""E",TRUE,547,Ovens,LAKE SAMBELL,JETTY
403803,RAIN GAUGE @ (BLACK RANGE CK) TROUT FARM,"36°44'52.0""S","146°32'07.9""E",TRUE,434.179,Ovens,RAIN GAUGE,(BLACK RANGE CK) TROUT FARM
403804,RAIN GAUGE @ (UPPER BOGGY CK) MYRRHEE,"36°44'22.3""S","146°20'22.9""E",FALSE,343.772,Ovens,RAIN GAUGE,(UPPER BOGGY CK) MYRRHEE
403805,RAIN GAUGE @ (UPPER 15 MILE CK) HANDCOCKS,"36°47'22.5""S","146°16'47.1""E",TRUE,437.473,Ovens,RAIN GAUGE,(UPPER 15 MILE CK) HANDCOCKS
404200,BROKEN RIVER @ GOORAMBAT (CASEY WEIR T. GAUGE),"36°28'30.9""S","145°56'18.4""E",FALSE,159.857,Broken,BROKEN RIVER,GOORAMBAT (CASEY WEIR T. GAUGE)
404201,BROKEN RIVER @ NILLAHCOOTIE,"36°50'30.0""S","146°00'30.0""E",FALSE,284.754,Broken,BROKEN RIVER,NILLAHCOOTIE
404202,BACK CREEK @ NILLAHCOOTIE,"36°50'30.0""S","146°00'54.0""E",FALSE,233.871,Broken,BACK CREEK,NILLAHCOOTIE
404203,BROKEN RIVER @ BENALLA,"36°33'07.5""S","145°58'47.5""E",TRUE,166.568,Broken,BROKEN RIVER,BENALLA
404204,BOOSEY CREEK @ TUNGAMAH,"36°07'25.6""S","145°49'54.9""E",TRUE,119.837,Broken,BOOSEY CREEK,TUNGAMAH
404205,BROKEN RIVER @ LIMA SOUTH,"36°50'30.0""S","146°01'00.0""E",FALSE,236.489,Broken,BROKEN RIVER,LIMA SOUTH
404206,BROKEN RIVER @ MOORNGAG,"36°47'52.3""S","146°01'09.4""E",FALSE,213.114,Broken,BROKEN RIVER,MOORNGAG
404207,HOLLAND CREEK @ KELFEERA,"36°36'40.2""S","146°03'33.1""E",TRUE,181.961,Broken,HOLLAND CREEK,KELFEERA
404208,MOONEE CREEK @ LIMA,"36°45'43.1""S","145°58'18.8""E",FALSE,208.627,Broken,MOONEE CREEK,LIMA
404209,BROKEN RIVER @ MOUNT SAMARIA,"36°51'00.0""S","146°00'30.0""E",FALSE,250.356,Broken,BROKEN RIVER,MOUNT SAMARIA
404210,BROKEN CREEK @ RICES WEIR,"35°58'04.0""S","144°57'42.8""E",TRUE,94.935,Broken,BROKEN CREEK,RICES WEIR
404213,BROKEN RIVER @ YIN BARUN,"36°39'41.0""S","145°59'26.6""E",FALSE,189.548,Broken,BROKEN RIVER,YIN BARUN
404214,BROKEN CREEK @ KATAMATITE,"36°05'54.7""S","145°41'06.6""E",TRUE,114.69,Broken,BROKEN CREEK,KATAMATITE
404215,BOOSEY CREEK @ LAKE ROWAN,"36°16'18.1""S","145°57'36.4""E",FALSE,134.435,Broken,BOOSEY CREEK,LAKE ROWAN
404216,BROKEN RIVER @ GOORAMBAT (CASEY WEIR H. GAUGE),"36°28'24.7""S","145°56'30.3""E",TRUE,159.894,Broken,BROKEN RIVER,GOORAMBAT (CASEY WEIR H. GAUGE)
404217,BROKEN CREEK @ CASEY WEIR (NEAR GOORAMBAT),"36°28'23.3""S","145°56'29.2""E",TRUE,159.411,Broken,BROKEN CREEK,CASEY WEIR (NEAR GOORAMBAT)
404218,BROKEN RIVER @ LAKE NILLAHCOOTIE (HEAD GAUGE),"36°51'17.0""S","146°00'33.1""E",TRUE,262.502,Broken,BROKEN RIVER,LAKE NILLAHCOOTIE (HEAD GAUGE)
404219,LAKE MOKOAN @ HEAD GAUGE,"36°27'51.6""S","146°01'15.0""E",FALSE,161.423,Broken,LAKE MOKOAN,HEAD GAUGE
404221,BROKEN RIVER @ GOORAMBAT (CASEY WEIR PDR),"36°28'27.6""S","145°56'14.4""E",FALSE,160.223,Broken,BROKEN RIVER,GOORAMBAT (CASEY WEIR PDR)
404222,BROKEN RIVER @ ORRVALE,"36°25'53.0""S","145°26'59.2""E",TRUE,108.63,Broken,BROKEN RIVER,ORRVALE
404223,BROKEN RIVER @ MOOROOPNA RAILWAY BRIDGE,"36°23'54.0""S","145°22'48.0""E",FALSE,107.882,Broken,BROKEN RIVER,MOOROOPNA RAILWAY BRIDGE
404224,BROKEN RIVER @ GOWANGARDIE,"36°26'01.2""S","145°40'09.1""E",TRUE,127.832,Broken,BROKEN RIVER,GOWANGARDIE
404226,BROKEN RIVER @ LAKE MOKOAN DIVERSION WEIR,"36°36'57.5""S","145°58'58.3""E",TRUE,179.647,Broken,BROKEN RIVER,LAKE MOKOAN DIVERSION WEIR
404227,BROKEN RIVER @ BROKEN RIVER BY-PASS CHANNEL,"36°36'56.3""S","145°58'50.8""E",TRUE,175.251,Broken,BROKEN RIVER,BROKEN RIVER BY-PASS CHANNEL
404234,WHISKY CREEK @ U/S MCCALLSAY RESERVOIR,"36°47'33.5""S","146°12'31.3""E",TRUE,470.06,Broken,WHISKY CREEK,MCCALLSAY RESERVOIR
404235,RYANS CREEK @ U/S MCCALLSAY RESERVOIR,"36°49'07.7""S","146°13'06.6""E",TRUE,507.816,Broken,RYANS CREEK,MCCALLSAY RESERVOIR
404238,BROKEN CREEK @ WALSH'S BRIDGE,"36°05'55.8""S","145°19'54.4""E",TRUE,102.712,Broken,BROKEN CREEK,WALSH'S BRIDGE
404239,BROKEN CREEK @ WAGGARANDALL WEIR,"36°17'34.6""S","145°50'03.4""E",TRUE,135.9,Broken,BROKEN CREEK,WAGGARANDALL WEIR
404240,MAJOR CREEK @ GALLS WEIR,"36°23'13.5""S","145°51'56.5""E",FALSE,149.956,Broken,MAJOR CREEK,GALLS WEIR
404241,BROKEN RIVER @ CASEY'S WEIR FISH LADDER,"36°28'25.1""S","145°56'29.1""E",TRUE,156.758,Broken,BROKEN RIVER,CASEY'S WEIR FISH LADDER
404242,BROKEN RIVER @ CASEY'S WEIR COMBINED FLOW,"36°28'23.1""S","145°56'29.1""E",TRUE,159.411,Broken,BROKEN RIVER,CASEY'S WEIR COMBINED FLOW
404243,BROKEN RIVER @ D/S BACK CREEK JUNCTION,"36°50'43.3""S","146°00'38.5""E",TRUE,235.335,Broken,BROKEN RIVER,BACK CREEK JUNCTION
404245,MOUNT SAMARIA CREEK @ WARNOCK ROAD,"36°46'46.4""S","146°01'44.3""E",TRUE,221.654,Broken,MOUNT SAMARIA CREEK,WARNOCK ROAD
404246,LIMA CREEK @ D/S MIDLAND HWY SWANPOOL,"36°43'18.2""S","145°59'35.2""E",TRUE,193.956,Broken,LIMA CREEK,MIDLAND HWY SWANPOOL
404247,RYANS CREEK @ U/S LOOMBAH RESERVOIR,"36°43'49.5""S","146°13'34.1""E",TRUE,342.298,Broken,RYANS CREEK,LOOMBAH RESERVOIR
404248,BROKEN CREEK @ NUMURKAH,"36°05'41.4""S","145°26'33.4""E",TRUE,107.607,Broken,BROKEN CREEK,NUMURKAH
404249,BROKEN CREEK @ SCHOOL RD,"36°08'38.9""S","145°47'48.8""E",TRUE,121.281,Broken,BROKEN CREEK,SCHOOL RD
404250,BROKEN CREEK @ LARISSA ROAD,"36°05'55.5""S","145°35'39.0""E",TRUE,111.999,Broken,BROKEN CREEK,LARISSA ROAD
404251,NINE MILE CREEK @ SELLICKS ROAD,"36°07'51.9""S","145°29'09.7""E",TRUE,107.708,Broken,NINE MILE CREEK,SELLICKS ROAD
404701,MOKOAN CHANNEL @ U/S BLIND CREEK SYPHON,"36°35'47.7""S","146°00'04.6""E",FALSE,177.824,Broken,MOKOAN CHANNEL,BLIND CREEK SYPHON
404704,MOKOAN CHANNEL @ OUTLET CHANNEL MEASURING WEIR,"36°28'13.1""S","146°00'13.5""E",FALSE,158.037,Broken,MOKOAN CHANNEL,OUTLET CHANNEL MEASURING WEIR
404707,MOKOAN CHANNEL @ DROP STRUCTURE RD. 10668.0 M.,"36°33'31.9""S","146°01'42.1""E",FALSE,175.548,Broken,MOKOAN CHANNEL,DROP STRUCTURE RD. 10668.0 M.
404708,TATONG PROJECT PIPE EC @ TATONG,"36°41'03.3""S","146°06'09.1""E",TRUE,246.659,Broken,TATONG PROJECT PIPE EC,TATONG
404711,MURRAY VALLEY @ DRAIN NO 13 BROKEN CK OUTFALL,"36°01'54.3""S","145°12'04.5""E",FALSE,101.715,Broken,MURRAY VALLEY,DRAIN NO 13 BROKEN CK OUTFALL
404712,MUCKATAH DEPRESSION DRAIN @ NUMURKAH OUTFALL,"36°05'07.2""S","145°28'16.6""E",FALSE,107.183,Broken,MUCKATAH DEPRESSION DRAIN,NUMURKAH OUTFALL
404713,MUCKATAH MAIN DRAIN @ U/S NARING HALL ROAD,"36°03'18.3""S","145°29'22.9""E",TRUE,107.599,Broken,MUCKATAH MAIN DRAIN,NARING HALL ROAD
404714,MUCKATAH CREEK @ KATAMATITE EAST SCHOOL RD,"36°01'51.6""S","145°45'35.6""E",TRUE,116.761,Broken,MUCKATAH CREEK,KATAMATITE EAST SCHOOL RD
404809,RAIN GAUGE @ (BROKEN CREEK) GOORAMBAT,"36°24'16.0""S","145°53'50.0""E",TRUE,150.509,Broken,RAIN GAUGE,(BROKEN CREEK) GOORAMBAT
404810,RAIN GAUGE @ (BROKEN CREEK) DOOKIE WATER STORAGE,"36°17'58.7""S","145°35'44.3""E",TRUE,118.074,Broken,RAIN GAUGE,(BROKEN CREEK) DOOKIE WATER STORAGE
405200,GOULBURN RIVER @ MURCHISON (McPhee's Rest),"36°37'01.3""S","145°13'10.5""E",TRUE,116.397,Goulburn,GOULBURN RIVER,MURCHISON (McPhee's Rest)
405201,GOULBURN RIVER @ TRAWOOL,"37°05'29.8""S","145°12'09.0""E",TRUE,142.884,Goulburn,GOULBURN RIVER,TRAWOOL
405202,GOULBURN RIVER @ SEYMOUR,"37°01'11.6""S","145°06'32.2""E",TRUE,138.367,Goulburn,GOULBURN RIVER,SEYMOUR
405203,GOULBURN RIVER @ EILDON,"37°14'48.5""S","145°53'21.5""E",TRUE,210.682,Goulburn,GOULBURN RIVER,EILDON
405204,GOULBURN RIVER @ SHEPPARTON,"36°22'47.2""S","145°23'36.7""E",TRUE,102.327,Goulburn,GOULBURN RIVER,SHEPPARTON
405205,MURRINDINDI RIVER @ MURRINDINDI ABOVE COLWELLS,"37°24'49.2""S","145°33'50.5""E",TRUE,308.031,Goulburn,MURRINDINDI RIVER,MURRINDINDI ABOVE COLWELLS
405206,MURRINDINDI RIVER @ MURRINDINDI,"37°19'00.0""S","145°30'00.0""E",FALSE,206.203,Goulburn,MURRINDINDI RIVER,MURRINDINDI
405207,HUGHES CREEK @ AVENEL,"36°54'30.7""S","145°13'55.4""E",FALSE,151.113,Goulburn,HUGHES CREEK,AVENEL
405208,SEVEN CREEKS @ EUROA,"36°49'26.3""S","145°37'02.9""E",FALSE,193.118,Goulburn,SEVEN CREEKS,EUROA
405209,ACHERON RIVER @ TAGGERTY,"37°19'03.8""S","145°42'46.4""E",TRUE,197.822,Goulburn,ACHERON RIVER,TAGGERTY
405210,YEA RIVER @ GLENMORE,"37°21'30.0""S","145°28'00.0""E",FALSE,222.262,Goulburn,YEA RIVER,GLENMORE
405212,SUNDAY CREEK @ TALLAROOK,"37°05'56.2""S","145°03'22.1""E",TRUE,154.535,Goulburn,SUNDAY CREEK,TALLAROOK
405213,GOULBURN RIVER @ JAMIESON,"37°17'00.0""S","146°07'60.0""E",FALSE,296.711,Goulburn,GOULBURN RIVER,JAMIESON
405214,DELATITE RIVER @ TONGA BRIDGE,"37°09'29.9""S","146°06'47.1""E",TRUE,312.39,Goulburn,DELATITE RIVER,TONGA BRIDGE
405215,HOWQUA RIVER @ GLAN ESK,"37°13'46.5""S","146°12'26.0""E",TRUE,308.499,Goulburn,HOWQUA RIVER,GLAN ESK
405216,HUGHES CREEK @ MANGALORE WEST,"36°52'55.0""S","145°08'34.5""E",FALSE,131.892,Goulburn,HUGHES CREEK,MANGALORE WEST
405217,YEA RIVER @ DEVLINS BRIDGE,"37°22'57.8""S","145°28'23.1""E",TRUE,210.614,Goulburn,YEA RIVER,DEVLINS BRIDGE
405218,JAMIESON RIVER @ GERRANG BRIDGE,"37°17'28.5""S","146°11'16.2""E",TRUE,311.575,Goulburn,JAMIESON RIVER,GERRANG BRIDGE
405219,GOULBURN RIVER @ DOHERTYS,"37°19'51.2""S","146°07'50.7""E",TRUE,300.038,Goulburn,GOULBURN RIVER,DOHERTYS
405220,HOWQUA RIVER @ HOWQUA,"37°13'30.0""S","146°10'60.0""E",FALSE,314.43,Goulburn,HOWQUA RIVER,HOWQUA
405223,GOULBURN RIVER @ MOLESWORTH,"37°09'52.8""S","145°32'38.9""E",TRUE,166.671,Goulburn,GOULBURN RIVER,MOLESWORTH
405226,PRANJIP CREEK @ MOORILIM,"36°37'16.0""S","145°18'25.9""E",TRUE,116.285,Goulburn,PRANJIP CREEK,MOORILIM
405227,BIG RIVER @ JAMIESON,"37°22'02.9""S","146°03'25.0""E",TRUE,297.685,Goulburn,BIG RIVER,JAMIESON
405228,HUGHES CREEK @ TARCOMBE ROAD,"36°57'03.9""S","145°17'01.1""E",TRUE,161.543,Goulburn,HUGHES CREEK,TARCOMBE ROAD
405229,WANALTA CREEK @ WANALTA,"36°38'05.7""S","144°52'15.1""E",TRUE,114.848,Goulburn,WANALTA CREEK,WANALTA
405230,CORNELLA CREEK @ COLBINABBIN,"36°36'14.9""S","144°48'17.2""E",TRUE,114.186,Goulburn,CORNELLA CREEK,COLBINABBIN
405231,KING PARROT CREEK @ FLOWERDALE,"37°20'49.4""S","145°17'18.1""E",TRUE,261.243,Goulburn,KING PARROT CREEK,FLOWERDALE
405232,GOULBURN RIVER @ McCOYS BRIDGE,"36°10'39.7""S","145°07'08.6""E",TRUE,100.732,Goulburn,GOULBURN RIVER,McCOYS BRIDGE
405233,SPRING CREEK @ STRATHBOGIE,"36°51'22.9""S","145°43'59.6""E",FALSE,494.66,Goulburn,SPRING CREEK,STRATHBOGIE
405234,SEVEN CREEKS @ D/S OF POLLY MCQUINN WEIR,"36°53'13.2""S","145°40'57.9""E",TRUE,440.768,Goulburn,SEVEN CREEKS,POLLY MCQUINN WEIR
405235,HOWQUA RIVER @ BENBULLEN,"37°13'30.0""S","146°12'00.0""E",FALSE,304.971,Goulburn,HOWQUA RIVER,BENBULLEN
405236,ISLAND CREEK @ GLENBURN,"37°28'30.0""S","145°24'36.0""E",FALSE,447.446,Goulburn,ISLAND CREEK,GLENBURN
405237,SEVEN CREEKS @ EUROA TOWNSHIP,"36°45'44.5""S","145°35'09.0""E",TRUE,174.124,Goulburn,SEVEN CREEKS,EUROA TOWNSHIP
405238,MOLLISON CREEK @ PYALONG,"37°07'13.0""S","144°51'26.2""E",TRUE,247.779,Goulburn,MOLLISON CREEK,PYALONG
405239,SUNDAY CREEK @ CLONBINANE,"37°21'18.0""S","145°06'24.0""E",FALSE,328.125,Goulburn,SUNDAY CREEK,CLONBINANE
405240,SUGARLOAF CREEK @ ASH BRIDGE,"37°03'34.7""S","145°03'18.2""E",TRUE,143.517,Goulburn,SUGARLOAF CREEK,ASH BRIDGE
405241,RUBICON RIVER @ RUBICON,"37°17'25.3""S","145°49'39.2""E",TRUE,242.021,Goulburn,RUBICON RIVER,RUBICON
405242,SPRING CREEK @ (COLONIAL CREEK) KORIELLA,"37°09'00.0""S","145°39'00.0""E",FALSE,216.687,Goulburn,SPRING CREEK,(COLONIAL CREEK) KORIELLA
405243,GOULBURN RIVER @ TALLAROOK (CAMP HILL),"37°05'00.0""S","145°07'54.0""E",FALSE,153.591,Goulburn,GOULBURN RIVER,TALLAROOK (CAMP HILL)
405244,MERTON CREEK @ MERTON,"36°59'00.0""S","145°43'30.0""E",FALSE,323.426,Goulburn,MERTON CREEK,MERTON
405245,FORD CREEK @ MANSFIELD,"37°02'17.9""S","146°03'12.9""E",TRUE,296.827,Goulburn,FORD CREEK,MANSFIELD
405246,CASTLE CREEK @ ARCADIA,"36°35'27.0""S","145°21'04.1""E",TRUE,121.45,Goulburn,CASTLE CREEK,ARCADIA
405247,STONY CREEK @ TAMLEUGH,"36°35'27.1""S","145°37'32.8""E",TRUE,142.513,Goulburn,STONY CREEK,TAMLEUGH
405248,MAJOR CREEK @ GRAYTOWN,"36°51'16.0""S","144°54'52.5""E",TRUE,142.45,Goulburn,MAJOR CREEK,GRAYTOWN
405250,SNOBS CREEK @ ABOVE SNOBS CREEK FALLS,"37°19'06.0""S","145°53'48.0""E",FALSE,632.963,Goulburn,SNOBS CREEK,ABOVE SNOBS CREEK FALLS
405251,BRANKEET CREEK @ ANCONA,"36°58'07.8""S","145°47'07.6""E",TRUE,316.043,Goulburn,BRANKEET CREEK,ANCONA
405252,GLEN CREEK @ MAINDAMPLE,"37°00'30.0""S","145°54'12.0""E",FALSE,281.599,Goulburn,GLEN CREEK,MAINDAMPLE
405253,GOULBURN RIVER @ GOULBURN WEIR,"36°42'46.2""S","145°10'26.2""E",TRUE,126.139,Goulburn,GOULBURN RIVER,GOULBURN WEIR
405254,TALLANGALLOOK CREEK @ BONNIE DOON,"37°00'30.5""S","145°52'34.6""E",TRUE,304.176,Goulburn,TALLANGALLOOK CREEK,BONNIE DOON
405256,CORDUROY CREEK @ LAKE EILDON,"37°17'18.0""S","145°57'48.0""E",FALSE,321.062,Goulburn,CORDUROY CREEK,LAKE EILDON
405257,SNOBS CREEK @ SNOBS CREEK HATCHERY,"37°15'41.8""S","145°52'20.3""E",FALSE,226.396,Goulburn,SNOBS CREEK,SNOBS CREEK HATCHERY
405258,GOULBURN RIVER @ LAKE EILDON (HEAD GAUGE),"37°13'30.4""S","145°55'55.4""E",TRUE,276.877,Goulburn,GOULBURN RIVER,LAKE EILDON (HEAD GAUGE)
405259,GOULBURN RIVER @ GOULBURN WEIR (H.G.),"36°43'03.1""S","145°10'16.1""E",TRUE,126.463,Goulburn,GOULBURN RIVER,GOULBURN WEIR (H.G.)
405260,WARANGA BASIN @ HEAD GAUGE,"36°30'40.0""S","145°05'28.3""E",TRUE,119.78,Goulburn,WARANGA BASIN,HEAD GAUGE
405261,SPRING CREEK @ (COLONIAL CREEK) FAWCETT,"37°08'30.0""S","145°40'24.0""E",FALSE,234.703,Goulburn,SPRING CREEK,(COLONIAL CREEK) FAWCETT
405262,CREIGHTONS CREEK @ CREIGHTON,"36°47'36.0""S","145°28'54.0""E",FALSE,189.771,Goulburn,CREIGHTONS CREEK,CREIGHTON
405263,GOULBURN RIVER @ U/S OF SNAKE CREEK JUNCTION,"37°27'45.9""S","146°14'49.5""E",FALSE,403.996,Goulburn,GOULBURN RIVER,SNAKE CREEK JUNCTION
405264,BIG RIVER @ D/S OF FRENCHMAN CREEK JUNCTION,"37°31'09.8""S","146°04'33.9""E",TRUE,452.006,Goulburn,BIG RIVER,FRENCHMAN CREEK JUNCTION
405265,MILL CREEK @ TALLAROOK,"37°07'00.0""S","145°07'48.0""E",FALSE,357.789,Goulburn,MILL CREEK,TALLAROOK
405267,GOULBURN RIVER @ LAKE EILDON GOUGHS BAY,"37°11'32.2""S","146°04'02.4""E",FALSE,302.879,Goulburn,GOULBURN RIVER,LAKE EILDON GOUGHS BAY
405268,GOULBURN RIVER @ LAKE EILDON POINT TEHAN,"37°05'54.8""S","145°54'48.9""E",FALSE,297.878,Goulburn,GOULBURN RIVER,LAKE EILDON POINT TEHAN
405269,SEVEN CREEKS @ KIALLA WEST,"36°27'24.1""S","145°23'56.6""E",TRUE,112.155,Goulburn,SEVEN CREEKS,KIALLA WEST
405270,GOULBURN RIVER @ ARCADIA DOWNS,"36°26'19.8""S","145°20'50.8""E",FALSE,102.836,Goulburn,GOULBURN RIVER,ARCADIA DOWNS
405271,GOULBURN RIVER @ SHEPPARTON GOLF CLUB,"36°21'47.0""S","145°22'04.0""E",TRUE,101.694,Goulburn,GOULBURN RIVER,SHEPPARTON GOLF CLUB
405272,GOULBURN RIVER @ MOOROOPNA RAILWAY BRIDGE,"36°24'00.0""S","145°21'42.0""E",FALSE,109.219,Goulburn,GOULBURN RIVER,MOOROOPNA RAILWAY BRIDGE
405273,WHITEHEADS CREEK @ SEYMOUR RAILWAY BRIDGE,"37°01'12.0""S","145°08'18.0""E",FALSE,138.596,Goulburn,WHITEHEADS CREEK,SEYMOUR RAILWAY BRIDGE
405274,HOME CREEK @ YARCK,"37°06'21.4""S","145°36'18.5""E",TRUE,189.148,Goulburn,HOME CREEK,YARCK
405275,MADOWLA LAGOON @ LOWER MOIRA,"36°05'28.6""S","144°57'58.4""E",FALSE,95.991,Goulburn,MADOWLA LAGOON,LOWER MOIRA
405276,GOULBURN RIVER @ LOCH GARRY,"36°14'29.2""S","145°17'13.0""E",TRUE,106.064,Goulburn,GOULBURN RIVER,LOCH GARRY
405277,GOULBURN RIVER @ D/S YAMBUNA DRAIN OUTFALL,"36°07'15.8""S","144°58'07.7""E",FALSE,97.931,Goulburn,GOULBURN RIVER,YAMBUNA DRAIN OUTFALL
405278,GODFREY CREEK @ YARCK,"37°04'16.7""S","145°36'34.6""E",FALSE,210.858,Goulburn,GODFREY CREEK,YARCK
405279,WAPPENTAKE CREEK @ GLENLEA,"36°52'48.0""S","144°50'54.0""E",FALSE,158.117,Goulburn,WAPPENTAKE CREEK,GLENLEA
405280,MAJOR CREEK @ GLENLEA,"36°52'36.0""S","144°51'36.0""E",FALSE,155.303,Goulburn,MAJOR CREEK,GLENLEA
405281,COMPTON CREEK @ GRAYTOWN,"36°50'00.0""S","144°56'12.0""E",FALSE,139.978,Goulburn,COMPTON CREEK,GRAYTOWN
405282,GOULBURN RIVER @ KIRWAN'S BRIDGE,"36°44'45.7""S","145°08'23.0""E",TRUE,120.04,Goulburn,GOULBURN RIVER,KIRWAN'S BRIDGE
405284,SUNDAY CREEK @ MT DISAPPOINTMENT,"37°24'00.0""S","145°09'00.0""E",FALSE,700.844,Goulburn,SUNDAY CREEK,MT DISAPPOINTMENT
405287,WESTCOTT CREEK @ MT DISAPPOINTMENT US SUNDAY CK STORAGE,"37°21'58.5""S","145°07'48.9""E",TRUE,376.056,Goulburn,WESTCOTT CREEK,MT DISAPPOINTMENT US SUNDAY CK STORAGE
405288,SUNDAY CREEK @ MT DISAPPOINTMENT (US SUNDAY CK. STORAGE,"37°22'24.0""S","145°07'38.5""E",TRUE,380.299,Goulburn,SUNDAY CREEK,MT DISAPPOINTMENT (US SUNDAY CK. STORAGE
405290,PINE CREEK @ BROADFORD,"37°17'14.2""S","145°02'57.5""E",TRUE,247.838,Goulburn,PINE CREEK,BROADFORD
405291,WHITEHEADS CREEK @ WHITEHEADS CREEK,"37°01'55.4""S","145°12'31.8""E",TRUE,160.468,Goulburn,WHITEHEADS CREEK,WHITEHEADS CREEK
405292,SHEEP PEN CREEK @ CANIAMBO,"36°29'09.6""S","145°35'41.8""E",FALSE,124.554,Goulburn,SHEEP PEN CREEK,CANIAMBO
405293,GARDINER CREEK @ PUCKAPUNYAL,"36°53'14.3""S","145°03'27.5""E",FALSE,128.517,Goulburn,GARDINER CREEK,PUCKAPUNYAL
405294,HONEYSUCKLE CREEK @ U/S OF VIOLET TOWN,"36°42'43.9""S","145°45'37.6""E",TRUE,334.218,Goulburn,HONEYSUCKLE CREEK,VIOLET TOWN
405297,WARRIGAL CREEK @ STEWARTS BRIDGE,"36°06'16.1""S","144°51'32.0""E",TRUE,94.325,Goulburn,WARRIGAL CREEK,STEWARTS BRIDGE
405306,SEVEN CREEKS @ STRATHBOGIE,"36°51'45.7""S","145°44'00.2""E",TRUE,484.303,Goulburn,SEVEN CREEKS,STRATHBOGIE
405307,SEVEN CREEKS @ GALLS GAP ROAD,"36°52'47.5""S","145°37'10.8""E",TRUE,208.448,Goulburn,SEVEN CREEKS,GALLS GAP ROAD
405308,CASTLE CREEK @ TELFORD BRIDGE,"36°47'02.3""S","145°34'15.0""E",TRUE,185.101,Goulburn,CASTLE CREEK,TELFORD BRIDGE
405310,GOULBURN RIVER @ GHIN GHIN,"37°10'54.1""S","145°22'08.3""E",TRUE,153.819,Goulburn,GOULBURN RIVER,GHIN GHIN
405314,LAKE EILDON @ PEPPIN POINT (WQ),"37°04'39.4""S","145°51'33.1""E",FALSE,291.128,Goulburn,LAKE EILDON,PEPPIN POINT (WQ)
405316,GEMLEIGH MEADOWS @ CREEK MARRAWEENY,"36°35'44.2""S","145°41'20.6""E",FALSE,157.996,Goulburn,GEMLEIGH MEADOWS,CREEK MARRAWEENY
405317,GEMLEIGH MEADOWS @ STORAGE MARRAWEENY,"36°47'23.6""S","145°43'14.9""E",FALSE,460.111,Goulburn,GEMLEIGH MEADOWS,STORAGE MARRAWEENY
405318,PIPE BYPASS @ GEMLEIGH MEADOWS STORAGE,"36°47'22.2""S","145°43'21.6""E",FALSE,453.105,Goulburn,PIPE BYPASS,GEMLEIGH MEADOWS STORAGE
405321,DELATITE RIVER @ SAWMILL SETTLEMENT,"37°06'20.5""S","146°22'09.1""E",TRUE,597.459,Goulburn,DELATITE RIVER,SAWMILL SETTLEMENT
405323,GOULBURN RIVER @ TAHBILK WINERY,"36°49'31.0""S","145°05'04.6""E",TRUE,124.662,Goulburn,GOULBURN RIVER,TAHBILK WINERY
405324,GOULBURN RIVER @ U/S SHEPPARTON TREATMENT PLANT,"36°19'53.5""S","145°21'21.7""E",FALSE,97.956,Goulburn,GOULBURN RIVER,SHEPPARTON TREATMENT PLANT
405325,YEA RIVER @ GOULBURN VALLEY WATER PUMPING STATION,"37°13'00.3""S","145°26'07.4""E",TRUE,163.741,Goulburn,YEA RIVER,GOULBURN VALLEY WATER PUMPING STATION
405327,NINE MILE CREEK @ U/S GVW DAM NEAR LONGWOOD,"36°52'36.8""S","145°28'28.8""E",TRUE,387.074,Goulburn,NINE MILE CREEK,GVW DAM NEAR LONGWOOD
405328,STEAVENSON RIVER @ FALLS ROAD MARYSVILLE,"37°31'32.9""S","145°46'24.6""E",TRUE,509.1,Goulburn,STEAVENSON RIVER,FALLS ROAD MARYSVILLE
405329,GOULBURN RIVER @ KILLINGWORTH,"37°09'50.2""S","145°25'19.8""E",FALSE,162.779,Goulburn,GOULBURN RIVER,KILLINGWORTH
405330,S CREEK @ U/S MURRINDINDI RV BULL CK ROAD BRIDGE CROSSING,"37°27'04.9""S","145°35'14.3""E",FALSE,355.467,Goulburn,S CREEK,MURRINDINDI RV BULL CK ROAD BRIDGE CROSSING
405331,TAGGERTY RV @ LADY TALBOT DRIVE NEAR MARYSVILLE,"37°29'24.2""S","145°50'28.1""E",FALSE,785.416,Goulburn,TAGGERTY RV,LADY TALBOT DRIVE NEAR MARYSVILLE
405332,GOULBURN RIVER @ ALEXANDRA,"37°11'51.3""S","145°40'58.1""E",FALSE,240.005,Goulburn,GOULBURN RIVER,ALEXANDRA
405335,KILMORE CREEK @ U/S WASTE WATER TREATMENT PLANT,"37°16'10.5""S","144°56'52.1""E",TRUE,317.937,Goulburn,KILMORE CREEK,WASTE WATER TREATMENT PLANT
405336,SEVEN CREEKS @ ABBINGA RESERVOIR,"36°48'05.0""S","145°37'21.1""E",TRUE,190.763,Goulburn,SEVEN CREEKS,ABBINGA RESERVOIR
405341,YEA RIVER @ OLD KILLINGWORTH RD YEA,"37°12'36.5""S","145°24'47.1""E",TRUE,0,Goulburn,YEA RIVER,OLD KILLINGWORTH RD YEA
405342,KING PARROT CREEK @ FAIRVIEW RD BRIDGE KERRISDALE,"37°10'23.3""S","145°15'08.6""E",TRUE,0,Goulburn,KING PARROT CREEK,FAIRVIEW RD BRIDGE KERRISDALE
405404,MURRINDINDI RIVER @ DAMSITE ABOVE FALLS,"37°28'00.0""S","145°33'42.0""E",FALSE,597.237,Goulburn,MURRINDINDI RIVER,DAMSITE ABOVE FALLS
405406,FALLS CREEK @ WILHELMINA FALLS,"37°23'36.0""S","145°34'54.0""E",FALSE,592.083,Goulburn,FALLS CREEK,WILHELMINA FALLS
405601,GREEN LAKE @ COROP,"36°24'54.1""S","144°49'19.9""E",TRUE,103.951,Goulburn,GREEN LAKE,COROP
405602,LAKE COOPER @ COROP,"36°28'19.9""S","144°47'35.2""E",TRUE,104.39,Goulburn,LAKE COOPER,COROP
405603,WALENJOE SWAMP WQ,"36°27'55.7""S","144°53'03.5""E",FALSE,103.81,Goulburn,WALENJOE SWAMP,
405604,TWO TREE SWAMP WQ SITE,"36°30'00.0""S","144°54'00.0""E",FALSE,104.639,Goulburn,TWO TREE SWAMP,
405605,MOODY SWAMP WQ SITE,"36°13'37.9""S","145°47'55.0""E",FALSE,127.646,Goulburn,MOODY SWAMP,
405606,UNNAMED SWAMP WQ SITE,"36°34'53.3""S","145°36'04.6""E",FALSE,149.887,Goulburn,UNNAMED SWAMP,TAMLEUGH
405607,GOULBURN WEIR @ BURRAMURRA EAST 520,"36°43'11.3""S","145°10'51.9""E",FALSE,122.744,Goulburn,GOULBURN WEIR,BURRAMURRA EAST 520
405608,GOULBURN WEIR @ BACKWATER WEST 273,"36°44'52.9""S","145°07'45.6""E",FALSE,126.174,Goulburn,GOULBURN WEIR,BACKWATER WEST 273
405609,GOULBURN WEIR @ BACKWATER WEST 35,"36°45'24.7""S","145°07'33.6""E",FALSE,123.78,Goulburn,GOULBURN WEIR,BACKWATER WEST 35
405610,GOULBURN WEIR @ BACKWATER EAST 427,"36°45'25.8""S","145°08'30.8""E",FALSE,123.377,Goulburn,GOULBURN WEIR,BACKWATER EAST 427
405611,GOULBURN WEIR @ NAGAMBIE WEST 139,"36°46'30.4""S","145°07'53.5""E",FALSE,124.736,Goulburn,GOULBURN WEIR,NAGAMBIE WEST 139
405612,GOULBURN WEIR @ NAGAMBIE EAST 463,"36°46'43.9""S","145°08'33.5""E",FALSE,124.559,Goulburn,GOULBURN WEIR,NAGAMBIE EAST 463
405700,STUART MURRAY CHANNEL @ OFFTAKE,"36°42'58.6""S","145°10'09.3""E",TRUE,123.468,Goulburn,STUART MURRAY CHANNEL,OFFTAKE
405701,CATTANACH CHANNEL @ OFFTAKE D/S,"36°43'20.3""S","145°09'57.4""E",FALSE,126.794,Goulburn,CATTANACH CHANNEL,OFFTAKE D/S
405702,CATTANACH CHANNEL @ WARANGA INLET,"36°35'12.0""S","145°07'39.0""E",TRUE,129.432,Goulburn,CATTANACH CHANNEL,WARANGA INLET
405704,EAST GOULBURN @ MAIN CHANNEL 8 KM FLUME,"36°40'37.5""S","145°15'28.6""E",TRUE,123.777,Goulburn,EAST GOULBURN,MAIN CHANNEL 8 KM FLUME
405705,WARANGA WESTERN CHANNEL @ 0 MILE 40 CHAIN STRUCTURE,"36°32'25.0""S","145°01'02.7""E",TRUE,119.921,Goulburn,WARANGA WESTERN CHANNEL,0 MILE 40 CHAIN STRUCTURE
405708,CENTRAL GOULBURN @ (CUSSAN) NO 3 CH O/TAKE MEAS WEIR,"36°33'32.2""S","145°12'56.4""E",TRUE,124.378,Goulburn,CENTRAL GOULBURN,(CUSSAN) NO 3 CH O/TAKE MEAS WEIR
405709,CENTRAL GOULBURN @ (WILSON) NO.4CH O/TAKE MEASURING WEIR,"36°31'28.9""S","145°11'53.4""E",TRUE,118.36,Goulburn,CENTRAL GOULBURN,(WILSON) NO.4CH O/TAKE MEASURING WEIR
405710,CENTRAL GOULBURN @ (BRAY) NO 6CH - OFFTAKE MEAS. WEIR,"36°30'41.1""S","145°10'45.9""E",TRUE,119.1,Goulburn,CENTRAL GOULBURN,(BRAY) NO 6CH - OFFTAKE MEAS. WEIR
405711,CENTRAL GOULBURN @ NO 6 CH. NO XIV O/FALL,"36°11'57.0""S","145°08'15.8""E",FALSE,101.717,Goulburn,CENTRAL GOULBURN,NO 6 CH. NO XIV O/FALL
405712,CENTRAL GOULBURN @ NO. 8CH. - OFFTAKE MEASURING WEIR,"36°30'36.1""S","145°05'32.8""E",TRUE,119.71,Goulburn,CENTRAL GOULBURN,NO. 8CH. - OFFTAKE MEASURING WEIR
405714,CENTRAL GOULBURN @ NO.9 CH - OUTFALL NO. VI,"36°14'23.2""S","145°03'47.2""E",FALSE,103.063,Goulburn,CENTRAL GOULBURN,NO.9 CH - OUTFALL NO. VI
405715,CENTRAL GOULBURN @ NO. 15/6/4 OUTFALL 7 CHAIN MEA. WEIR,"36°21'12.8""S","145°20'47.1""E",FALSE,110.409,Goulburn,CENTRAL GOULBURN,NO. 15/6/4 OUTFALL 7 CHAIN MEA. WEIR
405716,CENTRAL GOULBURN @ CHANNEL 19/6 OUTFALL MEAUSRING WEIR,"36°13'43.0""S","145°12'42.4""E",FALSE,104.514,Goulburn,CENTRAL GOULBURN,CHANNEL 19/6 OUTFALL MEAUSRING WEIR
405717,CENTRAL GOULBURN @ NO 9 CHANNEL OFFTAKE,"36°32'16.8""S","145°01'11.6""E",TRUE,119.943,Goulburn,CENTRAL GOULBURN,NO 9 CHANNEL OFFTAKE
405719,RODNEY MAIN DRAIN @ WARREN,"36°13'05.7""S","145°09'03.1""E",FALSE,102.01,Goulburn,RODNEY MAIN DRAIN,WARREN
405720,RODNEY MAIN DRAIN @ WELLS CREEK,"36°11'10.7""S","145°08'27.9""E",TRUE,101.745,Goulburn,RODNEY MAIN DRAIN,WELLS CREEK
405721,ARDMONA MAIN DRAIN @ RETARDING BASIN,"36°19'24.6""S","145°17'46.4""E",FALSE,108.261,Goulburn,ARDMONA MAIN DRAIN,RETARDING BASIN
405729,CENTRAL GOULBURN @ CHANNEL 20/6 LILFORD ROAD,"36°20'34.9""S","145°08'51.0""E",FALSE,103.936,Goulburn,CENTRAL GOULBURN,CHANNEL 20/6 LILFORD ROAD
405730,TOOLAMBA COMMUNITY DRAIN @ D/S MURCHISON-MOOROOPNA RD,"36°30'14.7""S","145°18'39.3""E",TRUE,114.931,Goulburn,TOOLAMBA COMMUNITY DRAIN,MURCHISON-MOOROOPNA RD
405737,KYABRAM URBAN DRAIN @ FAUNA PARK,"36°19'20.7""S","145°02'41.6""E",FALSE,103.854,Goulburn,KYABRAM URBAN DRAIN,FAUNA PARK
405738,E.G.M. CHANNEL @ BROKEN CK OUTFALL (KATANDRA WEIR),"36°06'31.7""S","145°36'42.4""E",TRUE,112.904,Goulburn,E.G.M. CHANNEL,BROKEN CK OUTFALL (KATANDRA WEIR)
405739,EAST GOULBURN @ CH 29 O/FALL KATAMATITE-SHEPPARTON RD,"36°10'43.4""S","145°32'56.5""E",FALSE,110.919,Goulburn,EAST GOULBURN,CH 29 O/FALL KATAMATITE-SHEPPARTON RD
405740,EAST GOULBURN @ CH. NO 30 OUTFALL LABUAN ROAD,"36°10'06.6""S","145°32'05.2""E",FALSE,109.425,Goulburn,EAST GOULBURN,CH. NO 30 OUTFALL LABUAN ROAD
405741,EAST GOULBURN @ CH. NO 31 OUTFALL INVERGORDON ROAD,"36°08'42.4""S","145°31'54.4""E",FALSE,110.002,Goulburn,EAST GOULBURN,CH. NO 31 OUTFALL INVERGORDON ROAD
405746,EAST GOULBURN @ CHANNEL NO 15 OUTFALL ZEERUST ROAD,"36°16'34.0""S","145°25'12.3""E",FALSE,108.673,Goulburn,EAST GOULBURN,CHANNEL NO 15 OUTFALL ZEERUST ROAD
405749,MOSQUITO DEPRESSION DRAIN @ ROSS STREET,"36°25'52.9""S","145°13'22.8""E",FALSE,110.765,Goulburn,MOSQUITO DEPRESSION DRAIN,ROSS STREET
405753,ARDMONA MAIN DRAIN @ RETARDING BASIN'S INLET,"36°20'58.9""S","145°17'41.7""E",FALSE,108.188,Goulburn,ARDMONA MAIN DRAIN,RETARDING BASIN'S INLET
405757,SHEPPARTON @ D/S DRAIN NO 11 BOUNDARY ROAD,"36°11'52.0""S","145°23'25.9""E",FALSE,105.245,Goulburn,SHEPPARTON,DRAIN NO 11 BOUNDARY ROAD
405758,SHEPPARTON @ U/S DRAIN NO 12 GOULBURN VALLEY HIGHWAY,"36°10'54.1""S","145°26'00.8""E",TRUE,106.616,Goulburn,SHEPPARTON,DRAIN NO 12 GOULBURN VALLEY HIGHWAY
405779,SHEPPARTON @ D/S DRAIN NO 11 HOLMES RD BRIDGE,"36°10'50.6""S","145°22'56.9""E",TRUE,105.623,Goulburn,SHEPPARTON,DRAIN NO 11 HOLMES RD BRIDGE
405785,SHEPPARTON @ CH NO 12 O/FALL SHEPP. WWTP MCCLELLANDS R,"36°18'06.4""S","145°22'32.5""E",FALSE,107.518,Goulburn,SHEPPARTON,CH NO 12 O/FALL SHEPP. WWTP MCCLELLANDS R
405810,RAIN GAUGE @ (BIG RIVER) LOWER FRENCHMANS SPUR,"37°31'17.1""S","146°00'56.8""E",TRUE,578.91,Goulburn,RAIN GAUGE,(BIG RIVER) LOWER FRENCHMANS SPUR
405834,RAIN GAUGE @ (SHAWS) WARBURTON-WOODS POINT ROAD,"37°38'42.0""S","146°00'49.8""E",FALSE,963.054,Goulburn,RAIN GAUGE,(SHAWS) WARBURTON-WOODS POINT ROAD
405836,RAIN GAUGE @ WILLOWMAVIN,"37°15'10.8""S","144°51'41.7""E",TRUE,380.237,Goulburn,RAIN GAUGE,WILLOWMAVIN
405837,RAIN GAUGE @ MARYSVILLE GOLF CLUB,"37°29'44.7""S","145°44'52.2""E",TRUE,376.721,Goulburn,RAIN GAUGE,MARYSVILLE GOLF CLUB
405842,RAIN GAUGE @ MURRUNDINDI RD MURRUNDINDI FALLS,"37°22'26.1""S","145°33'58.2""E",TRUE,0,Goulburn,RAIN GAUGE,MURRUNDINDI RD MURRUNDINDI FALLS
405843,RAIN GAUGE @ BLACK RANGE RD MURRUNDINDI,"37°22'35.8""S","145°37'16.7""E",TRUE,0,Goulburn,RAIN GAUGE,BLACK RANGE RD MURRUNDINDI
405844,RAIN GAUGE @ OLD SEC SAWMILL RUBICON,"37°22'26.1""S","145°51'55.2""E",TRUE,0,Goulburn,RAIN GAUGE,OLD SEC SAWMILL RUBICON
405845,RAIN GAUGE @ FALLS RD STRATH CREEK,"37°16'09.9""S","145°12'39.1""E",TRUE,0,Goulburn,RAIN GAUGE,FALLS RD STRATH CREEK
405846,RAIN GAUGE @ SPRING CK RD FAWCETT,"37°04'46.1""S","145°42'52.1""E",TRUE,0,Goulburn,RAIN GAUGE,SPRING CK RD FAWCETT
405847,RAIN GAUGE @ YOUNG LANE PUCKAPUNYAL,"36°58'14.9""S","144°47'40.6""E",TRUE,0,Goulburn,RAIN GAUGE,YOUNG LANE PUCKAPUNYAL
406200,COLIBAN RIVER @ MALMSBURY RAIL BRIDGE,"37°11'29.3""S","144°22'49.2""E",TRUE,433.538,Campaspe,COLIBAN RIVER,MALMSBURY RAIL BRIDGE
406201,CAMPASPE RIVER @ BARNADOWN,"36°37'45.2""S","144°33'16.2""E",TRUE,134.029,Campaspe,CAMPASPE RIVER,BARNADOWN
406202,CAMPASPE RIVER @ ROCHESTER D/S WARANGA WESTERN CH SYPHN,"36°19'55.0""S","144°42'03.5""E",TRUE,111.65,Campaspe,CAMPASPE RIVER,ROCHESTER D/S WARANGA WESTERN CH SYPHN
406203,CAMPASPE RIVER @ CAMPASPE WEIR,"36°26'17.0""S","144°39'29.7""E",FALSE,122.995,Campaspe,CAMPASPE RIVER,CAMPASPE WEIR
406205,CAMPASPE RIVER @ ELMORE,"36°29'54.3""S","144°36'42.5""E",FALSE,122.854,Campaspe,CAMPASPE RIVER,ELMORE
406206,CAMPASPE RIVER @ AXEDALE,"36°47'34.0""S","144°30'22.7""E",FALSE,147.627,Campaspe,CAMPASPE RIVER,AXEDALE
406207,CAMPASPE RIVER @ EPPALOCK,"36°50'36.0""S","144°31'48.7""E",TRUE,152.903,Campaspe,CAMPASPE RIVER,EPPALOCK
406208,CAMPASPE RIVER @ ASHBOURNE,"37°23'15.8""S","144°27'01.7""E",TRUE,608.099,Campaspe,CAMPASPE RIVER,ASHBOURNE
406209,CAMPASPE RIVER @ CARLSRUHE,"37°17'06.0""S","144°29'48.0""E",FALSE,520.377,Campaspe,CAMPASPE RIVER,CARLSRUHE
406210,COLIBAN RIVER @ D/S LAURISTON RESERVOIR,"37°15'03.5""S","144°22'50.6""E",TRUE,465.711,Campaspe,COLIBAN RIVER,LAURISTON RESERVOIR
406212,CAMPASPE RIVER @ KYNETON,"37°13'21.5""S","144°25'07.8""E",TRUE,480.332,Campaspe,CAMPASPE RIVER,KYNETON
406213,CAMPASPE RIVER @ REDESDALE,"37°00'54.4""S","144°32'25.1""E",TRUE,214.924,Campaspe,CAMPASPE RIVER,REDESDALE
406214,AXE CREEK @ LONGLEA,"36°46'24.6""S","144°25'41.2""E",TRUE,169.142,Campaspe,AXE CREEK,LONGLEA
406215,COLIBAN RIVER @ LYAL,"36°57'41.8""S","144°29'29.6""E",TRUE,204.27,Campaspe,COLIBAN RIVER,LYAL
406216,AXE CREEK @ SEDGEWICK,"36°53'48.8""S","144°21'20.2""E",TRUE,242.785,Campaspe,AXE CREEK,SEDGEWICK
406217,SHEEPWASH CREEK @ TANNERY LANE,"36°49'00.0""S","144°18'30.0""E",FALSE,249.711,Campaspe,SHEEPWASH CREEK,TANNERY LANE
406218,CAMPASPE RIVER @ CAMPASPE WEIR (HEAD GAUGE),"36°26'11.0""S","144°39'32.3""E",TRUE,123.595,Campaspe,CAMPASPE RIVER,CAMPASPE WEIR (HEAD GAUGE)
406219,CAMPASPE RIVER @ LAKE EPPALOCK (HEAD GAUGE),"36°51'03.7""S","144°31'52.4""E",TRUE,159.886,Campaspe,CAMPASPE RIVER,LAKE EPPALOCK (HEAD GAUGE)
406220,COLIBAN RIVER @ MALMSBURY RESERVOIR (HEAD GAUGE),"37°11'30.0""S","144°22'60.0""E",TRUE,441.893,Campaspe,COLIBAN RIVER,MALMSBURY RESERVOIR (HEAD GAUGE)
406221,COLIBAN RIVER @ UPPER COLIBAN RES. (HEAD GAUGE),"37°17'04.3""S","144°23'46.0""E",TRUE,503.169,Campaspe,COLIBAN RIVER,UPPER COLIBAN RES. (HEAD GAUGE)
406222,COLIBAN RIVER @ LAURISTON RESERVOIR (HEAD GAUGE),"37°15'13.2""S","144°22'52.6""E",TRUE,484.671,Campaspe,COLIBAN RIVER,LAURISTON RESERVOIR (HEAD GAUGE)
406224,MOUNT PLEASANT CREEK @ RUNNYMEDE,"36°32'44.4""S","144°38'15.7""E",TRUE,133.673,Campaspe,MOUNT PLEASANT CREEK,RUNNYMEDE
406225,CAMPASPE RIVER @ LAKE EPPALOCK (O'LET MEAS. WEIR),"36°50'54.6""S","144°32'02.2""E",TRUE,154.27,Campaspe,CAMPASPE RIVER,LAKE EPPALOCK (O'LET MEAS. WEIR)
406226,MOUNT IDA CREEK @ DERRINAL,"36°52'49.2""S","144°39'07.2""E",TRUE,201.527,Campaspe,MOUNT IDA CREEK,DERRINAL
406235,WILD DUCK CREEK @ U/S OF HEATHCOTE-MIA MIA ROAD,"36°56'49.8""S","144°39'52.9""E",TRUE,206.72,Campaspe,WILD DUCK CREEK,HEATHCOTE-MIA MIA ROAD
406250,COLIBAN RIVER @ SPRINGHILL-TYLDEN ROAD,"37°19'10.1""S","144°21'50.2""E",TRUE,517.292,Campaspe,COLIBAN RIVER,SPRINGHILL-TYLDEN ROAD
406262,AXE CREEK @ STRATHFIELDSAYE,"36°48'39.3""S","144°23'28.4""E",TRUE,182.449,Campaspe,AXE CREEK,STRATHFIELDSAYE
406263,MULLERS CREEK @ MURRAY VALLEY HIGHWAY,"36°05'45.3""S","144°40'31.3""E",TRUE,93.003,Campaspe,MULLERS CREEK,MURRAY VALLEY HIGHWAY
406264,MILLEWA CREEK @ NORTHERN HIGHWAY ECHUCA,"36°11'12.1""S","144°43'49.9""E",TRUE,98.65,Campaspe,MILLEWA CREEK,NORTHERN HIGHWAY ECHUCA
406265,CAMPASPE RIVER @ ECHUCA,"36°08'41.0""S","144°44'07.2""E",TRUE,92.495,Campaspe,CAMPASPE RIVER,ECHUCA
406266,FIVE MILE CREEK @ WOODEND TREATMENT PLANT,"37°20'15.9""S","144°30'41.4""E",TRUE,537.94,Campaspe,FIVE MILE CREEK,WOODEND TREATMENT PLANT
406268,FIVE MILE CREEK @ D/S WOODEND WALLAN RD,"37°21'21.0""S","144°32'23.0""E",FALSE,558.213,Campaspe,FIVE MILE CREEK,WOODEND WALLAN RD
406273,TRENTHAM @ NO 2 RESERVOIR H.G. AT EAST TRENTHAM,"37°24'26.0""S","144°21'19.7""E",TRUE,728.873,Campaspe,TRENTHAM,NO 2 RESERVOIR H.G. AT EAST TRENTHAM
406275,CAMPASPE RIVER @ BURNEWANG-BONN ROAD,"36°24'21.7""S","144°41'37.7""E",FALSE,113.71,Campaspe,CAMPASPE RIVER,BURNEWANG-BONN ROAD
406276,CAMPASPE RIVER @ FEHRINGS LANE,"36°09'01.6""S","144°44'13.6""E",TRUE,87.953,Campaspe,CAMPASPE RIVER,FEHRINGS LANE
406277,CAMPASPE RIVER @ DOAKS RESERVE,"36°48'56.5""S","144°31'03.8""E",FALSE,153.947,Campaspe,CAMPASPE RIVER,DOAKS RESERVE
406278,CAMPASPE RIVER @ BACKHAUS ROAD,"36°41'51.5""S","144°31'31.8""E",FALSE,145.465,Campaspe,CAMPASPE RIVER,BACKHAUS ROAD
406279,COLIBAN RIVER @ U/S SUMMERHILL,"37°02'10.2""S","144°27'42.2""E",FALSE,269.443,Campaspe,COLIBAN RIVER,SUMMERHILL
406280,LITTLE COLIBAN RV @ GLUEPOT BRIDGE,"37°17'22.5""S","144°26'02.0""E",TRUE,509.624,Campaspe,LITTLE COLIBAN RV,GLUEPOT BRIDGE
406281,KANGAROO CREEK @ U/S MALMSBURY RESERVOIR,"37°14'20.3""S","144°20'21.1""E",TRUE,469.131,Campaspe,KANGAROO CREEK,MALMSBURY RESERVOIR
406282,TRENTHAM @ NO 1 RESERVOIR H.G. AT EAST TRENTHAM,"37°24'26.0""S","144°21'19.7""E",TRUE,728.873,Campaspe,TRENTHAM,NO 1 RESERVOIR H.G. AT EAST TRENTHAM
406700,COLIBAN MAIN CHANNEL @ OFFTAKE,"37°11'35.6""S","144°22'35.6""E",TRUE,437.641,Campaspe,COLIBAN MAIN CHANNEL,OFFTAKE
406704,DEAKIN MAIN DRAIN @ OUTFALL (ECHUCA),"36°07'43.2""S","144°46'09.5""E",TRUE,90.509,Campaspe,DEAKIN MAIN DRAIN,OUTFALL (ECHUCA)
406705,YAMBUNA MAIN DRAIN @ OUTFALL,"36°09'40.8""S","144°59'02.8""E",FALSE,96.654,Campaspe,YAMBUNA MAIN DRAIN,OUTFALL
406706,TANDARRA-CALIVIL CHANNEL @ OFFTAKE MEASURING WEIR,"36°23'36.5""S","144°18'01.8""E",FALSE,105.979,Campaspe,TANDARRA-CALIVIL CHANNEL,OFFTAKE MEASURING WEIR
406731,DEAKIN MAIN DRAIN @ (D/S DRAIN 3) GRAY RD,"36°19'15.7""S","144°55'06.8""E",TRUE,100.898,Campaspe,DEAKIN MAIN DRAIN,(D/S DRAIN 3) GRAY RD
406740,COLIBAN MAIN CHANNEL @ SANDHURST RESERVOIR INLET,"36°50'54.0""S","144°14'30.0""E",FALSE,337.922,Campaspe,COLIBAN MAIN CHANNEL,SANDHURST RESERVOIR INLET
406743,BAMAWM MAIN DRAIN @ O'DONNELL'S ROAD,"36°20'30.0""S","144°31'30.0""E",FALSE,117.52,Campaspe,BAMAWM MAIN DRAIN,O'DONNELL'S ROAD
406744,BAMAWM DRAIN @ O'DONNEL ROAD,"36°20'00.7""S","144°38'40.8""E",TRUE,111.968,Campaspe,BAMAWM DRAIN,O'DONNEL ROAD
406745,BAMAWM MAIN DRAIN @ DINGEE ROAD,"36°22'17.2""S","144°39'45.0""E",FALSE,116.424,Campaspe,BAMAWM MAIN DRAIN,DINGEE ROAD
406746,DEAKIN MAIN DRAIN @ SITE R,"36°27'07.6""S","144°57'03.0""E",FALSE,102.848,Campaspe,DEAKIN MAIN DRAIN,SITE R
406747,DEAKIN MAIN DRAIN @ SITE (S) MIDLAND HIGHWAY,"36°27'02.8""S","144°57'37.6""E",FALSE,103.702,Campaspe,DEAKIN MAIN DRAIN,SITE (S) MIDLAND HIGHWAY
406749,DEAKIN MAIN DRAIN @ SITE (U) MASON ROAD,"36°24'42.9""S","144°55'41.4""E",FALSE,103.246,Campaspe,DEAKIN MAIN DRAIN,SITE (U) MASON ROAD
406750,BAMAWM MAIN DRAIN @ DARGON'S BRIDGE,"36°07'43.5""S","144°36'02.5""E",FALSE,94.858,Campaspe,BAMAWM MAIN DRAIN,DARGON'S BRIDGE
406751,BAMAWM MAIN DRAIN @ D/S WARANGA WESTERN CHANNEL,"36°18'52.3""S","144°37'27.3""E",FALSE,110.769,Campaspe,BAMAWM MAIN DRAIN,WARANGA WESTERN CHANNEL
406753,BAMAWM DRAIN @ FOSTER ROAD,"36°20'49.2""S","144°37'46.6""E",FALSE,112.286,Campaspe,BAMAWM DRAIN,FOSTER ROAD
406755,DEAKIN DRAIN NO 10 OUTFALL @ STANHOPE,"36°26'54.0""S","144°57'18.0""E",FALSE,105.542,Campaspe,DEAKIN DRAIN NO 10 OUTFALL,STANHOPE
406756,MOSQUITO CREEK DEPRESSION @ CURR ROAD,"36°19'43.3""S","144°58'51.2""E",TRUE,102.147,Campaspe,MOSQUITO CREEK DEPRESSION,CURR ROAD
406757,RICHARDSONS LAGOON OUTFALL @ TORRUMBARRY ESTATE,"36°01'26.7""S","144°34'12.8""E",FALSE,89.701,Campaspe,RICHARDSONS LAGOON OUTFALL,TORRUMBARRY ESTATE
406758,BAMAWN MAIN DRAIN @ RICHARDSON LAGOON OUTFALL,"36°02'25.8""S","144°34'43.8""E",TRUE,89.207,Campaspe,BAMAWN MAIN DRAIN,RICHARDSON LAGOON OUTFALL
406759,ROCHESTER NO 14 OUTFALL @ COCKBILL ROAD,"36°10'58.6""S","144°37'34.2""E",FALSE,101.264,Campaspe,ROCHESTER NO 14 OUTFALL,COCKBILL ROAD
406764,CAMPASPE DRAIN @ OUTFALL,"36°19'41.2""S","144°42'03.6""E",TRUE,110.799,Campaspe,CAMPASPE DRAIN,OUTFALL
406766,CAMPASPE DRAIN @ U/S NORTHERN HIGHWAY,"36°19'07.2""S","144°41'04.5""E",TRUE,110.431,Campaspe,CAMPASPE DRAIN,NORTHERN HIGHWAY
406769,OLD DEAKIN DRAIN NO 5 @ ECHUCA-KYABRAM RD,"36°15'16.7""S","144°50'35.1""E",FALSE,98.836,Campaspe,OLD DEAKIN DRAIN NO 5,ECHUCA-KYABRAM RD
406802,RAIN GAUGE @(CAMPASPE RIVER) REDESDALE,"37°00'54.4""S","144°32'25.1""E",TRUE,214.924,Campaspe,RAIN GAUGE,(CAMPASPE RIVER) REDESDALE
407200,LODDON RIVER @ BRIDGEWATER,"36°36'03.4""S","143°56'23.1""E",FALSE,136.841,Loddon,LODDON RIVER,BRIDGEWATER
407202,LODDON RIVER @ KERANG,"35°42'11.6""S","143°55'09.2""E",TRUE,76.394,Loddon,LODDON RIVER,KERANG
407203,LODDON RIVER @ LAANECOORIE,"36°49'52.3""S","143°53'30.2""E",TRUE,155.261,Loddon,LODDON RIVER,LAANECOORIE
407204,LODDON RIVER @ VAUGHAN U/S FRYERS CREEK,"37°09'42.0""S","144°12'24.0""E",FALSE,314.977,Loddon,LODDON RIVER,VAUGHAN U/S FRYERS CREEK
407205,LODDON RIVER @ APPIN SOUTH,"35°55'27.6""S","143°52'18.8""E",TRUE,82.994,Loddon,LODDON RIVER,APPIN SOUTH
407208,LARNI BARRAMAL YALUK @ FRANKLINFORD (BELOW OFFTAKE),"37°13'30.0""S","144°06'00.0""E",FALSE,310.362,Loddon,LARNI BARRAMAL YALUK,FRANKLINFORD (BELOW OFFTAKE)
407209,GUNBOWER CREEK @ KOONDROOK,"35°39'23.7""S","144°07'29.4""E",TRUE,77.341,Loddon,GUNBOWER CREEK,KOONDROOK
407210,LODDON RIVER @ CAIRN CURRAN RESERVOIR T.G.,"36°59'06.6""S","143°58'02.9""E",TRUE,182.847,Loddon,LODDON RIVER,CAIRN CURRAN RESERVOIR T.G.
407211,BET BET CREEK @ BET BET,"36°55'20.2""S","143°44'48.3""E",TRUE,174.919,Loddon,BET BET CREEK,BET BET
407212,TULLAROOP CREEK @ CARISBROOK,"37°03'00.0""S","143°49'00.0""E",FALSE,190.165,Loddon,TULLAROOP CREEK,CARISBROOK
407213,MCCALLUM CREEK @ CARISBROOK,"37°05'03.8""S","143°48'42.0""E",TRUE,194.987,Loddon,MCCALLUM CREEK,CARISBROOK
407214,CRESWICK CREEK @ CLUNES,"37°17'47.9""S","143°47'23.4""E",TRUE,297.082,Loddon,CRESWICK CREEK,CLUNES
407215,LODDON RIVER @ NEWSTEAD,"37°06'32.5""S","144°03'28.8""E",TRUE,212.534,Loddon,LODDON RIVER,NEWSTEAD
407216,BARR CREEK @ CAPELS CROSSING,"35°36'30.0""S","143°57'00.0""E",FALSE,74.288,Loddon,BARR CREEK,CAPELS CROSSING
407217,LODDON RIVER @ VAUGHAN D/S FRYERS CREEK,"37°09'28.6""S","144°12'30.3""E",TRUE,267.714,Loddon,LODDON RIVER,VAUGHAN D/S FRYERS CREEK
407220,BET BET CREEK @ NORWOOD,"36°59'41.2""S","143°38'33.3""E",TRUE,196.911,Loddon,BET BET CREEK,NORWOOD
407221,LARNI BARRAMAL YALUK @ YANDOIT,"37°12'23.1""S","144°06'01.3""E",TRUE,267.145,Loddon,LARNI BARRAMAL YALUK,YANDOIT
407222,TULLAROOP CREEK @ CLUNES,"37°13'38.8""S","143°50'02.7""E",TRUE,259.049,Loddon,TULLAROOP CREEK,CLUNES
407223,TULLAROOP CREEK @ RODBOROUGH,"37°06'00.0""S","143°52'00.0""E",FALSE,201.483,Loddon,TULLAROOP CREEK,RODBOROUGH
407224,LODDON RIVER @ LODDON WEIR,"36°19'24.3""S","143°51'54.9""E",TRUE,102.832,Loddon,LODDON RIVER,LODDON WEIR
407227,BIRCH CREEK @ SMEATON,"37°20'01.8""S","143°55'21.1""E",TRUE,411.213,Loddon,BIRCH CREEK,SMEATON
407228,PICCANINNY CREEK @ KAMAROOKA,"36°23'52.8""S","144°22'42.7""E",FALSE,111.608,Loddon,PICCANINNY CREEK,KAMAROOKA
407229,LODDON RIVER @ SERPENTINE WEIR,"36°25'36.4""S","143°57'04.4""E",TRUE,117.868,Loddon,LODDON RIVER,SERPENTINE WEIR
407230,JOYCES CREEK @ STRATHLEA,"37°09'50.1""S","143°57'44.9""E",TRUE,236.221,Loddon,JOYCES CREEK,STRATHLEA
407231,DOCTORS CREEK @ LEXTON,"37°16'30.0""S","143°33'00.0""E",FALSE,366.307,Loddon,DOCTORS CREEK,LEXTON
407232,SERPENTINE CREEK @ SERPENTINE,"36°24'30.0""S","143°58'00.0""E",FALSE,115.447,Loddon,SERPENTINE CREEK,SERPENTINE
407235,BULLOCK CREEK @ LOCKWOOD,"36°52'12.0""S","144°12'00.0""E",FALSE,266.594,Loddon,BULLOCK CREEK,LOCKWOOD
407236,MOUNT HOPE CREEK @ MITIAMO,"36°09'45.0""S","144°17'08.9""E",TRUE,92.737,Loddon,MOUNT HOPE CREEK,MITIAMO
407237,CRESWICK CREEK @ CRESWICK U/S COSGRAVE RES.,"37°26'28.5""S","143°56'46.8""E",TRUE,484.741,Loddon,CRESWICK CREEK,CRESWICK U/S COSGRAVE RES.
407238,ADEKATE CREEK @ CRESWICK,"37°26'39.6""S","143°56'58.0""E",TRUE,492.913,Loddon,ADEKATE CREEK,CRESWICK
407239,MIDDLE CREEK @ RODBOROUGH,"37°08'17.7""S","143°54'48.2""E",TRUE,241.468,Loddon,MIDDLE CREEK,RODBOROUGH
407240,LODDON RIVER @ LAANECOORIE RESERVOIR (H. GAUGE),"36°50'01.7""S","143°53'30.1""E",TRUE,153.884,Loddon,LODDON RIVER,LAANECOORIE RESERVOIR (H. GAUGE)
407241,LODDON RIVER @ CAIRN CURRAN RESERVOIR (HEAD GAUGE),"36°59'20.5""S","143°58'06.3""E",TRUE,191.219,Loddon,LODDON RIVER,CAIRN CURRAN RESERVOIR (HEAD GAUGE)
407242,LODDON RIVER @ MURRAY VALLEY HIGHWAY BRIDGE (KERANG),"35°44'06.6""S","143°54'32.7""E",FALSE,77.53,Loddon,LODDON RIVER,MURRAY VALLEY HIGHWAY BRIDGE (KERANG)
407244,TULLAROOP CREEK @ TULLAROOP RESERVOIR (HEAD GAUGE),"37°05'34.7""S","143°51'49.4""E",TRUE,227.27,Loddon,TULLAROOP CREEK,TULLAROOP RESERVOIR (HEAD GAUGE)
407246,BULLOCK CREEK @ MARONG,"36°43'44.2""S","144°08'09.8""E",TRUE,183.84,Loddon,BULLOCK CREEK,MARONG
407247,BIRCH CREEK @ CLUNES WEIR (HEAD GAUGE),"37°20'00.0""S","143°54'00.0""E",FALSE,412.633,Loddon,BIRCH CREEK,CLUNES WEIR (HEAD GAUGE)
407248,TULLAROOP CREEK @ TULLARROP RES. (O'LET MEAS. WEIR),"37°05'25.7""S","143°51'55.2""E",TRUE,202.116,Loddon,TULLAROOP CREEK,TULLARROP RES. (O'LET MEAS. WEIR)
407249,BIRCH CREEK @ NEWLYN RESERVOIR (TAIL GAUGE),"37°24'15.4""S","144°00'12.4""E",TRUE,533.319,Loddon,BIRCH CREEK,NEWLYN RESERVOIR (TAIL GAUGE)
407251,SHEEPWASH CREEK @ SHEEPWASH WEIR (KERANG) H.G.,"35°42'36.4""S","143°54'36.1""E",TRUE,75.397,Loddon,SHEEPWASH CREEK,SHEEPWASH WEIR (KERANG) H.G.
407252,BARR CREEK @ CAPELS FLUME,"35°36'16.6""S","143°55'52.2""E",TRUE,72.922,Loddon,BARR CREEK,CAPELS FLUME
407253,BENDIGO CREEK @ MINTO,"36°27'06.9""S","144°28'09.7""E",TRUE,120.297,Loddon,BENDIGO CREEK,MINTO
407254,BENDIGO CREEK @ BENDIGO,"36°44'43.3""S","144°17'26.6""E",TRUE,204.135,Loddon,BENDIGO CREEK,BENDIGO
407255,BENDIGO CREEK @ HUNTLY,"36°37'59.3""S","144°21'52.9""E",TRUE,160.04,Loddon,BENDIGO CREEK,HUNTLY
407256,BENDIGO CREEK @ BENDIGO GOLDEN SQUARE,"36°47'06.0""S","144°14'30.0""E",FALSE,246.049,Loddon,BENDIGO CREEK,BENDIGO GOLDEN SQUARE
407257,BACK CREEK @ BENDIGO QUARRY HILL,"36°45'48.0""S","144°17'30.0""E",FALSE,221.226,Loddon,BACK CREEK,BENDIGO QUARRY HILL
407258,MYERS CREEK @ MYERS FLAT,"36°41'23.7""S","144°11'59.3""E",FALSE,166.544,Loddon,MYERS CREEK,MYERS FLAT
407260,LODDON RIVER @ MACORNA SYPHON,"35°59'24.0""S","143°50'31.1""E",FALSE,86.215,Loddon,LODDON RIVER,MACORNA SYPHON
407282,BENDIGO CREEK @ HUNTLY ANABRANCH,"36°38'12.0""S","144°21'36.0""E",FALSE,160.816,Loddon,BENDIGO CREEK,HUNTLY ANABRANCH
407283,BARR CREEK @ SCHWENKES ROAD,"35°45'28.0""S","144°06'19.7""E",TRUE,76.869,Loddon,BARR CREEK,SCHWENKES ROAD
407284,CALIVIL CREEK @ WISHARTS ROAD,"35°53'20.4""S","144°02'36.3""E",TRUE,79.777,Loddon,CALIVIL CREEK,WISHARTS ROAD
407285,NINE MILE CREEK @ COADS ROAD,"35°53'45.6""S","143°59'44.2""E",TRUE,79.705,Loddon,NINE MILE CREEK,COADS ROAD
407286,WANDELLA CREEK @ FAIRLEY,"35°41'41.0""S","143°52'16.5""E",TRUE,75.558,Loddon,WANDELLA CREEK,FAIRLEY
407287,BULLOCK CREEK @ U/S BOX CREEK,"35°55'21.2""S","144°11'04.2""E",TRUE,80.215,Loddon,BULLOCK CREEK,BOX CREEK
407288,BET BET CREEK @ LILLICUR,"37°11'16.0""S","143°31'22.2""E",TRUE,266.122,Loddon,BET BET CREEK,LILLICUR
407289,NINE MILE CREEK @ SERPENTINE CREEK OFFTAKE,"36°05'51.8""S","143°55'27.2""E",TRUE,91.746,Loddon,NINE MILE CREEK,SERPENTINE CREEK OFFTAKE
407290,BULLOCK CREEK @ EAST LODDON,"36°22'22.8""S","144°08'14.8""E",TRUE,107.344,Loddon,BULLOCK CREEK,EAST LODDON
407293,BOX CREEK @ D/S KOW SWAMP REGULATOR,"35°55'51.1""S","144°15'44.5""E",TRUE,81.534,Loddon,BOX CREEK,KOW SWAMP REGULATOR
407294,PYRAMID CREEK @ FLANNERY'S BRIDGE,"35°53'06.6""S","144°10'36.7""E",TRUE,80.031,Loddon,PYRAMID CREEK,FLANNERY'S BRIDGE
407295,BOX CREEK @ MANSFIELD'S BRIDGE,"35°54'51.0""S","144°12'12.7""E",TRUE,81.066,Loddon,BOX CREEK,MANSFIELD'S BRIDGE
407296,PYRAMID CREEK @ YATES ROAD,"35°52'48.0""S","144°07'00.0""E",FALSE,80.031,Loddon,PYRAMID CREEK,YATES ROAD
407298,BOX CREEK @ U/S MANSFIELD ROAD,"35°55'30.0""S","144°12'18.0""E",FALSE,81.648,Loddon,BOX CREEK,MANSFIELD ROAD
407300,MUCKLEFORD CREEK @ MUCKLEFORD NORTH,"37°01'00.1""S","144°08'30.3""E",TRUE,266.395,Loddon,MUCKLEFORD CREEK,MUCKLEFORD NORTH
407301,WANDELLA CREEK @ GANNONS WEIR,"36°00'39.7""S","143°49'34.1""E",TRUE,87.083,Loddon,WANDELLA CREEK,GANNONS WEIR
407302,VENABLES CREEK @ BOORT DURHAM OX ROAD,"36°07'17.9""S","143°50'00.4""E",TRUE,92.943,Loddon,VENABLES CREEK,BOORT DURHAM OX ROAD
407310,WELSHMANS GULLY @ HEPBURN SPRINGS,"37°18'16.2""S","144°08'27.3""E",FALSE,443.083,Loddon,WELSHMANS GULLY,HEPBURN SPRINGS
407311,WOMBAT CREEK @ D/S WOMBAT CREEK RESERVOIR,"37°23'23.4""S","144°10'28.0""E",TRUE,635.544,Loddon,WOMBAT CREEK,WOMBAT CREEK RESERVOIR
407312,KANGAROO CREEK @ U/S BULLARTO RES.,"37°23'10.1""S","144°14'22.1""E",TRUE,716.615,Loddon,KANGAROO CREEK,BULLARTO RES.
407313,WOMBAT CREEK @ WOMBAT CREEK RESERVOIR (H.G.),"37°23'26.6""S","144°10'30.2""E",TRUE,651.449,Loddon,WOMBAT CREEK,WOMBAT CREEK RESERVOIR (H.G.)
407314,MCCALLUM CREEK @ U/S EVANSFORD RESERVOIR,"37°17'02.2""S","143°38'56.0""E",TRUE,349.53,Loddon,MCCALLUM CREEK,EVANSFORD RESERVOIR
407315,STONY CREEK @ U/S TALBOT RESERVOIR,"37°15'26.6""S","143°37'54.2""E",TRUE,340.349,Loddon,STONY CREEK,TALBOT RESERVOIR
407317,BARR CREEK @ BARR CREEK PUMPS,"35°33'29.4""S","143°51'07.0""E",FALSE,72.869,Loddon,BARR CREEK,BARR CREEK PUMPS
407318,LOCARNO SPRINGS @ HEPBURN SPRINGS,"37°18'16.2""S","144°08'27.3""E",FALSE,443.083,Loddon,LOCARNO SPRINGS,HEPBURN SPRINGS
407319,HEPBURN LAGOON @ OUTFALL CREEK,"37°21'56.3""S","143°59'26.1""E",TRUE,510.741,Loddon,HEPBURN LAGOON,OUTFALL CREEK
407320,LODDON RIVER @ D/S LODDON WEIR,"36°18'54.9""S","143°52'09.7""E",FALSE,104.635,Loddon,LODDON RIVER,LODDON WEIR
407321,LODDON RIVER @ TURNERS CROSSING,"36°29'22.1""S","143°59'15.8""E",FALSE,118.56,Loddon,LODDON RIVER,TURNERS CROSSING
407322,TULLAROOP CREEK @ MULLINS ROAD,"36°55'21.3""S","143°51'12.6""E",FALSE,161.7,Loddon,TULLAROOP CREEK,MULLINS ROAD
407323,LODDON RIVER @ YANDO ROAD,"36°03'11.6""S","143°49'44.5""E",TRUE,88.972,Loddon,LODDON RIVER,YANDO ROAD
407324,CRESWICK CREEK @ COSGROVE RESERVOIR,"37°26'41.2""S","143°56'10.5""E",TRUE,492.129,Loddon,CRESWICK CREEK,COSGROVE RESERVOIR
407326,DOCTORS CREEK @ LEXTON RES. H.G.,"37°16'45.8""S","143°32'41.1""E",TRUE,366.646,Loddon,DOCTORS CREEK,LEXTON RES. H.G.
407327,KANGAROO CREEK @ BULLARTO RES. H.G.,"37°22'41.3""S","144°14'23.9""E",TRUE,698.983,Loddon,KANGAROO CREEK,BULLARTO RES. H.G.
407330,GUNBOWER CREEK @ COHUNA WEIR POOL,"35°48'27.4""S","144°13'18.8""E",FALSE,81.27,Loddon,GUNBOWER CREEK,COHUNA WEIR POOL
407331,GUNBOWER CREEK @ YARRAN OFFTAKE,"35°45'53.7""S","144°13'56.5""E",FALSE,79.825,Loddon,GUNBOWER CREEK,YARRAN OFFTAKE
407332,GUNBOWER CREEK @ CONDIDORIOS BRIDGE,"35°38'56.4""S","144°07'57.7""E",TRUE,77.116,Loddon,GUNBOWER CREEK,CONDIDORIOS BRIDGE
407333,MCCALLUM CREEK @ EVANSFORD RES. H.G.,"37°16'32.2""S","143°39'15.1""E",TRUE,341.385,Loddon,MCCALLUM CREEK,EVANSFORD RES. H.G.
407334,STONY CREEK @ TALBOT RES. H.G.,"37°14'58.5""S","143°38'25.7""E",TRUE,330.658,Loddon,STONY CREEK,TALBOT RES. H.G.
407335,CENTENARY RESERVOIR HEAD GAUGE,"37°04'28.3""S","143°44'04.3""E",TRUE,281.424,Loddon,CENTENARY RESERVOIR,
407336,GUNBOWER FOREST OUTFALL @ CHINAMAN BEND,"35°39'23.2""S","144°08'35.7""E",TRUE,75.084,Loddon,GUNBOWER FOREST OUTFALL,CHINAMAN BEND
407337,LITTLE GUNBOWER LAGOON @ BIRD COLONY,"35°42'06.7""S","144°11'35.5""E",TRUE,77.321,Loddon,LITTLE GUNBOWER LAGOON,BIRD COLONY
407338,YARRAN CREEK @ GUNBOWER CREEK OFFTAKE,"35°45'52.9""S","144°13'57.2""E",TRUE,80.348,Loddon,YARRAN CREEK,GUNBOWER CREEK OFFTAKE
407339,REEDY CREEK @ GUNBOWER CREEK OFFTAKE,"35°44'13.0""S","144°11'26.8""E",TRUE,79.356,Loddon,REEDY CREEK,GUNBOWER CREEK OFFTAKE
407340,BLACK SWAMP @ GUNBOWER CREEK OFFTAKE,"35°42'38.9""S","144°10'41.0""E",TRUE,79.173,Loddon,BLACK SWAMP,GUNBOWER CREEK OFFTAKE
407341,HEPPELL LAGOON @ HEPPELL ROAD,"36°00'01.6""S","144°29'48.1""E",FALSE,86.389,Loddon,HEPPELL LAGOON,HEPPELL ROAD
407342,HEPPELL LAGOON @ CORDELL ISLAND,"35°59'47.0""S","144°29'17.9""E",FALSE,85.352,Loddon,HEPPELL LAGOON,CORDELL ISLAND
407343,HEART LAGOON @ DIRT TRACK,"35°58'46.3""S","144°29'01.5""E",FALSE,87.157,Loddon,HEART LAGOON,DIRT TRACK
407344,HEART LAGOON @ HEADWORKS ROAD,"35°58'48.6""S","144°28'26.0""E",FALSE,87.924,Loddon,HEART LAGOON,HEADWORKS ROAD
407345,UREGULATED LAGOON @ HEADWORKS ROAD,"35°59'00.9""S","144°28'16.6""E",FALSE,84.77,Loddon,UREGULATED LAGOON,HEADWORKS ROAD
407346,SPLATTS LAGOON @ PATHO CEMETERY ROAD,"36°00'03.3""S","144°28'20.0""E",FALSE,84.627,Loddon,SPLATTS LAGOON,PATHO CEMETERY ROAD
407347,SPLATTS LAGOON @ CNR PATHO CEMETERY RD & TORRUMBARRY W. RD,"35°59'44.0""S","144°27'28.1""E",FALSE,85.285,Loddon,SPLATTS LAGOON,CNR PATHO CEMETERY RD & TORRUMBARRY W. RD
407348,SPLATTS LAGOON @ MCGILLVRAYS,"36°00'18.1""S","144°26'49.3""E",FALSE,84.601,Loddon,SPLATTS LAGOON,MCGILLVRAYS
407349,TURNERS LAGOON @ MAYERS LANE,"35°59'54.7""S","144°25'51.8""E",FALSE,84.732,Loddon,TURNERS LAGOON,MAYERS LANE
407350,TURNERS LAGOON @ PHYLAND ROAD,"35°59'13.7""S","144°24'48.8""E",FALSE,83.982,Loddon,TURNERS LAGOON,PHYLAND ROAD
407351,PHYLAND LAGOON @ GIBBON ROAD,"35°58'35.7""S","144°24'53.7""E",FALSE,84.513,Loddon,PHYLAND LAGOON,GIBBON ROAD
407352,LONGMORE LAGOON @ GIBBON ROAD,"35°58'58.0""S","144°24'12.0""E",FALSE,84.693,Loddon,LONGMORE LAGOON,GIBBON ROAD
407353,LONGMORE LAGOON @ RANKINS,"35°57'36.2""S","144°24'16.0""E",FALSE,85.081,Loddon,LONGMORE LAGOON,RANKINS
407354,LONGMORE LAGOON @ FRACARO ROAD,"35°57'46.8""S","144°23'33.5""E",FALSE,84.313,Loddon,LONGMORE LAGOON,FRACARO ROAD
407355,UPPER GUNBOWER LAGOON @ FOX ISLAND ROAD,"35°56'46.1""S","144°22'60.0""E",FALSE,82.943,Loddon,UPPER GUNBOWER LAGOON,FOX ISLAND ROAD
407356,UPPER GUNBOWER LAGOON @ ISLAND SCHOOL ROAD,"35°55'44.0""S","144°23'34.8""E",FALSE,82.973,Loddon,UPPER GUNBOWER LAGOON,ISLAND SCHOOL ROAD
407357,GUM LAGOON @ LAGOON ROAD,"35°56'13.4""S","144°22'40.4""E",FALSE,84.971,Loddon,GUM LAGOON,LAGOON ROAD
407358,COCKATOO LAGOON @ CNR LAGOON RD & DICKSON RD,"35°55'36.2""S","144°21'17.5""E",FALSE,81.18,Loddon,COCKATOO LAGOON,CNR LAGOON RD & DICKSON RD
407359,COCKATOO LAGOON @ CNR THOMPSONS BRIDGE ROAD,"35°54'38.1""S","144°21'59.0""E",FALSE,81.22,Loddon,COCKATOO LAGOON,CNR THOMPSONS BRIDGE ROAD
407360,TAYLOR LAGOON @ BATEMAN'S ROAD,"35°51'04.0""S","144°19'01.6""E",FALSE,81.5,Loddon,TAYLOR LAGOON,BATEMAN'S ROAD
407361,TAYLOR LAGOON @ W TAYLORS ROAD,"35°51'05.4""S","144°18'28.0""E",FALSE,81.699,Loddon,TAYLOR LAGOON,W TAYLORS ROAD
407362,SAFES LAGOON @ SAFES ROAD,"35°41'20.4""S","144°09'25.3""E",FALSE,77.138,Loddon,SAFES LAGOON,SAFES ROAD
407363,GREENS LAGOON @ FIFE SLEEPER TRACK,"35°45'32.7""S","144°14'52.9""E",FALSE,77.8,Loddon,GREENS LAGOON,FIFE SLEEPER TRACK
407365,CHARCOAL SWAMP @ WEE WEE RUP TRACK IN GUNBOWER FOREST,"35°45'30.9""S","144°16'28.0""E",FALSE,78.371,Loddon,CHARCOAL SWAMP,WEE WEE RUP TRACK IN GUNBOWER FOREST
407366,LITTLE REEDY LAGOON @ GUNBOWER FOREST,"35°46'00.1""S","144°16'04.8""E",TRUE,78.702,Loddon,LITTLE REEDY LAGOON,GUNBOWER FOREST
407368,GUNBOWER CREEK @ D/S YARRAN REGULATOR,"35°45'28.2""S","144°12'60.0""E",TRUE,79.436,Loddon,GUNBOWER CREEK,YARRAN REGULATOR
407369,SPUR CREEK @ EAST BRANCH,"35°50'54.8""S","144°20'45.2""E",TRUE,79.961,Loddon,SPUR CREEK,EAST BRANCH
407370,SPUR CREEK @ BURKES BRIDGE,"35°50'22.7""S","144°20'06.1""E",FALSE,81.666,Loddon,SPUR CREEK,BURKES BRIDGE
407371,SPUR CREEK @ NURSERY TRACK,"35°48'49.7""S","144°19'33.2""E",FALSE,80.518,Loddon,SPUR CREEK,NURSERY TRACK
407372,GUNBOWER CREEK @ COHUNA GOLF COURSE,"35°45'58.9""S","144°13'51.2""E",TRUE,80.312,Loddon,GUNBOWER CREEK,COHUNA GOLF COURSE
407373,YARRAN CREEK @ D/S YARRAN REGULATOR,"35°45'43.7""S","144°13'55.3""E",TRUE,80.093,Loddon,YARRAN CREEK,YARRAN REGULATOR
407374,YARRAN CREEK @ SHILLINGSLAWS REGULATOR,"35°44'22.1""S","144°15'12.5""E",FALSE,80.018,Loddon,YARRAN CREEK,SHILLINGSLAWS REGULATOR
407375,GUNBOWER FOREST OUTFALL @ BARHAM CUT,"35°41'34.0""S","144°12'44.8""E",FALSE,78.608,Loddon,GUNBOWER FOREST OUTFALL,BARHAM CUT
407376,SPRING CREEK @ HEPBURN RESERVOIR H.G.,"37°19'40.7""S","144°09'19.9""E",TRUE,543.628,Loddon,SPRING CREEK,HEPBURN RESERVOIR H.G.
407379,LODDON RIVER @ CANARY ISLAND,"35°59'24.0""S","143°50'31.1""E",FALSE,86.215,Loddon,LODDON RIVER,CANARY ISLAND
407380,TWELVE MILE CREEK @ CANARY ISLAND,"35°59'23.1""S","143°50'56.9""E",FALSE,85.507,Loddon,TWELVE MILE CREEK,CANARY ISLAND
407381,SPRING CREEK @ U/S HEPBURN RESERVOIR,"37°19'41.5""S","144°09'29.1""E",TRUE,545.427,Loddon,SPRING CREEK,HEPBURN RESERVOIR
407382,LODDON RIVER @ DONAGHUES ROAD BRIDGE,"35°37'51.9""S","143°54'58.6""E",FALSE,72.781,Loddon,LODDON RIVER,DONAGHUES ROAD BRIDGE
407384,GUNBOWER CREEK @ REEDY LAGOON,"35°43'36.0""S","144°12'27.1""E",TRUE,78.653,Loddon,GUNBOWER CREEK,REEDY LAGOON
407394,BENDIGO CREEK @ HOWARD STREET BRIDGE,"36°42'17.6""S","144°18'48.5""E",TRUE,188,Loddon,BENDIGO CREEK,HOWARD STREET BRIDGE
407395,BENDIGO CREEK @ LEANS ROAD,"36°40'22.1""S","144°18'32.4""E",TRUE,177.732,Loddon,BENDIGO CREEK,LEANS ROAD
407601,KANGAROO LAKE @ MYSTIC PARK,"35°33'29.2""S","143°45'39.7""E",TRUE,74.225,Loddon,KANGAROO LAKE,MYSTIC PARK
407603,HEPBURN LAGOON (WQ),"37°22'29.7""S","144°00'15.3""E",TRUE,512.538,Loddon,HEPBURN LAGOON,
407604,NEWLYN RESERVOIR (WQ),"37°24'10.0""S","144°00'18.1""E",TRUE,534.674,Loddon,NEWLYN RESERVOIR,
407608,LAKE MERAN @ WQ MONITORING BUOY,"35°52'34.0""S","143°48'28.4""E",TRUE,83.05,Loddon,LAKE MERAN,WQ MONITORING BUOY
407609,BIRCH CREEK @ DEAN RESERVOIR,"37°28'35.7""S","144°00'45.5""E",TRUE,644.488,Loddon,BIRCH CREEK,DEAN RESERVOIR
407611,SANDHURST RESERVOIR @ HG,"36°50'35.0""S","144°14'43.1""E",TRUE,355,Loddon,SANDHURST RESERVOIR,HG
407712,LOCKINGTON MAIN DRAIN @ MURPHY SWAMP,"36°04'48.7""S","144°33'59.7""E",TRUE,92.437,Loddon,LOCKINGTON MAIN DRAIN,MURPHY SWAMP
407713,LOCKINGTON MAIN DRAIN @ ROSLYNMEAD,"36°07'54.0""S","144°31'24.0""E",FALSE,95.147,Loddon,LOCKINGTON MAIN DRAIN,ROSLYNMEAD
407714,LOCKINGTON MAIN DRAIN @ PINE GROVE,"36°12'00.0""S","144°27'42.0""E",FALSE,98.494,Loddon,LOCKINGTON MAIN DRAIN,PINE GROVE
407715,LOCKINGTON DRAIN @ NO 2 ROSLYNMEAD,"36°07'48.0""S","144°32'42.0""E",FALSE,94.638,Loddon,LOCKINGTON DRAIN,NO 2 ROSLYNMEAD
407716,LOCKINGTON DRAIN @ 3 KOTTA,"36°11'37.7""S","144°29'48.2""E",TRUE,97.9,Loddon,LOCKINGTON DRAIN,3 KOTTA
407718,LOCKINGTON DRAIN @ 1/3 KOTTA,"36°13'36.0""S","144°30'30.0""E",FALSE,102.645,Loddon,LOCKINGTON DRAIN,1/3 KOTTA
407719,LOCKINGTON DRAIN @ 2/3 LCOKINGTON,"36°15'28.1""S","144°31'28.4""E",FALSE,104.644,Loddon,LOCKINGTON DRAIN,2/3 LCOKINGTON
407720,LOCKINGTON DRAIN @ 7 PINE GROVE,"36°15'24.0""S","144°27'18.0""E",FALSE,103.085,Loddon,LOCKINGTON DRAIN,7 PINE GROVE
407726,COHUNA @ U/S DRAIN NO 5 OUTFALL TO BARR CK,"35°46'04.1""S","144°05'46.9""E",FALSE,78.054,Loddon,COHUNA,DRAIN NO 5 OUTFALL TO BARR CK
407727,COHUNA @ NO.7 DRAIN ISAACS ROAD,"35°46'36.0""S","144°07'00.0""E",FALSE,78.323,Loddon,COHUNA,NO.7 DRAIN ISAACS ROAD
407732,PYRAMID DRAIN @ NO. 1 HIRDS SWAMP,"35°52'52.8""S","144°06'05.1""E",TRUE,78.604,Loddon,PYRAMID DRAIN,NO. 1 HIRDS SWAMP
407735,PYRAMID DRAIN @ U/S NO. 2 PYRAMID CREEK,"35°52'47.1""S","144°08'50.5""E",TRUE,78.902,Loddon,PYRAMID DRAIN,NO. 2 PYRAMID CREEK
407738,DARA FARM COMMUNITY DRAIN @ BORE LINE,"36°01'56.2""S","144°02'20.3""E",FALSE,87.007,Loddon,DARA FARM COMMUNITY DRAIN,BORE LINE
407768,COHUNA @ DRAIN NO 14 TURNOURS ROAD,"36°46'15.3""S","144°10'27.6""E",FALSE,242.401,Loddon,COHUNA,DRAIN NO 14 TURNOURS ROAD
407770,KERANG STORMWATER DRAIN @ WYNDHAM STREET,"35°44'00.1""S","143°54'44.4""E",FALSE,76.499,Loddon,KERANG STORMWATER DRAIN,WYNDHAM STREET
407779,HIPWELL ROAD CHANNEL @ GUNBOWER CREEK OFFTAKE,"35°51'17.7""S","144°20'02.1""E",TRUE,81.894,Loddon,HIPWELL ROAD CHANNEL,GUNBOWER CREEK OFFTAKE
407805,RAIN GAUGE @ BULLARTO SOUTH,"37°25'03.5""S","144°12'55.0""E",TRUE,780.57,Loddon,RAIN GAUGE,BULLARTO SOUTH
407806,WEATHER STATION @ MARYBOROUGH WWTP,"37°00'19.2""S","143°45'35.3""E",TRUE,208.094,Loddon,WEATHER STATION,MARYBOROUGH WWTP
407808,RAIN GAUGE @ SANDHURST RESERVOIR,"36°50'33.1""S","144°14'32.3""E",FALSE,311.011,Loddon,RAIN GAUGE,SANDHURST RESERVOIR
407809,RAIN GAUGE @ SPECIMEN HILL RESERVOIR,"36°45'47.3""S","144°14'33.7""E",TRUE,273.651,Loddon,RAIN GAUGE,SPECIMEN HILL RESERVOIR
407815,RAIN GAUGE @ BUNG BONG,"37°06'32.9""S","143°33'06.7""E",TRUE,0,Loddon,RAIN GAUGE,BUNG BONG
408200,AVOCA RIVER @ COONOOER,"36°26'16.7""S","143°17'54.0""E",TRUE,142.396,Avoca,AVOCA RIVER,COONOOER
408202,AVOCA RIVER @ AMPHITHEATRE,"37°10'54.5""S","143°24'21.0""E",TRUE,267.515,Avoca,AVOCA RIVER,AMPHITHEATRE
408203,AVOCA RIVER @ QUAMBATOOK,"35°54'22.2""S","143°30'43.9""E",TRUE,93.498,Avoca,AVOCA RIVER,QUAMBATOOK
408204,GLENLOGIE CREEK @ AMPHITHEATRE,"37°10'47.1""S","143°24'07.3""E",FALSE,269.734,Avoca,GLENLOGIE CREEK,AMPHITHEATRE
408206,AVOCA RIVER @ ARCHDALE JUNCTION,"36°53'05.1""S","143°30'11.1""E",TRUE,198.111,Avoca,AVOCA RIVER,ARCHDALE JUNCTION
408207,CHERRY TREE CREEK @ ARCHDALE JUNCTION,"36°52'58.8""S","143°29'19.6""E",FALSE,200.062,Avoca,CHERRY TREE CREEK,ARCHDALE JUNCTION
408209,AVOCA RIVER @ SANDHILL LAKE ROAD,"35°44'02.3""S","143°41'04.6""E",TRUE,77.908,Avoca,AVOCA RIVER,SANDHILL LAKE ROAD
408211,AVOCA RIVER @ MOUNT LONARCH,"37°14'00.0""S","143°24'00.0""E",FALSE,323.01,Avoca,AVOCA RIVER,MOUNT LONARCH
408212,AVOCA RIVER @ CHARLTON,"36°15'13.7""S","143°22'38.9""E",TRUE,117.865,Avoca,AVOCA RIVER,CHARLTON
408213,AVOCA RIVER @ OUTFALL TRESCO PUMPHOUSE,"35°28'20.7""S","143°40'50.2""E",TRUE,69.743,Avoca,AVOCA RIVER,OUTFALL TRESCO PUMPHOUSE
408215,TYRRELL CREEK @ NORTHEAST OF SEA LAKE (WQ),"35°26'40.6""S","142°52'00.1""E",FALSE,43.581,Avoca,TYRRELL CREEK,NORTHEAST OF SEA LAKE (WQ)
408216,FORREST CREEK @ AMPHITHEATRE RES. H.G.,"37°10'23.6""S","143°22'39.0""E",TRUE,314.169,Avoca,FORREST CREEK,AMPHITHEATRE RES. H.G.
408217,SUGARLOAF CREEK @ SUGARLOAF RES. H.G.,"37°06'14.3""S","143°24'07.5""E",TRUE,289.352,Avoca,SUGARLOAF CREEK,SUGARLOAF RES. H.G.
408218,REDBANK CREEK @ REDBANK RESERVOIR H.G.,"36°57'02.1""S","143°18'56.4""E",TRUE,311.309,Avoca,REDBANK CREEK,REDBANK RESERVOIR H.G.
408219,AVOCA RIVER @ CHARLTON TOWNSHIP,"36°16'01.6""S","143°20'55.5""E",TRUE,125.259,Avoca,AVOCA RIVER,CHARLTON TOWNSHIP
408602,LAKE BAEL BAEL @ BAEL BAEL,"35°40'13.1""S","143°44'43.5""E",TRUE,75.227,Avoca,LAKE BAEL BAEL,BAEL BAEL
408603,LAKE LOOKOUT @ BAEL BAEL,"35°40'48.8""S","143°39'34.4""E",TRUE,75.9,Avoca,LAKE LOOKOUT,BAEL BAEL
408604,SAND HILLS LAKE @ SANDHILLL LAKE,"35°43'48.9""S","143°40'04.8""E",TRUE,75.128,Avoca,SAND HILLS LAKE,SANDHILLL LAKE
408605,LAKE GILMOUR @ BUDGERUM EAST,"35°47'06.3""S","143°37'45.3""E",TRUE,81.9,Avoca,LAKE GILMOUR,BUDGERUM EAST
408701,NYAH DRAIN @ 13 RIVER ROAD,"35°11'29.7""S","143°23'04.2""E",FALSE,65.845,Avoca,NYAH DRAIN,13 RIVER ROAD
408702,NYAH DRAIN @ 11 SHOWGROUNDS,"35°10'02.1""S","143°22'42.3""E",FALSE,65.289,Avoca,NYAH DRAIN,11 SHOWGROUNDS
408703,CHANNEL NO 4/4/21/9 O/FALL @ WOORINEN NORTH,"35°14'28.2""S","143°25'35.7""E",FALSE,68.109,Avoca,CHANNEL NO 4/4/21/9 O/FALL,WOORINEN NORTH
408704,WOORINEN DR @ NO 1 NORTH LAKE,"35°14'15.2""S","143°26'34.6""E",FALSE,62,Avoca,WOORINEN DR,NO 1 NORTH LAKE
408705,WOORINEN DR @ NO 2/3 SOUTH LAKE,"35°16'38.8""S","143°28'01.4""E",FALSE,66.676,Avoca,WOORINEN DR,NO 2/3 SOUTH LAKE
408800,AVOCA RAIN GAUGE @ AVOCA WATER TREATMENT PLANT,"37°05'13.7""S","143°28'57.6""E",TRUE,264.898,Avoca,AVOCA RAIN GAUGE,AVOCA WATER TREATMENT PLANT
409005,MURRAY RIVER @ BARHAM,"35°37'47.4""S","144°07'27.4""E",FALSE,77.773,Loddon,MURRAY RIVER,BARHAM
409011,MURRAY RIVER @ HUME WEIR,"36°05'20.2""S","147°03'16.5""E",FALSE,181.25,Upper Murray,MURRAY RIVER,HUME WEIR
409016,MURRAY RIVER @ HEYWOODS,"36°05'59.2""S","147°01'20.5""E",TRUE,160.221,Kiewa,MURRAY RIVER,HEYWOODS
409034,WAKOOL RIVER @ KYALITE,"34°56'58.6""S","143°28'51.6""E",FALSE,62,Avoca,WAKOOL RIVER,KYALITE
409200,MURRAY RIVER @ ECHUCA,"36°07'11.0""S","144°44'50.4""E",TRUE,87.356,Campaspe,MURRAY RIVER,ECHUCA
409202,MURRAY RIVER @ TOCUMWAL,"35°48'48.7""S","145°33'24.1""E",TRUE,108.682,Broken,MURRAY RIVER,TOCUMWAL
409204,MURRAY RIVER @ SWAN HILL,"35°19'39.5""S","143°33'51.0""E",TRUE,60.993,Avoca,MURRAY RIVER,SWAN HILL
409206,MURRAY RIVER @ NYAH,"35°10'25.1""S","143°22'56.4""E",TRUE,58.897,Avoca,MURRAY RIVER,NYAH
409207,MURRAY RIVER @ TORRUMBARRY,"35°56'33.3""S","144°27'52.8""E",TRUE,85.423,Loddon,MURRAY RIVER,TORRUMBARRY
409210,MURRAY RIVER @ TOOLEYBUC,"35°02'00.0""S","143°19'00.0""E",FALSE,62.046,Avoca,MURRAY RIVER,TOOLEYBUC
409211,MURRAY RIVER @ KOONDROOK,"35°38'00.0""S","144°07'60.0""E",FALSE,78.311,Loddon,MURRAY RIVER,KOONDROOK
409213,MURRAY RIVER @ PIANGIL,"35°03'10.3""S","143°19'48.0""E",FALSE,62.734,Avoca,MURRAY RIVER,PIANGIL
409214,MURRAY RIVER @ PENTAL ISLAND PUMPS,"35°25'24.8""S","143°45'53.2""E",TRUE,66.983,Loddon,MURRAY RIVER,PENTAL ISLAND PUMPS
409215,MURRAY RIVER @ BARMAH,"36°01'03.4""S","144°57'39.7""E",TRUE,95.355,Goulburn,MURRAY RIVER,BARMAH
409216,MURRAY RIVER @ YARRAWONGA WEIR (HEAD GAUGE),"36°00'32.1""S","146°00'02.2""E",TRUE,124.719,Broken,MURRAY RIVER,YARRAWONGA WEIR (HEAD GAUGE)
409217,MURRAY RIVER @ COBRAM,"35°54'53.5""S","145°40'06.7""E",TRUE,113.91,Broken,MURRAY RIVER,COBRAM
409221,MURRAY RIVER @ LOWER MOIRA,"36°04'46.4""S","144°57'59.5""E",FALSE,97.286,Goulburn,MURRAY RIVER,LOWER MOIRA
409222,MURRAY RIVER @ D/S CAMPASPE R (PIANTA ROAD),"36°05'39.5""S","144°41'01.0""E",TRUE,90.17,Campaspe,MURRAY RIVER,CAMPASPE R (PIANTA ROAD)
409224,EDWARD RIVER @ TAYLORS BRIDGE,"35°44'11.9""S","144°56'39.6""E",TRUE,97,Broken,EDWARD RIVER,TAYLORS BRIDGE
409225,TOWRONG CREEK @ TOCUMWAL ROAD,"35°47'28.8""S","145°05'28.3""E",TRUE,97.542,Broken,TOWRONG CREEK,TOCUMWAL ROAD
409226,TOUPNA CREEK @ MURPHYS CROSSING,"35°49'00.4""S","145°09'45.1""E",TRUE,99.059,Broken,TOUPNA CREEK,MURPHYS CROSSING
409227,MARY ADA CREEK @ MARY ADA REGULATOR,"35°49'06.8""S","145°07'41.0""E",FALSE,98.947,Broken,MARY ADA CREEK,MARY ADA REGULATOR
409228,SAINT HELENA SWAMP @ V-BLOCK,"35°46'19.9""S","144°58'07.9""E",TRUE,93.711,Broken,SAINT HELENA SWAMP,V-BLOCK
409229,WILD DOG CREEK @ DOUGLAS SWAMP,"35°49'53.0""S","145°00'14.0""E",TRUE,95.314,Broken,WILD DOG CREEK,DOUGLAS SWAMP
409230,REED BEDS SWAMP @ GULPA CREEK ROAD,"35°50'09.0""S","144°56'46.3""E",TRUE,94.654,Broken,REED BEDS SWAMP,GULPA CREEK ROAD
409232,MOIRA CREEK @ MOIRA LAKE,"35°57'20.9""S","144°57'03.1""E",TRUE,93.872,Broken,MOIRA CREEK,MOIRA LAKE
409234,MURRAY RIVER @ GOODNIGHT PUMPS,"34°57'27.0""S","143°19'10.7""E",FALSE,52.241,Avoca,MURRAY RIVER,GOODNIGHT PUMPS
409235,MURRAY RIVER @ PIAMBIE PUMPS,"34°56'07.5""S","143°20'31.2""E",FALSE,54.784,Avoca,MURRAY RIVER,PIAMBIE PUMPS
409236,MURRAY RIVER @ WHYERIE,"34°54'43.9""S","143°19'53.3""E",FALSE,58.509,Avoca,MURRAY RIVER,WHYERIE
409241,PARNE MILLO CREEK @ NYAH STATE FOREST GOLF COURSE (WQ),"35°07'53.9""S","143°21'41.3""E",FALSE,59.517,Avoca,PARNE MILLO CREEK,NYAH STATE FOREST GOLF COURSE (WQ)
409391,GULF CREEK @ GULF TRACK REGULATOR,"35°50'29.8""S","145°09'05.9""E",TRUE,98.528,Broken,GULF CREEK,GULF TRACK REGULATOR
409392,GULF CREEK @ FOUR MILE TRACK,"35°52'08.3""S","145°05'59.4""E",TRUE,96.255,Broken,GULF CREEK,FOUR MILE TRACK
409393,GULF CREEK @ LONG PLAIN TRACK -KEYS POINT,"35°52'49.6""S","145°04'26.8""E",TRUE,96.318,Broken,GULF CREEK,LONG PLAIN TRACK -KEYS POINT
409394,SNAG CREEK @ GOWERS TRACK,"35°53'06.7""S","145°02'32.7""E",TRUE,95.124,Broken,SNAG CREEK,GOWERS TRACK
409395,SMITHS CREEK @ GOWERS TRACK,"35°54'53.0""S","145°08'25.1""E",TRUE,98.436,Broken,SMITHS CREEK,GOWERS TRACK
409396,BUDGEE CREEK @ SAND RIDGE TRACK,"35°53'42.7""S","145°00'11.1""E",TRUE,91.813,Broken,BUDGEE CREEK,SAND RIDGE TRACK
409397,LITTLE BUDGEE CREEK @ FORCING YARD TRACK,"35°53'43.5""S","145°00'20.1""E",TRUE,91.953,Broken,LITTLE BUDGEE CREEK,FORCING YARD TRACK
409398,BUDGEE CREEK @ WAR PLAIN,"35°56'08.9""S","144°58'02.7""E",TRUE,92.713,Broken,BUDGEE CREEK,WAR PLAIN
409399,LITTLE MURRAY RIVER @ LITTLE MURRAY WEIR,"35°24'30.9""S","143°37'08.5""E",TRUE,67.402,Loddon,LITTLE MURRAY RIVER,LITTLE MURRAY WEIR
409600,LAKE MOODEMERE @ RUTHERGLEN,"36°03'14.6""S","146°23'08.2""E",TRUE,129.084,Ovens,LAKE MOODEMERE,RUTHERGLEN
409602,HUT LAKE @ FORSHORE OFF SANDRIDGE TRACK,"35°54'00.0""S","145°00'00.0""E",FALSE,95.059,Broken,HUT LAKE,FORSHORE OFF SANDRIDGE TRACK
409604,WAR PLAIN SWAMP @ SOUTH-EASTERN SHORE,"35°55'60.0""S","144°58'60.0""E",FALSE,93.952,Broken,WAR PLAIN SWAMP,SOUTH-EASTERN SHORE
409606,RAT CASTLE CREEK @ SANDRIDGE TRACK,"35°55'60.0""S","145°00'00.0""E",FALSE,94.171,Broken,RAT CASTLE CREEK,SANDRIDGE TRACK
409607,LITTLE REEDY LAGOON @ EAST SHORE NEAR BRUCE TRACK,"35°58'00.0""S","145°55'00.0""E",FALSE,116.636,Broken,LITTLE REEDY LAGOON,EAST SHORE NEAR BRUCE TRACK
409608,BIG REEDY LAGOON @ SOUTHERN SHORE OFF REEDY'S TRACK,"35°58'60.0""S","145°54'52.5""E",FALSE,117.029,Broken,BIG REEDY LAGOON,SOUTHERN SHORE OFF REEDY'S TRACK
409700,YARRAWONGA MAIN CHANNEL @ MEAS. WEIR @ 8 MILE 38 CHAIN,"35°59'44.6""S","145°52'27.8""E",FALSE,121.883,Broken,YARRAWONGA MAIN CHANNEL,MEAS. WEIR @ 8 MILE 38 CHAIN
409701,NATIONAL CHANNEL @ D/S TORRUMBARRY HEADWORKS,"35°59'33.5""S","144°30'30.6""E",TRUE,87.856,Loddon,NATIONAL CHANNEL,TORRUMBARRY HEADWORKS
409702,MURRAY VALLEY @ NO. 6 MAIN DRAIN OUTFALL,"35°53'08.2""S","145°16'13.2""E",FALSE,102.108,Broken,MURRAY VALLEY,NO. 6 MAIN DRAIN OUTFALL
409710,YARRAWONGA MAIN CHANNEL @ MURRAY VALLEY HIGHWAY,"35°59'54.3""S","145°49'24.1""E",TRUE,116.007,Broken,YARRAWONGA MAIN CHANNEL,MURRAY VALLEY HIGHWAY
409711,MURRAY VALLEY @ DRAIN 3 OUTFALL SHEEPWASH CREEK,"35°50'23.9""S","145°29'44.5""E",TRUE,106.74,Broken,MURRAY VALLEY,DRAIN 3 OUTFALL SHEEPWASH CREEK
409712,MURRAY VALLEY @ DRAIN 6 TAIL 2 KM NTH MURRAY VALLEY HW,"35°54'29.5""S","145°19'55.8""E",TRUE,105.925,Broken,MURRAY VALLEY,DRAIN 6 TAIL 2 KM NTH MURRAY VALLEY HW
409722,YARRAWONGA MAIN CHANNEL @ U/S 409700,"36°00'47.2""S","145°59'54.6""E",TRUE,125.915,Broken,YARRAWONGA MAIN CHANNEL,409700
414200,MURRAY RIVER @ BELOW WAKOOL JUNCTION,"34°50'49.8""S","143°20'29.5""E",TRUE,58.16,Mallee,MURRAY RIVER,BELOW WAKOOL JUNCTION
414201,MURRAY RIVER @ BOUNDARY BEND,"34°43'10.8""S","143°10'11.5""E",TRUE,47.336,Mallee,MURRAY RIVER,BOUNDARY BEND
414202,MURRAY RIVER @ MILDURA,"34°10'05.3""S","142°09'36.3""E",FALSE,31.45,Mallee,MURRAY RIVER,MILDURA
414203,MURRAY RIVER @ EUSTON,"34°36'00.9""S","142°45'29.5""E",TRUE,41.484,Mallee,MURRAY RIVER,EUSTON
414204,MURRAY RIVER @ RED CLIFFS,"34°17'39.2""S","142°14'18.7""E",TRUE,38.259,Mallee,MURRAY RIVER,RED CLIFFS
414205,MURRAY RIVER @ ROBINVALE,"34°36'12.6""S","142°48'09.0""E",TRUE,49.734,Mallee,MURRAY RIVER,ROBINVALE
414206,MURRAY RIVER @ MERBEIN,"34°10'23.8""S","142°04'56.6""E",TRUE,32.435,Mallee,MURRAY RIVER,MERBEIN
414207,MURRAY RIVER @ COLIGNAN,"34°34'01.5""S","142°24'26.0""E",TRUE,32.624,Mallee,MURRAY RIVER,COLIGNAN
414209,MURRAY RIVER @ LOCK 15 EUSTON (HEAD GAUGE),"34°35'58.8""S","142°45'35.2""E",TRUE,44.402,Mallee,MURRAY RIVER,LOCK 15 EUSTON (HEAD GAUGE)
414211,MULLAROO CREEK @ LOCK 7 OFFTAKE,"34°06'21.5""S","141°13'53.5""E",TRUE,24.378,Mallee,MULLAROO CREEK,LOCK 7 OFFTAKE
414212,LINDSAY RIVER @ MURRAY RIVER OFFTAKE,"34°06'41.6""S","141°17'53.6""E",TRUE,19.829,Mallee,LINDSAY RIVER,MURRAY RIVER OFFTAKE
414213,LINDSAY RIVER @ U/S MULLAROO CREEK (BORE LINE),"34°09'10.0""S","141°09'48.4""E",TRUE,22.2,Mallee,LINDSAY RIVER,MULLAROO CREEK (BORE LINE)
414214,MULLAROO CREEK @ U/S LINDSAY RIVER,"34°07'19.7""S","141°08'04.6""E",TRUE,21.675,Mallee,MULLAROO CREEK,LINDSAY RIVER
414215,LINDSAY RIVER @ LINDSAY POINT,"34°04'55.5""S","141°01'12.9""E",TRUE,22.939,Mallee,LINDSAY RIVER,LINDSAY POINT
414216,MURRAY RIVER @ D/S MILDURA WEIR (CHAFFEYS GRAVE YARD),"34°09'59.7""S","142°09'36.8""E",TRUE,37.016,Mallee,MURRAY RIVER,MILDURA WEIR (CHAFFEYS GRAVE YARD)
414217,MURRAY RIVER @ CURLWAA,"34°06'39.1""S","141°58'53.7""E",TRUE,33.195,Mallee,MURRAY RIVER,CURLWAA
414218,LINDSAY RIVER @ U/S OF LAKE WALLA WALLA,"34°08'11.2""S","141°13'04.3""E",TRUE,22.122,Mallee,LINDSAY RIVER,LAKE WALLA WALLA
414219,MURRAY RIVER @ WEMEN,"34°47'06.4""S","142°37'39.3""E",TRUE,40.944,Mallee,MURRAY RIVER,WEMEN
414220,MURRAY RIVER @ RED CLIFFS,"34°15'24.5""S","142°13'59.5""E",FALSE,33.343,Mallee,MURRAY RIVER,RED CLIFFS
414221,LINDSAY RIVER @ LINDSAY ISLAND BRIDGE (WQ),"34°08'49.0""S","141°08'51.7""E",FALSE,18.729,Mallee,LINDSAY RIVER,LINDSAY ISLAND BRIDGE (WQ)
414222,LITTLE MULLAROO CREEK @ GROUNDWATER BORE (WQ),"34°06'34.4""S","141°12'32.9""E",FALSE,20.784,Mallee,LITTLE MULLAROO CREEK,GROUNDWATER BORE (WQ)
414223,WALPOLLA CREEK @ D/S DEADMAN CREEK JUNCTION (WQ),"34°07'12.7""S","141°42'44.3""E",FALSE,28.12,Mallee,WALPOLLA CREEK,DEADMAN CREEK JUNCTION (WQ)
414224,MURRAY RIVER @ BOTTLE BEND EAST OF RED CLIFFS (WQ),"34°18'26.0""S","142°14'48.8""E",FALSE,30.476,Mallee,MURRAY RIVER,BOTTLE BEND EAST OF RED CLIFFS (WQ)
414225,PSYCHE BEND LAGOON @ WESTERN EDGE (WQ),"34°15'23.8""S","142°13'29.3""E",FALSE,35.915,Mallee,PSYCHE BEND LAGOON,WESTERN EDGE (WQ)
414226,BOTTLE BEND BILLABONG @ EAST OF RED CLIFFS (WQ),"34°18'33.3""S","142°14'45.8""E",FALSE,36.412,Mallee,BOTTLE BEND BILLABONG,EAST OF RED CLIFFS (WQ)
414227,INLET CREEK @ KARADOC SWAMP (WQ),"34°23'50.2""S","142°18'53.3""E",FALSE,37.683,Mallee,INLET CREEK,KARADOC SWAMP (WQ)
414228,MURRAY RIVER @ KARADOC (WQ),"34°23'50.2""S","142°18'53.3""E",FALSE,29.351,Mallee,MURRAY RIVER,KARADOC (WQ)
414229,LINDSAY RIVER @ U/S MURRAY RIVER JUNCTION,"34°03'26.9""S","141°01'50.8""E",FALSE,23.182,Mallee,LINDSAY RIVER,MURRAY RIVER JUNCTION
414230,CHALKA CREEK @ MESSENGERS REGULATOR,"34°44'06.1""S","142°29'49.5""E",TRUE,46.14,Mallee,CHALKA CREEK,MESSENGERS REGULATOR
414231,CHALKA CREEK @ OATEYS REGULATOR,"34°38'10.1""S","142°25'46.8""E",TRUE,43.72,Mallee,CHALKA CREEK,OATEYS REGULATOR
414600,LAKE HATTAH (WQ),"34°45'39.9""S","142°20'53.1""E",FALSE,47.529,Mallee,LAKE HATTAH,
414601,LAKE CULLULLERINE @ NORTH WEST END (WQ),"34°15'42.0""S","141°35'45.9""E",FALSE,35.048,Mallee,LAKE CULLULLERINE,NORTH WEST END (WQ)
414602,WARANGA BASIN @ EAST SIDE OF MERIDIAN ROAD (WQ),"34°15'26.2""S","141°59'49.5""E",FALSE,49.353,Mallee,WARANGA BASIN,EAST SIDE OF MERIDIAN ROAD (WQ)
414603,CARDROSS BASIN @ SOUTH OF KOORLONG (WQ),"34°18'32.5""S","142°05'24.0""E",FALSE,39.649,Mallee,CARDROSS BASIN,SOUTH OF KOORLONG (WQ)
414604,LAKE RUNFURLY WEST (WQ),"34°10'56.8""S","142°06'35.6""E",FALSE,34.581,Mallee,LAKE RUNFURLY WEST,
414605,CALLENDERS SWAMP @ NORTH OF NANGILOC (WQ),"34°26'08.4""S","142°21'01.0""E",FALSE,45.145,Mallee,CALLENDERS SWAMP,NORTH OF NANGILOC (WQ)
414701,MERBEIN WEST DRAIN @ HONOUR AVENUE,"34°09'42.0""S","142°00'27.1""E",FALSE,39.19,Mallee,MERBEIN WEST DRAIN,HONOUR AVENUE
414702,F.M.I.T. DRAIN @ BRUCES BEND,"34°12'38.4""S","142°13'12.0""E",TRUE,37.252,Mallee,F.M.I.T. DRAIN,BRUCES BEND
414703,RED CLIFFS @ DRAIN NO. 1 BLOUNTS ROAD (BARNET ROAD),"34°16'27.9""S","142°12'37.6""E",TRUE,38.839,Mallee,RED CLIFFS,DRAIN NO. 1 BLOUNTS ROAD (BARNET ROAD)
414704,RED CLIFFS @ DRAIN NO. 5 WOOMERA AVENUE,"34°17'07.3""S","142°14'03.2""E",FALSE,38.915,Mallee,RED CLIFFS,DRAIN NO. 5 WOOMERA AVENUE
414705,RED CLIFFS @ U/S DRAIN NO. 10 OUTFALL TO SOUTH EAST BASIN,"34°19'50.7""S","142°14'08.1""E",TRUE,38.783,Mallee,RED CLIFFS,DRAIN NO. 10 OUTFALL TO SOUTH EAST BASIN
414706,MERBEIN NORTH-WEST DRAIN @ U/S OF OUTFALL TO MURRAY R,"34°08'04.6""S","141°58'53.2""E",TRUE,33.139,Mallee,MERBEIN NORTH-WEST DRAIN,OUTFALL TO MURRAY R
414711,F.M.I.T. DRAIN @ U/S PSYCHE BEND LAGOON,"34°15'28.3""S","142°13'23.9""E",TRUE,36.966,Mallee,F.M.I.T. DRAIN,PSYCHE BEND LAGOON
414712,RED CLIFFS @ DRAIN NO. 3 AND 4 WOORLANG,"34°17'10.4""S","142°13'03.4""E",TRUE,37.316,Mallee,RED CLIFFS,DRAIN NO. 3 AND 4 WOORLANG
414714,RED CLIFFS @ DRAIN NO. 8 STEWARTS ROAD,"34°19'16.0""S","142°14'17.3""E",TRUE,40.657,Mallee,RED CLIFFS,DRAIN NO. 8 STEWARTS ROAD
414716,ROBINVALE @ NO 4 SYSTEM OUTFALL PETHARD ROAD,"34°36'16.1""S","142°44'26.6""E",TRUE,56.097,Mallee,ROBINVALE,NO 4 SYSTEM OUTFALL PETHARD ROAD
414717,ROBINVALE @ NO 6 SYSTEM OUTFALL MALAYA ROAD,"34°38'11.9""S","142°42'05.0""E",TRUE,54.369,Mallee,ROBINVALE,NO 6 SYSTEM OUTFALL MALAYA ROAD
414718,M.M.G.I.S. OUTFALL @ NO. 1 LAKE RANFURLEY,"34°10'58.0""S","142°06'02.6""E",TRUE,34.557,Mallee,M.M.G.I.S. OUTFALL,NO. 1 LAKE RANFURLEY
414719,M.M.G.I.S. OUTFALL @ NO. 2 LAKE RANFURLEY,"34°10'57.9""S","142°06'41.9""E",TRUE,34.55,Mallee,M.M.G.I.S. OUTFALL,NO. 2 LAKE RANFURLEY
414720,M.M.G.I.S. OUTFALL @ NO. 3 LAKE RANFURLEY,"34°10'52.3""S","142°07'17.7""E",FALSE,34.369,Mallee,M.M.G.I.S. OUTFALL,NO. 3 LAKE RANFURLEY
414721,NANGILOC-COLIGNAN DRAIN @ HEWETTS ROAD,"34°30'31.3""S","142°22'50.4""E",TRUE,42.112,Mallee,NANGILOC-COLIGNAN DRAIN,HEWETTS ROAD
414722,NANGILOC-COLIGNAN DRAIN @ DOERINGS BASIN,"34°26'17.7""S","142°18'55.6""E",TRUE,43.469,Mallee,NANGILOC-COLIGNAN DRAIN,DOERINGS BASIN
414723,KULKYNE OUTFALL DRAIN @ MANSELLS PUMP,"34°33'37.1""S","142°24'25.7""E",TRUE,45.881,Mallee,KULKYNE OUTFALL DRAIN,MANSELLS PUMP
414724,NANGILOC COLIGNAN DRAIN @ NANGILOC,"34°28'13.0""S","142°21'12.9""E",TRUE,36.611,Mallee,NANGILOC COLIGNAN DRAIN,NANGILOC
414725,NANGILOC-COLIGNAN DRAIN @ HILLVIEW OUTFALL,"34°22'18.7""S","142°16'44.6""E",TRUE,41.657,Mallee,NANGILOC-COLIGNAN DRAIN,HILLVIEW OUTFALL
414728,BROWN'S GROUP DRAINAGE AREA @ BROWN'S ROAD,"34°32'55.5""S","142°23'17.6""E",TRUE,43.265,Mallee,BROWN'S GROUP DRAINAGE AREA,BROWN'S ROAD
414730,PSYCHE BEND LAGOON @ CONNECTING DRAIN,"34°15'47.1""S","142°13'22.7""E",FALSE,37.535,Mallee,PSYCHE BEND LAGOON,CONNECTING DRAIN
414731,BUMBANG DRAIN @ MURRAY RIVER OUTFALL,"34°35'58.7""S","142°47'27.6""E",TRUE,52.513,Mallee,BUMBANG DRAIN,MURRAY RIVER OUTFALL
414732,TOL TOL DRAIN @ MURRAY RIVER OUTFALL,"34°39'48.8""S","142°51'31.5""E",TRUE,52.017,Mallee,TOL TOL DRAIN,MURRAY RIVER OUTFALL
414733,BOUNDRY BEND DRAIN @ OUTFALL TO MURRAY RIVER,"34°42'58.7""S","143°09'49.5""E",TRUE,54.254,Mallee,BOUNDRY BEND DRAIN,OUTFALL TO MURRAY RIVER
414734,BOUNDRY BEND DRAIN @ THE DAM,"34°43'59.4""S","143°10'01.4""E",TRUE,57.291,Mallee,BOUNDRY BEND DRAIN,THE DAM
414735,FIRST INLET DRAIN @ LAKE HAWTHORN,"34°12'10.3""S","142°06'39.1""E",TRUE,41.152,Mallee,FIRST INLET DRAIN,LAKE HAWTHORN
414736,SECOND INLET DRAIN @ LAKE HAWTHORN,"34°12'11.4""S","142°06'23.9""E",TRUE,35.336,Mallee,SECOND INLET DRAIN,LAKE HAWTHORN
414737,THIRD INLET DRAIN @ LAKE HAWTHORN,"34°12'33.3""S","142°06'11.9""E",TRUE,39.61,Mallee,THIRD INLET DRAIN,LAKE HAWTHORN
414738,MUIRS OUTFALL @ RED CLIFFS,"34°19'41.8""S","142°14'02.3""E",TRUE,39.565,Mallee,MUIRS OUTFALL,RED CLIFFS
414740,LMW DRAIN @ KINGS BILLABONG,"34°14'45.9""S","142°13'05.2""E",TRUE,39.271,Mallee,LMW DRAIN,KINGS BILLABONG
415200,WIMMERA RIVER @ HORSHAM,"36°44'24.1""S","142°08'49.4""E",TRUE,122.901,Wimmera Avon,WIMMERA RIVER,HORSHAM
415201,WIMMERA RIVER @ GLENORCHY WEIR TAIL GAUGE,"36°54'33.5""S","142°38'34.7""E",TRUE,167.417,Wimmera Avon,WIMMERA RIVER,GLENORCHY WEIR TAIL GAUGE
415202,MACKENZIE RIVER @ WARTOOK RESERVOIR,"37°06'27.5""S","142°25'28.0""E",TRUE,426.004,Wimmera Avon,MACKENZIE RIVER,WARTOOK RESERVOIR
415203,MOUNT WILLIAM CREEK @ LAKE LONSDALE (TAIL GAUGE),"37°01'50.1""S","142°35'00.9""E",TRUE,183.366,Wimmera Avon,MOUNT WILLIAM CREEK,LAKE LONSDALE (TAIL GAUGE)
415206,WIMMERA RIVER @ GLYNWYLLN,"36°57'14.1""S","142°51'36.3""E",TRUE,191.244,Wimmera Avon,WIMMERA RIVER,GLYNWYLLN
415207,WIMMERA RIVER @ EVERSLEY,"37°11'06.1""S","143°11'04.7""E",TRUE,260.548,Wimmera Avon,WIMMERA RIVER,EVERSLEY
415210,RICHARDSON RIVER @ BANYENA SOUTH,"36°38'31.1""S","142°48'48.0""E",FALSE,135.135,Wimmera Avon,RICHARDSON RIVER,BANYENA SOUTH
415211,AVON RIVER @ MITCHELLS HILL,"36°39'60.0""S","143°04'60.0""E",FALSE,180.18,Wimmera Avon,AVON RIVER,MITCHELLS HILL
415212,WIMMERA RIVER @ JEPARIT,"36°08'18.0""S","141°58'06.0""E",FALSE,81.068,Wimmera Avon,WIMMERA RIVER,JEPARIT
415214,FYANS CREEK @ LAKE BELLFIELD,"37°10'10.6""S","142°32'31.7""E",TRUE,230.504,Wimmera Avon,FYANS CREEK,LAKE BELLFIELD
415215,FYANS CREEK @ STAWELL DIVERSION WEIR,"37°15'33.9""S","142°32'16.6""E",TRUE,363.06,Wimmera Avon,FYANS CREEK,STAWELL DIVERSION WEIR
415216,WIMMERA RIVER @ ANTWERP,"36°17'18.0""S","142°01'24.0""E",FALSE,87.97,Wimmera Avon,WIMMERA RIVER,ANTWERP
415217,FYANS CREEK @ GRAMPIANS ROAD BRIDGE,"37°15'03.1""S","142°32'08.7""E",FALSE,341.634,Wimmera Avon,FYANS CREEK,GRAMPIANS ROAD BRIDGE
415219,RICHARDSON RIVER @ WARRANDOKE,"36°45'03.6""S","142°45'34.0""E",FALSE,151.063,Wimmera Avon,RICHARDSON RIVER,WARRANDOKE
415220,AVON RIVER @ WIMMERA HIGHWAY,"36°38'26.1""S","142°58'43.1""E",TRUE,145.048,Wimmera Avon,AVON RIVER,WIMMERA HIGHWAY
415221,DAIRY CREEK @ HALLS GAP,"37°10'01.2""S","142°30'03.6""E",FALSE,555.801,Wimmera Avon,DAIRY CREEK,HALLS GAP
415222,OUTLET CREEK @ LAKE HINDMARSH,"35°56'39.9""S","141°52'24.0""E",FALSE,79.182,Wimmera Avon,OUTLET CREEK,LAKE HINDMARSH
415223,BURNT CREEK @ WONWONDAH EAST,"36°53'07.4""S","142°14'02.5""E",TRUE,154.81,Wimmera Avon,BURNT CREEK,WONWONDAH EAST
415224,AVON RIVER @ BEAZLEY'S BRIDGE,"36°41'54.6""S","143°10'02.4""E",FALSE,185.822,Wimmera Avon,AVON RIVER,BEAZLEY'S BRIDGE
415226,RICHARDSON RIVER @ CARRS PLAINS,"36°44'29.7""S","142°47'13.0""E",TRUE,156.262,Wimmera Avon,RICHARDSON RIVER,CARRS PLAINS
415227,MOUNT WILLIAM CREEK @ LAKE LONSDALE (HEAD GAUGE),"37°01'48.8""S","142°35'10.8""E",TRUE,184.163,Wimmera Avon,MOUNT WILLIAM CREEK,LAKE LONSDALE (HEAD GAUGE)
415228,MACKENZIE RIVER @ WARTOOK RESERVOIR (HEAD GAUGE),"37°05'36.5""S","142°26'04.1""E",TRUE,442.419,Wimmera Avon,MACKENZIE RIVER,WARTOOK RESERVOIR (HEAD GAUGE)
415229,FYANS CREEK @ LAKE BELLFIELD (HEAD GAUGE),"37°10'25.5""S","142°32'50.5""E",TRUE,254.543,Wimmera Avon,FYANS CREEK,LAKE BELLFIELD (HEAD GAUGE)
415232,WIMMERA RIVER @ GLENNEORCHY TIMBER WEIR (H. GAUGE),"36°55'00.0""S","143°43'00.0""E",FALSE,186.901,Wimmera Avon,WIMMERA RIVER,GLENNEORCHY TIMBER WEIR (H. GAUGE)
415237,CONCONGELLA CREEK @ STAWELL,"37°01'32.7""S","142°49'18.4""E",TRUE,202.163,Wimmera Avon,CONCONGELLA CREEK,STAWELL
415238,WATTLE CREEK @ NAVARRE,"36°54'08.6""S","143°06'23.8""E",TRUE,227.628,Wimmera Avon,WATTLE CREEK,NAVARRE
415239,WIMMERA RIVER @ DRUNG DRUNG,"36°43'13.7""S","142°19'43.4""E",TRUE,128.415,Wimmera Avon,WIMMERA RIVER,DRUNG DRUNG
415240,WIMMERA RIVER @ FAUX BRIDGE,"36°48'48.0""S","142°30'30.0""E",FALSE,150.036,Wimmera Avon,WIMMERA RIVER,FAUX BRIDGE
415241,YARRIAMBIACK CREEK @ MURTOA (WIMMERA HIGHWAY),"36°37'16.2""S","142°22'22.0""E",TRUE,130.253,Wimmera Avon,YARRIAMBIACK CREEK,MURTOA (WIMMERA HIGHWAY)
415244,SHEPHERDS CREEK @ WARRAK,"37°15'12.3""S","143°11'09.4""E",TRUE,370.726,Wimmera Avon,SHEPHERDS CREEK,WARRAK
415245,MOUNT COLE CREEK @ CROWLANDS,"37°09'53.5""S","143°05'36.9""E",TRUE,244.218,Wimmera Avon,MOUNT COLE CREEK,CROWLANDS
415246,WIMMERA RIVER @ LOCHIEL RAILWAY BRIDGE,"36°24'30.2""S","141°58'28.0""E",TRUE,96.101,Wimmera Avon,WIMMERA RIVER,LOCHIEL RAILWAY BRIDGE
415247,WIMMERA RIVER @ TARRANYURK,"36°12'14.9""S","141°59'55.9""E",TRUE,81.489,Wimmera Avon,WIMMERA RIVER,TARRANYURK
415248,MCKENZIE CREEK @ D/S OF SEWERAGE OUTLET,"36°44'51.5""S","142°08'33.3""E",FALSE,124.095,Wimmera Avon,MCKENZIE CREEK,SEWERAGE OUTLET
415249,BUNGALALLY CREEK @ MCKENZIE CREEK,"36°48'48.0""S","142°12'18.0""E",FALSE,143.399,Wimmera Avon,BUNGALALLY CREEK,MCKENZIE CREEK
415250,FYANS CREEK @ FYANS CREEK,"37°06'27.1""S","142°33'33.7""E",TRUE,205.725,Wimmera Avon,FYANS CREEK,FYANS CREEK
415251,MACKENZIE RIVER @ MCKENZIE CREEK,"36°48'29.6""S","142°10'45.6""E",TRUE,133.35,Wimmera Avon,MACKENZIE RIVER,MCKENZIE CREEK
415252,MOUNT WILLIAM CREEK @ MOKEPILLY,"37°05'47.5""S","142°37'35.4""E",TRUE,191.376,Wimmera Avon,MOUNT WILLIAM CREEK,MOKEPILLY
415254,WIMMERA RIVER @ LOWER NORTON - TOP PROBE,"36°46'36.0""S","142°03'42.0""E",FALSE,118.764,Wimmera Avon,WIMMERA RIVER,LOWER NORTON - TOP PROBE
415255,WIMMERA RIVER @ U/S OF DIMBOOLA (BIG BEND) - TOP PROBE,"36°33'11.5""S","142°00'44.4""E",FALSE,105.822,Wimmera Avon,WIMMERA RIVER,DIMBOOLA (BIG BEND) - TOP PROBE
415256,WIMMERA RIVER @ U/S OF DIMBOOLA,"36°33'37.3""S","142°00'35.5""E",TRUE,102.365,Wimmera Avon,WIMMERA RIVER,DIMBOOLA
415257,RICHARDSON RIVER @ DONALD,"36°25'42.3""S","142°59'03.1""E",TRUE,109.574,Wimmera Avon,RICHARDSON RIVER,DONALD
415258,WIMMERA RIVER @ U/S OF GLENORCHY WEIR,"36°55'00.4""S","142°43'16.5""E",FALSE,177.127,Wimmera Avon,WIMMERA RIVER,GLENORCHY WEIR
415259,RICHARDSON RIVER @ BANYENA,"36°34'16.8""S","142°49'31.5""E",TRUE,124.931,Wimmera Avon,RICHARDSON RIVER,BANYENA
415260,RICHARDSON RIVER @ U/S RICHAVON WEIR,"36°30'16.0""S","142°52'51.9""E",TRUE,121.452,Wimmera Avon,RICHARDSON RIVER,RICHAVON WEIR
415261,WIMMERA RIVER @ QUANTONG,"36°44'00.2""S","142°00'11.6""E",TRUE,110.673,Wimmera Avon,WIMMERA RIVER,QUANTONG
415263,SALT CREEK @ EAST BRANCH GREAT WESTERN,"37°08'41.8""S","142°55'27.9""E",FALSE,268.515,Wimmera Avon,SALT CREEK,EAST BRANCH GREAT WESTERN
415264,SALT CREEK @ WEST BRANCH GREAT WESTERN,"37°08'42.6""S","142°55'26.9""E",FALSE,267.679,Wimmera Avon,SALT CREEK,WEST BRANCH GREAT WESTERN
415272,GLENLOFTY CREEK @ GLENLOFTY,"37°07'49.8""S","143°11'06.4""E",FALSE,319.937,Wimmera Avon,GLENLOFTY CREEK,GLENLOFTY
415273,NORTON CREEK @ LOWER NORTON,"36°46'50.4""S","142°04'26.5""E",TRUE,119.85,Wimmera Avon,NORTON CREEK,LOWER NORTON
415275,FRANKS GULLY CREEK @ LANDSBOROUGH RES. H.G.,"37°01'45.1""S","143°08'21.0""E",TRUE,275.803,Wimmera Avon,FRANKS GULLY CREEK,LANDSBOROUGH RES. H.G.
415290,RICHARDSON RIVER @ DONALD TOWNSHIP (CAMP ST),"36°22'15.7""S","142°58'42.2""E",TRUE,110.771,Wimmera Avon,RICHARDSON RIVER,DONALD TOWNSHIP (CAMP ST)
415291,WIMMERA RIVER @ HUDDLESTONE WEIR,"36°51'18.7""S","142°32'13.4""E",TRUE,154.467,Wimmera Avon,WIMMERA RIVER,HUDDLESTONE WEIR
415293,YARRIAMBIACK CREEK @ WARRACKNABEAL,"36°14'29.9""S","142°23'29.9""E",TRUE,108.544,Wimmera Avon,YARRIAMBIACK CREEK,WARRACKNABEAL
415600,LAKE HINDMARSH @ JEPARIT,"36°07'50.3""S","141°57'16.9""E",TRUE,79.171,Wimmera Avon,LAKE HINDMARSH,JEPARIT
415601,LAKE ALBACUTYA @ RAINBOW,"35°48'11.5""S","141°57'10.4""E",TRUE,68.064,Wimmera Avon,LAKE ALBACUTYA,RAINBOW
415602,LAKE NATIMUK @ HORSHAM,"36°42'56.1""S","141°56'27.1""E",FALSE,112.235,Wimmera Avon,LAKE NATIMUK,HORSHAM
415604,LAKE BULOKE @ DONALD,"36°18'15.5""S","142°59'11.9""E",FALSE,104.994,Wimmera Avon,LAKE BULOKE,DONALD
415605,MOUNT COLE RESERVIOR @ LOOKOUT TOWER,"37°16'60.0""S","143°12'00.0""E",TRUE,735.857,Wimmera Avon,MOUNT COLE RESERVIOR,LOOKOUT TOWER
415606,DOCK LAKE,"36°46'03.1""S","142°17'28.4""E",FALSE,134.03,Wimmera Avon,DOCK LAKE,
415607,PINE LAKE,"36°46'14.2""S","142°20'02.6""E",FALSE,136.655,Wimmera Avon,PINE LAKE,
415608,TAYLORS LAKE,"36°45'45.5""S","142°22'47.2""E",TRUE,142.717,Wimmera Avon,TAYLORS LAKE,
415609,LAKE BATYO CATYO,"36°30'30.6""S","142°55'57.1""E",FALSE,121.214,Wimmera Avon,LAKE BATYO CATYO,
415610,LAKE FYANS,"37°08'05.3""S","142°36'38.0""E",TRUE,203.545,Wimmera Avon,LAKE FYANS,
415611,TELFERS SWAMP @ SOUTHERN SHORE,"36°40'00.0""S","141°49'60.0""E",FALSE,113.931,Wimmera Avon,TELFERS SWAMP,SOUTHERN SHORE
415612,GREEN LAKE @ (NEAR HORSHAM),"36°47'14.6""S","142°17'25.3""E",TRUE,132.524,Wimmera Avon,GREEN LAKE,(NEAR HORSHAM)
415620,LAKE TOOLONDO HG @ LAKE TOOLONDO,"36°59'35.1""S","141°56'26.1""E",TRUE,163.798,Wimmera Avon,LAKE TOOLONDO HG,LAKE TOOLONDO
415702,MAIN CHANNEL INLET CHANNEL @ GLENORCHY,"36°54'56.5""S","142°38'39.2""E",FALSE,172.159,Wimmera Avon,MAIN CHANNEL INLET CHANNEL,GLENORCHY
415703,MAIN CENTRAL OUTLET CHANNEL @ GLENORCHY,"36°52'54.0""S","142°37'36.0""E",FALSE,164.734,Wimmera Avon,MAIN CENTRAL OUTLET CHANNEL,GLENORCHY
415704,WANNON DIVERSION PIPELINE @ OUTLET,"37°17'13.6""S","142°32'17.1""E",TRUE,420.708,Wimmera Avon,WANNON DIVERSION PIPELINE,OUTLET
415705,BYPASS CHANNEL @ LAKE LONSDALE,"37°02'03.4""S","142°35'07.0""E",TRUE,183.683,Wimmera Avon,BYPASS CHANNEL,LAKE LONSDALE
415706,BURNT CREEK @ OBERGANG,"36°49'40.9""S","142°19'54.6""E",TRUE,149.948,Wimmera Avon,BURNT CREEK,OBERGANG
415707,WIMMERA INLET CHANNEL @ MCKENZIES DROP,"36°50'06.4""S","142°23'40.5""E",TRUE,149.877,Wimmera Avon,WIMMERA INLET CHANNEL,MCKENZIES DROP
415711,DUNMANKLE CHANNEL @ GLENORCHY,"36°50'56.3""S","142°37'53.5""E",FALSE,160.664,Wimmera Avon,DUNMANKLE CHANNEL,GLENORCHY
415713,GOSCHEN CHANNEL @ D/S OFFTAKE,"35°59'30.5""S","143°16'23.1""E",FALSE,101.198,Wimmera Avon,GOSCHEN CHANNEL,FTAKE
415714,CHARLTON CHANNEL @ MCKEWS,"36°27'06.7""S","143°09'18.0""E",FALSE,154.895,Wimmera Avon,CHARLTON CHANNEL,MCKEWS
415726,TAYLORS LAKE @ CHANNEL OUTFALL MARMA STATE FOREST,"36°42'26.9""S","142°24'53.3""E",FALSE,137.485,Wimmera Avon,TAYLORS LAKE,CHANNEL OUTFALL MARMA STATE FOREST
415800,WEATHER STATION @ WARTOOK RESERVOIR,"37°05'36.1""S","142°26'04.4""E",TRUE,441.81,Wimmera Avon,WEATHER STATION,WARTOOK RESERVOIR
415801,WEATHER STATION @ BELLFIELD RESERVOIR,"37°10'23.7""S","142°32'51.3""E",TRUE,274.375,Wimmera Avon,WEATHER STATION,BELLFIELD RESERVOIR
425017,DARLING RIVER @ WENTWORTH,"34°05'35.3""S","141°54'49.1""E",TRUE,32.89,Mallee,DARLING RIVER,WENTWORTH
426200,MURRAY RIVER @ BELOW RUFUS RIVER. OPERATIONAL TABLES,"34°03'43.9""S","141°14'41.2""E",TRUE,20.995,Mallee,MURRAY RIVER,BELOW RUFUS RIVER. OPERATIONAL TABLES
426201,MURRAY RIVER @ 1.9 KM D/S OF LOCK 7,"34°04'17.0""S","141°14'06.4""E",FALSE,20.601,Mallee,MURRAY RIVER,1.9 KM D/S OF LOCK 7
426502,RUFUS RIVER @ LAKE VICTORIA OUTLET,"34°02'56.4""S","141°16'34.9""E",TRUE,24.559,Mallee,RUFUS RIVER,LAKE VICTORIA OUTLET